unit,ring,lon,lat
Burgenland,1,15.99728683766434,46.83575189263528
Burgenland,1,16.014586929659945,46.83623734244212
Burgenland,1,16.03344700228367,46.83304976866632
Burgenland,1,16.052276054620023,46.83759693756869
Burgenland,1,16.066698041939137,46.850228052445864
Burgenland,1,16.097101017838465,46.864433666916376
Burgenland,1,16.119792880376707,46.872266323495786
Burgenland,1,16.14627004275816,46.88644009235571
Burgenland,1,16.159561126733166,46.897640615472106
Burgenland,1,16.180304438920547,46.9069977948212
Burgenland,1,16.20098906944342,46.94215436405644
Burgenland,1,16.21111924585703,46.9428580676271
Burgenland,1,16.218680137031374,46.94123396625963
Burgenland,1,16.230187718784002,46.941689956330336
Burgenland,1,16.238720924149206,46.94729470896666
Burgenland,1,16.243867312581603,46.956354198974566
Burgenland,1,16.270419955644357,46.96155217064943
Burgenland,1,16.282986058218583,46.999685550600525
Burgenland,1,16.299714275006014,47.009866525568015
Burgenland,1,16.342856986340205,46.99652453107978
Burgenland,1,16.360742258777556,47.00591940579719
Burgenland,1,16.3775406056335,47.000479929004264
Burgenland,1,16.418162324641838,47.00174826275439
Burgenland,1,16.446602658854378,46.99356422045267
Burgenland,1,16.460311129902273,47.000945957546826
Burgenland,1,16.474968636729816,46.99774223225126
Burgenland,1,16.498143144865494,46.998555964037976
Burgenland,1,16.507148993957856,47.0019374450486
Burgenland,1,16.50980914373715,47.00396741048943
Burgenland,1,16.48331542392934,47.02303185702594
Burgenland,1,16.464763548969355,47.03260782165424
Burgenland,1,16.44130935904544,47.03626352962092
Burgenland,1,16.469805784994154,47.043612806606895
Burgenland,1,16.49891447973729,47.048842718011
Burgenland,1,16.521614027676065,47.06190577394596
Burgenland,1,16.483877412605313,47.07242554920386
Burgenland,1,16.4758649920196,47.08568653143308
Burgenland,1,16.464465697988487,47.09533372904405
Burgenland,1,16.472861501712636,47.10242922448298
Burgenland,1,16.484016322365584,47.109130703394534
Burgenland,1,16.529925685216032,47.13768947130151
Burgenland,1,16.49160773864264,47.14923754783979
Burgenland,1,16.450967175681765,47.1459107612176
Burgenland,1,16.4593757267439,47.15762478014218
Burgenland,1,16.46176361578784,47.16723804496144
Burgenland,1,16.454234689470177,47.18664318623225
Burgenland,1,16.43040725494303,47.1850556794534
Burgenland,1,16.420082281247982,47.211004336914954
Burgenland,1,16.437734887834406,47.210327697961866
Burgenland,1,16.439302208025396,47.230281430624224
Burgenland,1,16.442914486708418,47.24898524088854
Burgenland,1,16.44771927065527,47.2537549646483
Burgenland,1,16.48109439443657,47.26295967034609
Burgenland,1,16.484846112983256,47.278256899274574
Burgenland,1,16.47594604758676,47.31254008377124
Burgenland,1,16.465687333352307,47.33425245207181
Burgenland,1,16.43486697802618,47.35322797917677
Burgenland,1,16.452316527779608,47.361476901010306
Burgenland,1,16.4525660064799,47.38012306103299
Burgenland,1,16.450645317936708,47.395089792333934
Burgenland,1,16.475697018547766,47.40940759911635
Burgenland,1,16.486221492329204,47.40266592529967
Burgenland,1,16.48998136372706,47.39489175517904
Burgenland,1,16.511130807961777,47.396930871916965
Burgenland,1,16.51807211307312,47.41099701754088
Burgenland,1,16.53673257895448,47.40951274070817
Burgenland,1,16.57691868354604,47.40676173648501
Burgenland,1,16.583905915274855,47.41718212379266
Burgenland,1,16.58965405995952,47.42120543645126
Burgenland,1,16.597989221290625,47.423064401800346
Burgenland,1,16.612982569888942,47.43203196533579
Burgenland,1,16.62871912892436,47.44250868441804
Burgenland,1,16.650288271056496,47.45171310373322
Burgenland,1,16.66936751491797,47.4796859060688
Burgenland,1,16.670132468780537,47.503951392911034
Burgenland,1,16.70437140875114,47.53363992681207
Burgenland,1,16.70533392874221,47.54615535221413
Burgenland,1,16.690090472317667,47.55990274880676
Burgenland,1,16.664341921687775,47.569118809039175
Burgenland,1,16.676295265063285,47.58293003593803
Burgenland,1,16.660737174941104,47.606527669655826
Burgenland,1,16.57371316686247,47.62027902942635
Burgenland,1,16.515622091673105,47.6465686712112
Burgenland,1,16.49380798133989,47.64268548224109
Burgenland,1,16.45261653081066,47.65615763961244
Burgenland,1,16.44448160162578,47.674532778273836
Burgenland,1,16.455162990847683,47.69727574717547
Burgenland,1,16.475890329126127,47.681694950665474
Burgenland,1,16.494888310004274,47.69914966385775
Burgenland,1,16.5181020140028,47.707356187548925
Burgenland,1,16.545788542357755,47.71749229350873
Burgenland,1,16.53875809956145,47.74043621580536
Burgenland,1,16.54916886765242,47.75198828344212
Burgenland,1,16.5999724428445,47.75656816381203
Burgenland,1,16.639571013975978,47.75499532924878
Burgenland,1,16.672760215703754,47.74087011863126
Burgenland,1,16.82955286777542,47.68315865300909
Burgenland,1,16.8700555021937,47.72177061167453
Burgenland,1,16.977687606512422,47.69490765907637
Burgenland,1,17.071532600349787,47.728629634681404
Burgenland,1,17.065060640224782,47.77824877786438
Burgenland,1,17.054831001804043,47.79799226063916
Burgenland,1,17.062103954269997,47.82318052884819
Burgenland,1,17.052813089014524,47.83834360860348
Burgenland,1,17.04130986237872,47.867257266939255
Burgenland,1,17.081709897251695,47.874900163291294
Burgenland,1,17.10402110679117,47.910903500982464
Burgenland,1,17.118271003515616,47.96134913045396
Burgenland,1,17.135481647769605,47.994444861649384
Burgenland,1,17.14359992483609,48.019991784015616
Burgenland,1,17.118680359558645,48.02870499559528
Burgenland,1,17.068699162638946,48.031893031515295
Burgenland,1,17.088077964876753,48.06582461968443
Burgenland,1,17.0761400080609,48.08310820763877
Burgenland,1,17.09261168024504,48.09103231826853
Burgenland,1,17.07870345810023,48.10642072718509
Burgenland,1,17.074065280097436,48.11500134491733
Burgenland,1,17.045103656746146,48.104096035745556
Burgenland,1,17.029515044133102,48.10004560093035
Burgenland,1,16.99893301415213,48.10965124049559
Burgenland,1,16.97985517105141,48.104191841093225
Burgenland,1,17.010689211309742,48.07979397180393
Burgenland,1,16.980507440914533,48.02391216869162
Burgenland,1,16.97023429583488,48.02664985200596
Burgenland,1,16.976312270935765,48.03572559347539
Burgenland,1,16.935010534254324,48.04877412125785
Burgenland,1,16.92136380052142,48.063930130816225
Burgenland,1,16.897264779135767,48.07299897211329
Burgenland,1,16.88358989647995,48.06868943142383
Burgenland,1,16.8710056443845,48.071177709762885
Burgenland,1,16.863175106787377,48.064838578537525
Burgenland,1,16.86042742250577,48.058446849009044
Burgenland,1,16.851880019481328,48.05770412439328
Burgenland,1,16.844949433645798,48.05173933543582
Burgenland,1,16.84317859904427,48.04925460793295
Burgenland,1,16.84217383541583,48.044913050728155
Burgenland,1,16.8324407188889,48.042640911686824
Burgenland,1,16.835180670382552,48.03937603534791
Burgenland,1,16.829109115339005,48.02879580469981
Burgenland,1,16.811024183175974,48.028467568444675
Burgenland,1,16.802950995634134,48.027693102069165
Burgenland,1,16.783293824838232,48.023583019244604
Burgenland,1,16.762321405198207,48.01621430914826
Burgenland,1,16.754984351852084,48.01346928200637
Burgenland,1,16.748997739185786,48.01505993692394
Burgenland,1,16.743516738277297,48.013598244918526
Burgenland,1,16.74055043656973,48.01135834778084
Burgenland,1,16.72732717046251,48.009665532220794
Burgenland,1,16.70643323665409,48.01014723487654
Burgenland,1,16.697414551607597,47.98856795426962
Burgenland,1,16.703703851953662,47.972902609065265
Burgenland,1,16.690273937414826,47.96425488483154
Burgenland,1,16.665920850868762,47.957325257668636
Burgenland,1,16.634579767877607,47.94613005636683
Burgenland,1,16.602291479971136,47.90602509763168
Burgenland,1,16.57497389078173,47.89198617315085
Burgenland,1,16.55747511230177,47.90281403530082
Burgenland,1,16.51988033942884,47.9440344671095
Burgenland,1,16.513212491026508,47.94145804934298
Burgenland,1,16.505247090263538,47.94016421875045
Burgenland,1,16.500942883951,47.94072375491961
Burgenland,1,16.486961838019145,47.94267662721918
Burgenland,1,16.4716045602529,47.93761896831478
Burgenland,1,16.446785150106344,47.93018328700815
Burgenland,1,16.428270669090068,47.916094111999094
Burgenland,1,16.420896265465856,47.90655969983259
Burgenland,1,16.421149718829138,47.89513751458847
Burgenland,1,16.417402724783383,47.89089937524584
Burgenland,1,16.401481180878992,47.87643318378929
Burgenland,1,16.383290849163387,47.87564092237672
Burgenland,1,16.349159711251062,47.868607797554546
Burgenland,1,16.378363345675133,47.827776325681015
Burgenland,1,16.351098447310353,47.810655364674716
Burgenland,1,16.332884149889594,47.80108404559563
Burgenland,1,16.312042833683186,47.79733447520475
Burgenland,1,16.287054333613092,47.81191497106937
Burgenland,1,16.275191352450875,47.7907870933576
Burgenland,1,16.304798382471066,47.78533267967692
Burgenland,1,16.300574536584907,47.74927412609108
Burgenland,1,16.29227635442966,47.729152400476806
Burgenland,1,16.31195526552007,47.69407141588187
Burgenland,1,16.339529904894803,47.68025375705566
Burgenland,1,16.357852610295183,47.67996625927346
Burgenland,1,16.370857298059562,47.647946483411076
Burgenland,1,16.373431673099983,47.627951259159964
Burgenland,1,16.349125714587313,47.61661015729819
Burgenland,1,16.349461397279548,47.605597507657514
Burgenland,1,16.329622242216285,47.59654128812335
Burgenland,1,16.320635683556993,47.569882937732736
Burgenland,1,16.310560747928577,47.54622598731757
Burgenland,1,16.338880198824075,47.526443087077155
Burgenland,1,16.327166049327076,47.5009862660785
Burgenland,1,16.31312831657594,47.4893811350915
Burgenland,1,16.307104968196136,47.480769869727204
Burgenland,1,16.292596067128873,47.465124113153614
Burgenland,1,16.26545831405005,47.452964703608885
Burgenland,1,16.242976305752922,47.43756315512305
Burgenland,1,16.17922114375872,47.4242960035387
Burgenland,1,16.14467520132907,47.41704750144773
Burgenland,1,16.114066912028573,47.41400194661859
Burgenland,1,16.108711335034197,47.402274893166776
Burgenland,1,16.09407882359373,47.39055322779122
Burgenland,1,16.097820925358153,47.40692235372321
Burgenland,1,16.079556901921503,47.40564937156049
Burgenland,1,16.06591275847164,47.394555088640686
Burgenland,1,16.043448457423132,47.3828117311868
Burgenland,1,16.022181496396737,47.36436070772667
Burgenland,1,16.027484632634533,47.360154778259165
Burgenland,1,16.035277535143308,47.356839461623146
Burgenland,1,16.03759825510358,47.351450077154624
Burgenland,1,16.038221120444845,47.34533474149247
Burgenland,1,16.04324301540087,47.339776200343145
Burgenland,1,16.052141845308608,47.332436605396694
Burgenland,1,16.04848277376312,47.327760171639966
Burgenland,1,16.05379887547627,47.323689856378344
Burgenland,1,16.052562710710315,47.31871321603234
Burgenland,1,16.057262087533132,47.317846383867874
Burgenland,1,16.059106174781874,47.307176347450444
Burgenland,1,16.061135462720188,47.30203942218282
Burgenland,1,16.059992341205902,47.29613686526767
Burgenland,1,16.064729165540584,47.292834313696176
Burgenland,1,16.06669339231554,47.28350880312393
Burgenland,1,16.07747697178278,47.273204835884556
Burgenland,1,16.082363957066345,47.26531934902616
Burgenland,1,16.081842779162614,47.26238180910278
Burgenland,1,16.079996896752586,47.259097885932924
Burgenland,1,16.082177961398507,47.25203020787333
Burgenland,1,16.08596791092098,47.24619883765319
Burgenland,1,16.086449429186526,47.24111131434824
Burgenland,1,16.087613313126273,47.233938222757295
Burgenland,1,16.083279417722544,47.22842709663884
Burgenland,1,16.086134662725655,47.22486267069583
Burgenland,1,16.087051146643553,47.22129114187416
Burgenland,1,16.086631383096922,47.21662149119926
Burgenland,1,16.089867884033186,47.21094241249209
Burgenland,1,16.094617601871665,47.20412689493637
Burgenland,1,16.095361691416134,47.199345883314265
Burgenland,1,16.096621286577978,47.19518754474843
Burgenland,1,16.09997577236668,47.189626339067104
Burgenland,1,16.103295071033486,47.1834955206947
Burgenland,1,16.106664348955558,47.17653887434035
Burgenland,1,16.10791620084301,47.170224960535485
Burgenland,1,16.111794054907715,47.16366015497827
Burgenland,1,16.112892123451296,47.153359822157206
Burgenland,1,16.116147870567843,47.14805249940981
Burgenland,1,16.115878656482774,47.140959312689304
Burgenland,1,16.107649031720484,47.12094787142505
Burgenland,1,16.105813285728438,47.11710529090675
Burgenland,1,16.09617306026556,47.1134399299962
Burgenland,1,16.093725453489,47.09922294011091
Burgenland,1,16.091388752487873,47.08240257339132
Burgenland,1,16.09053515523472,47.0758671804299
Burgenland,1,16.093976648005356,47.069563146575064
Burgenland,1,16.105758597340394,47.061132833104956
Burgenland,1,16.118205373303127,47.04919775676847
Burgenland,1,16.120425692754345,47.04290337451997
Burgenland,1,16.117804110706466,47.03922076997824
Burgenland,1,16.12004789166511,47.03298814103887
Burgenland,1,16.115388939681996,47.02998204061671
Burgenland,1,16.123463656344157,47.025241767031645
Burgenland,1,16.12645883884114,47.022563219377865
Burgenland,1,16.141194484640206,47.00945001339036
Burgenland,1,16.143083424103324,47.00329259272157
Burgenland,1,16.144340240554484,46.9981055010848
Burgenland,1,16.147608123989226,46.99920379308828
Burgenland,1,16.148921772102472,46.99499903298669
Burgenland,1,16.153671351322902,46.99196353391146
Burgenland,1,16.148149323685047,46.99289681738106
Burgenland,1,16.119703235736637,46.980452772191526
Burgenland,1,16.108018071639975,46.97235627332088
Burgenland,1,16.105130452088083,46.96159421461044
Burgenland,1,16.09624731433048,46.954001058978285
Burgenland,1,16.078458525828264,46.934376983345324
Burgenland,1,16.052469907648753,46.909044218839085
Burgenland,1,16.032272092794884,46.893104278829924
Burgenland,1,16.009414269990213,46.85829850903183
Burgenland,1,16.00046277911141,46.83808927064078
Burgenland,1,15.99728683766434,46.83575189263528
Kärnten,2,13.785429953975212,46.94429481447807
Kärnten,2,13.775178419426938,46.95308388795069
Kärnten,2,13.775131034524282,46.96903586304497
Kärnten,2,13.759147915180385,46.98962525332075
Kärnten,2,13.706821731678817,46.99633479904355
Kärnten,2,13.692841315848412,47.0095810776078
Kärnten,2,13.688240909025907,47.02956544740004
Kärnten,2,13.682746017888364,47.041665403235164
Kärnten,2,13.667631696469511,47.041075303316106
Kärnten,2,13.649742789066385,47.03963043002887
Kärnten,2,13.601325094717737,47.05531227538938
Kärnten,2,13.577848127218354,47.052864565272266
Kärnten,2,13.53718869695079,47.06478601347
Kärnten,2,13.510898239922946,47.070869930167916
Kärnten,2,13.439916570180738,47.078375767158356
Kärnten,2,13.407069639133038,47.06971143287075
Kärnten,2,13.380910626806115,47.093094849652445
Kärnten,2,13.333316089123487,47.09607957165456
Kärnten,2,13.310770843552188,47.08657081438144
Kärnten,2,13.27801999322882,47.09562276572454
Kärnten,2,13.240083188401556,47.07199894000532
Kärnten,2,13.197714341015699,47.04304148840367
Kärnten,2,13.156275115893665,47.03594771059137
Kärnten,2,13.101393580198874,47.025534931007165
Kärnten,2,13.081009485778845,47.02727945415798
Kärnten,2,13.049809964425274,47.022884060468726
Kärnten,2,13.021904937847584,47.03979800682228
Kärnten,2,12.986013307558625,47.03607663036127
Kärnten,2,12.957507267277066,47.04370305495854
Kärnten,2,12.943665254137004,47.06422574116365
Kärnten,2,12.91998775194717,47.082087572013286
Kärnten,2,12.871525037213969,47.086745991705
Kärnten,2,12.832409188257222,47.09119729507603
Kärnten,2,12.804554128221877,47.095993555068524
Kärnten,2,12.78223237669044,47.09347684792145
Kärnten,2,12.762424817125797,47.10051001122083
Kärnten,2,12.73629064642928,47.1119892149013
Kärnten,2,12.71240365871033,47.12546901549634
Kärnten,2,12.684531592098672,47.1226158932748
Kärnten,2,12.673579763375669,47.10976216673502
Kärnten,2,12.680477368822174,47.087529472524984
Kärnten,2,12.695106399001613,47.07462019460812
Kärnten,2,12.734220246874717,47.0421415962523
Kärnten,2,12.77290713392549,47.04063211422661
Kärnten,2,12.7428987122069,47.01501892237581
Kärnten,2,12.725259034096231,46.996264018849644
Kärnten,2,12.74170703520946,46.96946262367686
Kärnten,2,12.7601957547776,46.95708312356225
Kärnten,2,12.787035542598334,46.940031614922944
Kärnten,2,12.817897088248165,46.920964810721806
Kärnten,2,12.837688793407676,46.91295501756857
Kärnten,2,12.842545610723135,46.89344087177177
Kärnten,2,12.871906893354625,46.84928129662836
Kärnten,2,12.89456477880916,46.833233207376374
Kärnten,2,12.92506971347544,46.81475016169965
Kärnten,2,12.966639950513802,46.78999994691899
Kärnten,2,12.947464530754134,46.7769425669603
Kärnten,2,12.911083360674484,46.77272327202245
Kärnten,2,12.85746602140747,46.76061512701891
Kärnten,2,12.822964922450131,46.75043379072346
Kärnten,2,12.802240195631848,46.757124243900165
Kärnten,2,12.77763968990016,46.75254196536038
Kärnten,2,12.748810712298814,46.74789735372608
Kärnten,2,12.720412504154286,46.741820261594846
Kärnten,2,12.722124831513923,46.70339139959705
Kärnten,2,12.694162315245128,46.6935612651392
Kärnten,2,12.684327167287895,46.680469500018376
Kärnten,2,12.69123204591661,46.657410895008994
Kärnten,2,12.727398169362507,46.64085383185751
Kärnten,2,12.738354747810387,46.63531077250272
Kärnten,2,12.763195454749106,46.64838565381878
Kärnten,2,12.797113473937204,46.638432025991726
Kärnten,2,12.815990744546447,46.63048209199729
Kärnten,2,12.837895143028971,46.62768441915174
Kärnten,2,12.85332343470152,46.60503802705393
Kärnten,2,12.878004060205736,46.609600405819286
Kärnten,2,12.910666467335767,46.610100596053755
Kärnten,2,12.94021850104437,46.605968732711034
Kärnten,2,12.96731030783429,46.605543728322345
Kärnten,2,12.999784288156466,46.60289610979766
Kärnten,2,13.022131987820655,46.602646801838844
Kärnten,2,13.047258950212003,46.59572016111587
Kärnten,2,13.079594047239947,46.59956628952938
Kärnten,2,13.097337742387126,46.597738058852386
Kärnten,2,13.138331348187931,46.591697802784324
Kärnten,2,13.169256993817685,46.58931611411932
Kärnten,2,13.193883841546063,46.57275763392888
Kärnten,2,13.218010531379166,46.5709064966346
Kärnten,2,13.233218061422608,46.554033617435465
Kärnten,2,13.249471206586998,46.559572474807695
Kärnten,2,13.285956536715883,46.55749299454811
Kärnten,2,13.315884340721896,46.552817792402855
Kärnten,2,13.332722656827304,46.55986780942791
Kärnten,2,13.345398563504158,46.5704058228808
Kärnten,2,13.369074257098433,46.574182609693416
Kärnten,2,13.410541986014987,46.57246317489116
Kärnten,2,13.446737820958473,46.5569133506982
Kärnten,2,13.50494956559158,46.56670724414735
Kärnten,2,13.515621068563878,46.54902691230501
Kärnten,2,13.558216143736356,46.551650801472036
Kärnten,2,13.57162263572302,46.53924510783035
Kärnten,2,13.592711479000888,46.54656103448133
Kärnten,2,13.62362446970279,46.54253937836507
Kärnten,2,13.65916403819502,46.52967552554839
Kärnten,2,13.681133773246957,46.52207824910678
Kärnten,2,13.714410495683948,46.5233849285928
Kärnten,2,13.75482809569977,46.51842878712496
Kärnten,2,13.792708316463367,46.50830522210598
Kärnten,2,13.818053064087392,46.5104937732679
Kärnten,2,13.832026513748517,46.51905557562047
Kärnten,2,13.872177112499617,46.51959206837288
Kärnten,2,13.912796675708409,46.521513278101686
Kärnten,2,13.970405711563306,46.4971952678283
Kärnten,2,13.998672516558505,46.487340694095245
Kärnten,2,14.031808319523302,46.48723158076288
Kärnten,2,14.095416655378493,46.48530595746821
Kärnten,2,14.121150728590088,46.474544676781456
Kärnten,2,14.135976625497367,46.45894417366055
Kärnten,2,14.155420999794641,46.43604197910533
Kärnten,2,14.19011250626336,46.44101816618104
Kärnten,2,14.213284495717065,46.440280557893566
Kärnten,2,14.227776510121013,46.43624484321078
Kärnten,2,14.265294220704819,46.43863366496811
Kärnten,2,14.308949815339883,46.43098891474422
Kärnten,2,14.365633934572358,46.43859049902469
Kärnten,2,14.410495977722682,46.446742178873954
Kärnten,2,14.439187566632397,46.443258424378804
Kärnten,2,14.435950601767706,46.431553632830635
Kärnten,2,14.452317529582126,46.42282395952944
Kärnten,2,14.479635763417692,46.41384780152874
Kärnten,2,14.503444162528522,46.420651898009545
Kärnten,2,14.532888988502878,46.41496298459114
Kärnten,2,14.551508030087552,46.39641635030257
Kärnten,2,14.566978331968222,46.375374112525215
Kärnten,2,14.586972129353319,46.3926012200143
Kärnten,2,14.589487105803908,46.414737084774764
Kärnten,2,14.596244597852811,46.433571673575244
Kärnten,2,14.613932522505236,46.44013830876844
Kärnten,2,14.653226965077526,46.4453423581485
Kärnten,2,14.680154663467352,46.45817340546114
Kärnten,2,14.690199037098791,46.46476995507778
Kärnten,2,14.698425202311402,46.474827927873875
Kärnten,2,14.71145006901127,46.49300593880468
Kärnten,2,14.736015265462632,46.49786558360379
Kärnten,2,14.74920529468002,46.49795694039602
Kärnten,2,14.78180068304383,46.50179141289769
Kärnten,2,14.820175929919651,46.519851294557995
Kärnten,2,14.823549466755411,46.53268112092881
Kärnten,2,14.823897466016671,46.54359631518165
Kärnten,2,14.833129686625323,46.54883363175452
Kärnten,2,14.835389809972973,46.563579529830854
Kärnten,2,14.841134327703351,46.57312877282753
Kärnten,2,14.857429311280468,46.59251914748642
Kärnten,2,14.867441713198726,46.60367407563579
Kärnten,2,14.887508466833198,46.61310568542044
Kärnten,2,14.905021540552635,46.6075143568114
Kärnten,2,14.920453214724175,46.602438041619074
Kärnten,2,14.921318035310396,46.61660923068846
Kärnten,2,14.937877583582187,46.62053464143808
Kärnten,2,14.968005732333548,46.628158702055146
Kärnten,2,14.985489794480339,46.60399180810135
Kärnten,2,15.008775733383562,46.63377722700949
Kärnten,2,15.034934589887028,46.64929319188906
Kärnten,2,15.055028968100316,46.66122578343277
Kärnten,2,15.04458087860489,46.667573213766815
Kärnten,2,15.025949804408798,46.67652555417272
Kärnten,2,15.038647259466469,46.71088616865628
Kärnten,2,15.040499871659064,46.7327882777121
Kärnten,2,15.03242053408795,46.74612335510386
Kärnten,2,15.031475553440345,46.769669183365046
Kärnten,2,14.984806292817515,46.782072697151825
Kärnten,2,14.98863371386063,46.80982420363895
Kärnten,2,15.020553290480768,46.84464166678193
Kärnten,2,15.00903563747531,46.87999767475633
Kärnten,2,15.028410256464785,46.90699093888137
Kärnten,2,15.018301951229185,46.92287773042386
Kärnten,2,14.997851350697589,46.93143083333559
Kärnten,2,14.990145632113975,46.94508437123867
Kärnten,2,14.973561361615715,46.96905409666109
Kärnten,2,14.950250285675276,46.99340163189953
Kärnten,2,14.88282168383283,47.01657227105237
Kärnten,2,14.841022939752355,47.042699732879974
Kärnten,2,14.825585995457676,47.04817126317784
Kärnten,2,14.808574799679,47.03936751684128
Kärnten,2,14.783676302119066,47.0378016702317
Kärnten,2,14.7423135001784,47.03075360084401
Kärnten,2,14.723493607791244,47.02103771372663
Kärnten,2,14.704900741308617,47.020332618942575
Kärnten,2,14.665737696296285,47.0187324783804
Kärnten,2,14.625663361597402,47.01252770132374
Kärnten,2,14.5876503637068,47.011934181322594
Kärnten,2,14.551487238910749,47.01199765152465
Kärnten,2,14.51736828939445,47.010219207556446
Kärnten,2,14.50404184147953,47.019439636999365
Kärnten,2,14.478809309435638,47.0198237741798
Kärnten,2,14.460880994354815,47.01151084676479
Kärnten,2,14.460733745126875,47.00226393133743
Kärnten,2,14.446856774400533,46.99695844008896
Kärnten,2,14.43566861126999,46.998990736549686
Kärnten,2,14.42668293147203,46.99716264531274
Kärnten,2,14.396700068236653,46.980925256922035
Kärnten,2,14.385894882293105,46.98322350780981
Kärnten,2,14.377596880802914,46.994702874217985
Kärnten,2,14.383650256987318,47.014411092736566
Kärnten,2,14.36659523839251,47.02508436243836
Kärnten,2,14.329363035022359,47.03021903655679
Kärnten,2,14.30387160297004,47.02929080993431
Kärnten,2,14.28629447364778,47.02905495371339
Kärnten,2,14.265677110924132,47.0263487205946
Kärnten,2,14.236723106762318,47.028473450418986
Kärnten,2,14.223062760728476,47.05089865015258
Kärnten,2,14.204119523208893,47.07766042884641
Kärnten,2,14.17516687833443,47.062691841291546
Kärnten,2,14.148599588478117,47.05909318246024
Kärnten,2,14.129337986794239,47.0613003129388
Kärnten,2,14.124295402586819,47.04264397643088
Kärnten,2,14.102399042164754,47.03540816407686
Kärnten,2,14.075922023246617,47.01974482448242
Kärnten,2,14.037510340315933,47.00520209349009
Kärnten,2,14.015412487937336,47.0023116057294
Kärnten,2,14.01007604905036,46.975320774037534
Kärnten,2,13.981875477118399,46.96709842234792
Kärnten,2,13.95061109181722,46.95862871776023
Kärnten,2,13.935210905138959,46.94605051291086
Kärnten,2,13.897786219637068,46.92778737337649
Kärnten,2,13.879785573130295,46.918647368854344
Kärnten,2,13.856883752761545,46.91773714931577
Kärnten,2,13.83892342043061,46.91307975927428
Kärnten,2,13.816122795038227,46.91894492337823
Kärnten,2,13.794921063471197,46.935943135381535
Kärnten,2,13.785429953975212,46.94429481447807
Niederösterreich,3,17.068032487786684,48.11914731852426
Niederösterreich,3,17.069164773298468,48.12751960740529
Niederösterreich,3,17.062547579220055,48.13869055188572
Niederösterreich,3,17.023592824683334,48.14448328257357
Niederösterreich,3,16.977721175594297,48.18984754262476
Niederösterreich,3,16.95031743965748,48.2323722284013
Niederösterreich,3,16.94685949019355,48.271023971090806
Niederösterreich,3,16.90943612879896,48.28818728317526
Niederösterreich,3,16.89781529741602,48.31540552430098
Niederösterreich,3,16.895792189208862,48.331948107802184
Niederösterreich,3,16.870859926602993,48.34192253516604
Niederösterreich,3,16.860971791908543,48.349799750608746
Niederösterreich,3,16.84448577239558,48.35908026333497
Niederösterreich,3,16.83795256824903,48.3843565073473
Niederösterreich,3,16.85718086565517,48.396746905782976
Niederösterreich,3,16.85149840439063,48.449987858014794
Niederösterreich,3,16.865162983529995,48.45617190037551
Niederösterreich,3,16.881890271373432,48.477916947590266
Niederösterreich,3,16.897534987741107,48.486774508844746
Niederösterreich,3,16.912634090905705,48.49515205049911
Niederösterreich,3,16.915210194014403,48.51247509499991
Niederösterreich,3,16.94447303498095,48.52215122031032
Niederösterreich,3,16.95431272831256,48.546243841668435
Niederösterreich,3,16.939923120519218,48.56576045426152
Niederösterreich,3,16.94323068969331,48.60658312617198
Niederösterreich,3,16.91999226718569,48.62321845221051
Niederösterreich,3,16.92421138578576,48.63159538589048
Niederösterreich,3,16.92199976348783,48.645698119917235
Niederösterreich,3,16.924338972577477,48.670767565723104
Niederösterreich,3,16.918037760577278,48.70078892142406
Niederösterreich,3,16.90734245978434,48.715545814856554
Niederösterreich,3,16.88051092916136,48.723544517024116
Niederösterreich,3,16.828568984815906,48.71163668754665
Niederösterreich,3,16.801636467940366,48.70644986443872
Niederösterreich,3,16.78054414145154,48.71281734832991
Niederösterreich,3,16.764998208839707,48.71928937179046
Niederösterreich,3,16.75467884141331,48.721183917598246
Niederösterreich,3,16.736089314229957,48.731015797035596
Niederösterreich,3,16.728766787779062,48.7347527668868
Niederösterreich,3,16.70558157398985,48.7356153957846
Niederösterreich,3,16.681405331164434,48.734310999468896
Niederösterreich,3,16.67593954957081,48.772089040698695
Niederösterreich,3,16.66503187847441,48.78156941771058
Niederösterreich,3,16.63501699254696,48.78600145006337
Niederösterreich,3,16.611198925447145,48.781122791908004
Niederösterreich,3,16.56645194167961,48.79412270885152
Niederösterreich,3,16.534057485461922,48.8082377635944
Niederösterreich,3,16.519904823425097,48.79881186801261
Niederösterreich,3,16.465737295458357,48.81045782923066
Niederösterreich,3,16.46227786209153,48.80641636800598
Niederösterreich,3,16.44916713256545,48.79133701570718
Niederösterreich,3,16.436255152392,48.76619360902336
Niederösterreich,3,16.41480181556117,48.75448956876941
Niederösterreich,3,16.405583289700004,48.741088761735114
Niederösterreich,3,16.396436410361833,48.736918476993445
Niederösterreich,3,16.384324604352607,48.73379511313833
Niederösterreich,3,16.36770425218965,48.72860637959942
Niederösterreich,3,16.352687825179437,48.734206776107015
Niederösterreich,3,16.344058722711342,48.746185097521355
Niederösterreich,3,16.325814092157497,48.73244804801083
Niederösterreich,3,16.29786455763495,48.73822984949055
Niederösterreich,3,16.249933444277847,48.74019429794678
Niederösterreich,3,16.15518538754482,48.749360001942364
Niederösterreich,3,16.14015248612331,48.74332088142498
Niederösterreich,3,16.11324323375071,48.74644695601212
Niederösterreich,3,16.054037065828762,48.76159626825402
Niederösterreich,3,15.969628834598913,48.79754872561701
Niederösterreich,3,15.961078860643495,48.82037670205442
Niederösterreich,3,15.949104409122922,48.827270106605944
Niederösterreich,3,15.935758376454254,48.81969958672986
Niederösterreich,3,15.93210112015361,48.834148556896984
Niederösterreich,3,15.894421787709344,48.8352252748361
Niederösterreich,3,15.903996815805545,48.837996020091474
Niederösterreich,3,15.891349369772449,48.84367490309041
Niederösterreich,3,15.878064502109643,48.86012322319599
Niederösterreich,3,15.876138738503316,48.85560060964518
Niederösterreich,3,15.842709040881825,48.86263563075748
Niederösterreich,3,15.844130920247132,48.87520133137016
Niederösterreich,3,15.833933077299685,48.873232065896126
Niederösterreich,3,15.780701797220257,48.87548037473937
Niederösterreich,3,15.715878146793804,48.86025055195737
Niederösterreich,3,15.690847546733645,48.856272289243925
Niederösterreich,3,15.640068581713429,48.8878962551306
Niederösterreich,3,15.62074731316969,48.89621194183335
Niederösterreich,3,15.579140622010014,48.89646768862286
Niederösterreich,3,15.503150204928897,48.93658437405433
Niederösterreich,3,15.457026489992824,48.945898787902145
Niederösterreich,3,15.425884751267375,48.95222217493768
Niederösterreich,3,15.390158264581137,48.97316362590879
Niederösterreich,3,15.349508888420097,48.985397842569476
Niederösterreich,3,15.313215768519045,48.981374705346
Niederösterreich,3,15.291104874708637,48.99308458814962
Niederösterreich,3,15.282490681328376,48.979986447701336
Niederösterreich,3,15.268379303208572,48.964498117760265
Niederösterreich,3,15.262729650689476,48.95426943698465
Niederösterreich,3,15.22555348033835,48.960767702445416
Niederösterreich,3,15.201122218487972,48.95283280794241
Niederösterreich,3,15.166814450132328,48.944601680809924
Niederösterreich,3,15.162830776570038,48.953696426450826
Niederösterreich,3,15.16667919234645,48.97054407526867
Niederösterreich,3,15.154289953719427,48.97953968519945
Niederösterreich,3,15.159737603278193,48.990543251545446
Niederösterreich,3,15.130140412989784,48.99813619876085
Niederösterreich,3,15.10925283748471,48.999761891785255
Niederösterreich,3,15.065504567844354,49.004936322874066
Niederösterreich,3,15.055386097153361,49.016193778891285
Niederösterreich,3,15.021631054067413,49.02116661184622
Niederösterreich,3,14.997001860487627,49.01572404286453
Niederösterreich,3,14.996145451354076,48.993884163645596
Niederösterreich,3,14.985600587642367,48.98722163570896
Niederösterreich,3,14.97959338972193,48.975095630056025
Niederösterreich,3,14.981666742300831,48.94455682000641
Niederösterreich,3,14.984772888081098,48.933107083289116
Niederösterreich,3,14.987013458023622,48.920112492686414
Niederösterreich,3,14.988326663830039,48.89628700511775
Niederösterreich,3,14.974007617297401,48.87527751615793
Niederösterreich,3,14.98552219367997,48.84663629255784
Niederösterreich,3,14.969350809335907,48.83746019605128
Niederösterreich,3,14.95846641868662,48.811289051293635
Niederösterreich,3,14.954357500142805,48.79628571668674
Niederösterreich,3,14.97474842671554,48.78385110762465
Niederösterreich,3,14.981895667103613,48.77589765101175
Niederösterreich,3,14.969020657442236,48.76462366896901
Niederösterreich,3,14.951479724357567,48.76137800192631
Niederösterreich,3,14.920086154562433,48.769060232382856
Niederösterreich,3,14.897413638916339,48.772898356686255
Niederösterreich,3,14.887183982559705,48.77706045275559
Niederösterreich,3,14.858744417565138,48.77782362506051
Niederösterreich,3,14.849932089578825,48.781018789989965
Niederösterreich,3,14.83032610661463,48.781107399745295
Niederösterreich,3,14.810931958781502,48.7745677627622
Niederösterreich,3,14.804088934816752,48.75330965551321
Niederösterreich,3,14.802152020905837,48.73357300830296
Niederösterreich,3,14.786597107895222,48.7189510842408
Niederösterreich,3,14.741815896304933,48.701929165150766
Niederösterreich,3,14.719265126316971,48.66669957043045
Niederösterreich,3,14.723172124578763,48.63904115103911
Niederösterreich,3,14.71261433305749,48.594733171654724
Niederösterreich,3,14.707070179801152,48.585565889638325
Niederösterreich,3,14.692678191385882,48.58117809793845
Niederösterreich,3,14.722326905405147,48.57040595774711
Niederösterreich,3,14.7389850506083,48.557215739153776
Niederösterreich,3,14.748613424459872,48.5604084119209
Niederösterreich,3,14.767682363008918,48.55879205672732
Niederösterreich,3,14.788522329673352,48.55877739517117
Niederösterreich,3,14.813424400948543,48.55371634884377
Niederösterreich,3,14.85027653811481,48.53618180945414
Niederösterreich,3,14.890543664870245,48.523834888666684
Niederösterreich,3,14.921985446336766,48.50631001553068
Niederösterreich,3,14.893294941282157,48.49954977338011
Niederösterreich,3,14.883796171704976,48.485193062841
Niederösterreich,3,14.878461124574791,48.46529050365263
Niederösterreich,3,14.889243644859404,48.45355651629938
Niederösterreich,3,14.9127390673109,48.43074314098487
Niederösterreich,3,14.939971349324408,48.42375063305997
Niederösterreich,3,14.945816420488104,48.41421443840517
Niederösterreich,3,14.939601482943704,48.40228367710365
Niederösterreich,3,14.919815221329888,48.394562083642455
Niederösterreich,3,14.938166847888157,48.39577343726439
Niederösterreich,3,14.965500778389908,48.38843028071192
Niederösterreich,3,14.955155478520789,48.35805102065945
Niederösterreich,3,14.952148019683152,48.34467593539083
Niederösterreich,3,14.951571129464234,48.323120546850916
Niederösterreich,3,14.987472002227689,48.31986815487361
Niederösterreich,3,14.988384686876838,48.296061185843065
Niederösterreich,3,14.989281738732643,48.263388033920386
Niederösterreich,3,14.978509629495937,48.2495270393922
Niederösterreich,3,14.968559959775265,48.23172570206289
Niederösterreich,3,14.953176213448916,48.21968309434079
Niederösterreich,3,14.970011808655354,48.20897669140211
Niederösterreich,3,14.975168867177457,48.199380899742685
Niederösterreich,3,14.915935700255366,48.23343422599898
Niederösterreich,3,14.882503897263897,48.233148383836905
Niederösterreich,3,14.85642429876351,48.20997821144966
Niederösterreich,3,14.807048415130222,48.18822175408758
Niederösterreich,3,14.726673883372676,48.178734534376645
Niederösterreich,3,14.69231957150405,48.15764549243698
Niederösterreich,3,14.646780878465849,48.17446158234573
Niederösterreich,3,14.58819481111733,48.222104817199906
Niederösterreich,3,14.49580674340697,48.22632918893009
Niederösterreich,3,14.479983874095176,48.183060867159405
Niederösterreich,3,14.468358753779338,48.14959534358484
Niederösterreich,3,14.468606429257946,48.12305446873319
Niederösterreich,3,14.495619327922636,48.11236982639681
Niederösterreich,3,14.460335088532357,48.08633728483465
Niederösterreich,3,14.458140392544392,48.082192018320015
Niederösterreich,3,14.460446437032928,48.06283024815209
Niederösterreich,3,14.456351299993583,48.04847101315703
Niederösterreich,3,14.47084874050371,48.038603031790885
Niederösterreich,3,14.485320263103166,48.01776437979262
Niederösterreich,3,14.494631113703019,48.00527911148426
Niederösterreich,3,14.532667312653595,47.99052601480887
Niederösterreich,3,14.569857224417907,47.97452245174466
Niederösterreich,3,14.586444529990475,47.96796335316454
Niederösterreich,3,14.62314561041442,47.947859666762284
Niederösterreich,3,14.652005632675973,47.94130748643845
Niederösterreich,3,14.68467231593018,47.930289295278854
Niederösterreich,3,14.730122128759831,47.92488118943094
Niederösterreich,3,14.754563594837283,47.90721810312981
Niederösterreich,3,14.772909660154399,47.88353530310168
Niederösterreich,3,14.736220640517116,47.86424491932825
Niederösterreich,3,14.71211217092651,47.84666027904612
Niederösterreich,3,14.723745299552746,47.832704324412724
Niederösterreich,3,14.73278348283366,47.804603851544925
Niederösterreich,3,14.719338982040274,47.77625413308072
Niederösterreich,3,14.736870769839303,47.75941647392573
Niederösterreich,3,14.739410061700491,47.74922605439379
Niederösterreich,3,14.7588741526429,47.735524732730546
Niederösterreich,3,14.80479174737544,47.739119752530414
Niederösterreich,3,14.831861247381926,47.73943640950719
Niederösterreich,3,14.861523102635504,47.74186501124026
Niederösterreich,3,14.884427771684466,47.71395190430215
Niederösterreich,3,14.913811134724321,47.70948433641317
Niederösterreich,3,14.941065850636015,47.72241252367403
Niederösterreich,3,14.968621816571785,47.73775266503623
Niederösterreich,3,14.998207728253268,47.74192368228488
Niederösterreich,3,15.035706063675722,47.75323314217304
Niederösterreich,3,15.07219750248672,47.742903979817115
Niederösterreich,3,15.133310145405053,47.74980446945831
Niederösterreich,3,15.140410776089041,47.76192863604235
Niederösterreich,3,15.184314852120204,47.75721709256873
Niederösterreich,3,15.208825711161785,47.7676420477235
Niederösterreich,3,15.20186602582863,47.77554068044843
Niederösterreich,3,15.218322312342407,47.796519474518604
Niederösterreich,3,15.288199376617605,47.790674021579605
Niederösterreich,3,15.296271807683748,47.8061698563363
Niederösterreich,3,15.303781082765777,47.82175047888703
Niederösterreich,3,15.32463395027308,47.821376178923245
Niederösterreich,3,15.359826851532917,47.82633248401645
Niederösterreich,3,15.392258260633108,47.81334461395722
Niederösterreich,3,15.411528103909736,47.7852913131375
Niederösterreich,3,15.451029814964034,47.773212343126715
Niederösterreich,3,15.485576414023782,47.77115334131806
Niederösterreich,3,15.517767493604483,47.76230398188517
Niederösterreich,3,15.519327490588413,47.746532169365025
Niederösterreich,3,15.555077068314521,47.74702654309795
Niederösterreich,3,15.608333134321095,47.75272160884151
Niederösterreich,3,15.620543156406422,47.741819734079584
Niederösterreich,3,15.630031891865018,47.724774036196344
Niederösterreich,3,15.663175119856128,47.71244472573411
Niederösterreich,3,15.698105500128767,47.71349940421633
Niederösterreich,3,15.716778942346012,47.70333281669676
Niederösterreich,3,15.72216774343432,47.68150081555587
Niederösterreich,3,15.726244531672357,47.65175618154943
Niederösterreich,3,15.746198040152382,47.639128134003634
Niederösterreich,3,15.771190959632525,47.640519393239934
Niederösterreich,3,15.796539712816076,47.63713536723675
Niederösterreich,3,15.834077806977144,47.622830669014164
Niederösterreich,3,15.86342500199603,47.61407796311504
Niederösterreich,3,15.845607255829178,47.58675408252561
Niederösterreich,3,15.865251310867931,47.56627574722243
Niederösterreich,3,15.905440869297287,47.563197105591705
Niederösterreich,3,15.9051341320125,47.54288973707489
Niederösterreich,3,15.93737450683417,47.526775688816514
Niederösterreich,3,15.984332482909933,47.51782716682436
Niederösterreich,3,16.028534293889653,47.512265388519495
Niederösterreich,3,16.058781316932958,47.48501962335179
Niederösterreich,3,16.06629268544411,47.50232744484628
Niederösterreich,3,16.08249335200534,47.50641072613275
Niederösterreich,3,16.097088040265316,47.518547171336806
Niederösterreich,3,16.112764964024134,47.516886653687386
Niederösterreich,3,16.11527863326024,47.507216686091915
Niederösterreich,3,16.119146054908008,47.50209029096734
Niederösterreich,3,16.117187557741207,47.4897129530111
Niederösterreich,3,16.11625387348087,47.474751582418406
Niederösterreich,3,16.134110558972168,47.46992807309044
Niederösterreich,3,16.14175948795763,47.44747424915047
Niederösterreich,3,16.16157536454574,47.42691938250417
Niederösterreich,3,16.200738038535548,47.42275993800786
Niederösterreich,3,16.244353634579348,47.44272754818837
Niederösterreich,3,16.2736708069184,47.457237345800905
Niederösterreich,3,16.303631399033907,47.467462808372346
Niederösterreich,3,16.310830208939525,47.480419120288815
Niederösterreich,3,16.321962374205825,47.494129762705036
Niederösterreich,3,16.33530265964,47.506425605958825
Niederösterreich,3,16.331668510925113,47.528709856005364
Niederösterreich,3,16.31285708150644,47.55447873239335
Niederösterreich,3,16.32179059086123,47.5735873129802
Niederösterreich,3,16.331485122148166,47.59974498485642
Niederösterreich,3,16.350073493602206,47.60807146435612
Niederösterreich,3,16.35540675995559,47.62040951098179
Niederösterreich,3,16.368836131487733,47.63625415280448
Niederösterreich,3,16.36378507979567,47.65394918731434
Niederösterreich,3,16.35129378442879,47.68111547299481
Niederösterreich,3,16.33480094059752,47.67899047188661
Niederösterreich,3,16.305872647054542,47.69765386785965
Niederösterreich,3,16.29391426001831,47.73670136167124
Niederösterreich,3,16.301009077096765,47.76024442606881
Niederösterreich,3,16.285216430860547,47.790447317214905
Niederösterreich,3,16.269905830352524,47.791531413409615
Niederösterreich,3,16.310152281752348,47.80776514702783
Niederösterreich,3,16.308647276689488,47.791262582215126
Niederösterreich,3,16.341466667357423,47.803518275395696
Niederösterreich,3,16.349244023490826,47.81608486388663
Niederösterreich,3,16.373113115174853,47.83153865937
Niederösterreich,3,16.356896483173,47.866587828479965
Niederösterreich,3,16.38436481986736,47.87916935014228
Niederösterreich,3,16.410006618095625,47.88136279925223
Niederösterreich,3,16.410741598891946,47.89318432255906
Niederösterreich,3,16.420198256276556,47.89722943098889
Niederösterreich,3,16.42565011685261,47.912161680314036
Niederösterreich,3,16.42818467774175,47.920143880126766
Niederösterreich,3,16.44986750078033,47.93433346295565
Niederösterreich,3,16.477733415066215,47.93883156611555
Niederösterreich,3,16.490592600282366,47.943443727338696
Niederösterreich,3,16.503964885458927,47.94006718946492
Niederösterreich,3,16.506943736702627,47.94089878175917
Niederösterreich,3,16.51205742388515,47.94214066110382
Niederösterreich,3,16.524722709854476,47.93507659318698
Niederösterreich,3,16.562135181416632,47.90032265005262
Niederösterreich,3,16.57521609355435,47.886730012370826
Niederösterreich,3,16.626002713814678,47.926863433294926
Niederösterreich,3,16.653534403357284,47.94967197769096
Niederösterreich,3,16.674168348253335,47.96084923851123
Niederösterreich,3,16.6960956087106,47.96469022911656
Niederösterreich,3,16.700638008162947,47.9792029476981
Niederösterreich,3,16.702663638619608,47.98816047053291
Niederösterreich,3,16.71014774804879,48.01124218482079
Niederösterreich,3,16.73246783190068,48.011757831402925
Niederösterreich,3,16.738838819618476,48.01285237979659
Niederösterreich,3,16.745734304229522,48.01501994410038
Niederösterreich,3,16.748264928937687,48.0137726076043
Niederösterreich,3,16.754840341126727,48.012354497647515
Niederösterreich,3,16.763905377579455,48.01493380322763
Niederösterreich,3,16.787678916226714,48.02112362912997
Niederösterreich,3,16.80384476022151,48.02936149410687
Niederösterreich,3,16.810316334740946,48.030139050420985
Niederösterreich,3,16.839240037420197,48.033300517556626
Niederösterreich,3,16.834014222083503,48.038373281995256
Niederösterreich,3,16.834342913281365,48.04235749767398
Niederösterreich,3,16.844084265318674,48.046772952420945
Niederösterreich,3,16.84664443593199,48.04938084955132
Niederösterreich,3,16.848159963946035,48.054793369388534
Niederösterreich,3,16.85777651680509,48.05524008167642
Niederösterreich,3,16.858941940778347,48.061311931543514
Niederösterreich,3,16.86540963397685,48.06410990352973
Niederösterreich,3,16.87305441825026,48.0714482838831
Niederösterreich,3,16.885952665467016,48.070652392559964
Niederösterreich,3,16.897781098501753,48.07480433718851
Niederösterreich,3,16.916444743852235,48.05728159987259
Niederösterreich,3,16.950494786594536,48.04780857824569
Niederösterreich,3,16.975174228891152,48.03481072978452
Niederösterreich,3,16.97356079786322,48.02723637600788
Niederösterreich,3,16.98790299517975,48.02955639788272
Niederösterreich,3,16.979085270464786,48.09553841975479
Niederösterreich,3,16.983340731849314,48.10506911039046
Niederösterreich,3,17.00569209986626,48.099204804765385
Niederösterreich,3,17.00382999946903,48.09315823848232
Niederösterreich,3,17.065211621055294,48.11028963515456
Niederösterreich,3,17.068032487786684,48.11914731852426
Oberösterreich,4,14.692016836101976,48.584903824442314
Oberösterreich,4,14.677339875162268,48.58369444246709
Oberösterreich,4,14.646692416797334,48.61066097165302
Oberösterreich,4,14.622595537815986,48.61620552879271
Oberösterreich,4,14.603398401125997,48.62619991067731
Oberösterreich,4,14.58189006744167,48.617507415176505
Oberösterreich,4,14.568241888690464,48.609169021397086
Oberösterreich,4,14.554531369466165,48.60643728103782
Oberösterreich,4,14.527405599890203,48.615349866988645
Oberösterreich,4,14.496074323644404,48.62309491662786
Oberösterreich,4,14.477562565235658,48.640093861692606
Oberösterreich,4,14.470853226258592,48.649109438889695
Oberösterreich,4,14.444740090183608,48.64404491101937
Oberösterreich,4,14.452881087694736,48.625328077210234
Oberösterreich,4,14.436450198147524,48.59865483857507
Oberösterreich,4,14.41311864831466,48.593401243694046
Oberösterreich,4,14.39288909864096,48.59491189470418
Oberösterreich,4,14.392007507326749,48.57972638963724
Oberösterreich,4,14.372227568220566,48.57015926062979
Oberösterreich,4,14.353365850542948,48.569501730186396
Oberösterreich,4,14.343648696058402,48.55542104117529
Oberösterreich,4,14.325286561762828,48.564853232433855
Oberösterreich,4,14.305344648116796,48.56783057415457
Oberösterreich,4,14.256798894038669,48.58221128342657
Oberösterreich,4,14.238253867451498,48.58195451919524
Oberösterreich,4,14.20227307446017,48.590612549396404
Oberösterreich,4,14.17842353394681,48.59172405612064
Oberösterreich,4,14.155392867478483,48.59649837962508
Oberösterreich,4,14.120988229106402,48.59358347059028
Oberösterreich,4,14.096505118231608,48.59286028915241
Oberösterreich,4,14.067888733044581,48.59548207583148
Oberösterreich,4,14.061962434376449,48.60709575940571
Oberösterreich,4,14.043073128323845,48.61349206658494
Oberösterreich,4,14.04637465640687,48.62413489359783
Oberösterreich,4,14.031106995856488,48.62937343345317
Oberösterreich,4,14.011482245322368,48.640283707230836
Oberösterreich,4,14.054453957567091,48.65355618865421
Oberösterreich,4,14.044279939966515,48.67812918287626
Oberösterreich,4,14.03441838437825,48.680340265930106
Oberösterreich,4,14.017094662924896,48.69252739137418
Oberösterreich,4,14.010862386276939,48.69600264160541
Oberösterreich,4,14.006267156712942,48.70671592644032
Oberösterreich,4,13.9713921242788,48.71380475685135
Oberösterreich,4,13.943710025057504,48.72205556959822
Oberösterreich,4,13.926644410580753,48.73627577551931
Oberösterreich,4,13.905426704602448,48.750499975892964
Oberösterreich,4,13.869322341417188,48.77027480005084
Oberösterreich,4,13.844993905359283,48.77320661594784
Oberösterreich,4,13.823767032308078,48.75727878441088
Oberösterreich,4,13.819973340126568,48.73247269452657
Oberösterreich,4,13.802770668176272,48.71794283808216
Oberösterreich,4,13.813794100695421,48.705735005899946
Oberösterreich,4,13.821449966127533,48.6997140272149
Oberösterreich,4,13.81799284098151,48.69548375701251
Oberösterreich,4,13.82066635533042,48.6710738203379
Oberösterreich,4,13.827388261478855,48.63548324986642
Oberösterreich,4,13.826684255116794,48.61921053253532
Oberösterreich,4,13.816895107659718,48.615201389414736
Oberösterreich,4,13.811040643018904,48.606563826691
Oberösterreich,4,13.802407001815567,48.59322289991119
Oberösterreich,4,13.801813559494262,48.57422859439295
Oberösterreich,4,13.782290129635422,48.56400205998756
Oberösterreich,4,13.754943189667655,48.564198796830574
Oberösterreich,4,13.747532966915312,48.55303692226564
Oberösterreich,4,13.745899824807577,48.54107099704994
Oberösterreich,4,13.734187822438091,48.52592950281522
Oberösterreich,4,13.731386531990921,48.51539290047367
Oberösterreich,4,13.68597594820375,48.52937082171177
Oberösterreich,4,13.6427211221491,48.553004676403475
Oberösterreich,4,13.590693378870391,48.5692369511997
Oberösterreich,4,13.528362954973126,48.58787827836384
Oberösterreich,4,13.502486813179544,48.58153496984604
Oberösterreich,4,13.492725396415247,48.57033860577196
Oberösterreich,4,13.485726631466859,48.56217701923882
Oberösterreich,4,13.47621471925129,48.556702232847
Oberösterreich,4,13.45080821817278,48.56458679493548
Oberösterreich,4,13.450956794254283,48.534390367567745
Oberösterreich,4,13.448904585587716,48.49721507780918
Oberösterreich,4,13.438593022441736,48.44140338333692
Oberösterreich,4,13.409907072792498,48.37358218899945
Oberösterreich,4,13.257386953488947,48.29425245147185
Oberösterreich,4,13.128167932017941,48.27895094317457
Oberösterreich,4,13.056636610420702,48.266336950566846
Oberösterreich,4,12.966257700321068,48.214541494862466
Oberösterreich,4,12.870775752973604,48.201930797441165
Oberösterreich,4,12.847943862348279,48.16755253179091
Oberösterreich,4,12.812182150466999,48.15209771674605
Oberösterreich,4,12.783072366370376,48.12368283206996
Oberösterreich,4,12.759318987724347,48.1273482142019
Oberösterreich,4,12.75345464397077,48.088200574405064
Oberösterreich,4,12.84924468458515,48.01830700755587
Oberösterreich,4,12.882873295776777,47.995809642618376
Oberösterreich,4,12.902891250921584,48.00717310802816
Oberösterreich,4,12.941116390250102,48.03727221744822
Oberösterreich,4,12.956898438906059,48.03376199362481
Oberösterreich,4,12.988134567153626,48.0288671169574
Oberösterreich,4,13.015635850412238,48.037604712536414
Oberösterreich,4,13.042887078054264,48.04205673073389
Oberösterreich,4,13.044844214499195,48.02871041185347
Oberösterreich,4,13.05645323853392,48.02623102020468
Oberösterreich,4,13.05839990127534,48.013878132461606
Oberösterreich,4,13.073826843859866,48.01641361122248
Oberösterreich,4,13.07864645160666,48.00572353091096
Oberösterreich,4,13.088192158940169,48.003020012398714
Oberösterreich,4,13.09478151248078,47.996409715084255
Oberösterreich,4,13.114143902477824,47.99442081574476
Oberösterreich,4,13.122299361769882,47.98970392806837
Oberösterreich,4,13.147975298368008,47.99575411338385
Oberösterreich,4,13.146254054106992,47.9870912148314
Oberösterreich,4,13.14536116201816,47.97698311758388
Oberösterreich,4,13.146981357727842,47.970592362685174
Oberösterreich,4,13.167929518373674,47.97461338423632
Oberösterreich,4,13.203222929500315,47.97837752739668
Oberösterreich,4,13.22313318417593,47.98373100093785
Oberösterreich,4,13.237453471571271,47.989356850897614
Oberösterreich,4,13.257739325036516,47.99177805190354
Oberösterreich,4,13.278657309540556,47.99684983034045
Oberösterreich,4,13.281704066400206,48.00555981036279
Oberösterreich,4,13.29577176097478,48.010797062988544
Oberösterreich,4,13.305119261021261,48.00415912401425
Oberösterreich,4,13.307702829849363,47.996019976266666
Oberösterreich,4,13.324656802387484,47.99284777062257
Oberösterreich,4,13.339944954377733,47.98474978347153
Oberösterreich,4,13.37323962820855,47.97339595285967
Oberösterreich,4,13.36793302476488,47.95850441594264
Oberösterreich,4,13.36389906768208,47.94465060987595
Oberösterreich,4,13.346891888362563,47.945199764809104
Oberösterreich,4,13.340789168190984,47.9531698789428
Oberösterreich,4,13.30015492751052,47.963606247520815
Oberösterreich,4,13.283015158927034,47.95388451992774
Oberösterreich,4,13.281640777976008,47.93740420576869
Oberösterreich,4,13.278322826227154,47.92115551629288
Oberösterreich,4,13.281950549382936,47.89778210952761
Oberösterreich,4,13.272281877516635,47.88690719729127
Oberösterreich,4,13.285484573615658,47.871991730838424
Oberösterreich,4,13.296488196142633,47.856590615097474
Oberösterreich,4,13.292363676006612,47.849062909083635
Oberösterreich,4,13.287164601873267,47.830779349875364
Oberösterreich,4,13.30595789566481,47.82149447480011
Oberösterreich,4,13.348781746195705,47.81447133343017
Oberösterreich,4,13.375577294398726,47.80035006922465
Oberösterreich,4,13.402722272611642,47.800248360312985
Oberösterreich,4,13.433667789471714,47.80051664882247
Oberösterreich,4,13.465701988940953,47.8032687894947
Oberösterreich,4,13.485303599598364,47.79310583543887
Oberösterreich,4,13.50782241055219,47.79109852705574
Oberösterreich,4,13.530260876579433,47.79757158502713
Oberösterreich,4,13.536170689035139,47.77668107119483
Oberösterreich,4,13.487336505994817,47.782711078490046
Oberösterreich,4,13.45854482501519,47.77849042498421
Oberösterreich,4,13.442101672767771,47.75007740617409
Oberösterreich,4,13.48380570384602,47.72327623170468
Oberösterreich,4,13.504699019220888,47.71936510685178
Oberösterreich,4,13.531225329130788,47.71803914386364
Oberösterreich,4,13.533416606004547,47.683265627406755
Oberösterreich,4,13.512380625596116,47.67798091729823
Oberösterreich,4,13.4913976545836,47.64445940034001
Oberösterreich,4,13.4987863116561,47.63143867211358
Oberösterreich,4,13.51919097778193,47.62915396583165
Oberösterreich,4,13.507093171123994,47.60127634960559
Oberösterreich,4,13.49986855437682,47.58166214818044
Oberösterreich,4,13.484889373374704,47.55894149718796
Oberösterreich,4,13.479082982886576,47.545326080529485
Oberösterreich,4,13.4821246177092,47.52331527031299
Oberösterreich,4,13.514199425525842,47.50355429368393
Oberösterreich,4,13.540900896786976,47.49160445997602
Oberösterreich,4,13.596976046016252,47.47611035743006
Oberösterreich,4,13.619147558114705,47.47336708133036
Oberösterreich,4,13.640400298037878,47.46702496158318
Oberösterreich,4,13.723349847304913,47.4626130070542
Oberösterreich,4,13.749926929417958,47.502117155067076
Oberösterreich,4,13.748366767881155,47.54437440297288
Oberösterreich,4,13.736257555510582,47.57753706956099
Oberösterreich,4,13.695147676078516,47.5799682569129
Oberösterreich,4,13.694855208437955,47.62373265593808
Oberösterreich,4,13.70538749359189,47.645819857154585
Oberösterreich,4,13.713411281245959,47.66705595934405
Oberösterreich,4,13.750432571796086,47.68789583199931
Oberösterreich,4,13.778231928291543,47.71505818052679
Oberösterreich,4,13.841036095412345,47.71926144250686
Oberösterreich,4,13.86113863103557,47.72774375833338
Oberösterreich,4,13.879270159179239,47.7220365846003
Oberösterreich,4,13.907706607331777,47.711621506428195
Oberösterreich,4,13.984211588921257,47.69778283142966
Oberösterreich,4,14.011443721356315,47.70141209979144
Oberösterreich,4,14.056276958194902,47.66840255877671
Oberösterreich,4,14.051621970082087,47.61766589496948
Oberösterreich,4,14.093972795614505,47.620046681386626
Oberösterreich,4,14.1235253297199,47.62808035300477
Oberösterreich,4,14.160897256699396,47.63711807838808
Oberösterreich,4,14.187739206056394,47.64476576258439
Oberösterreich,4,14.23342635432458,47.65113700398567
Oberösterreich,4,14.25620222158325,47.613344081661886
Oberösterreich,4,14.303725904555188,47.61009455733408
Oberösterreich,4,14.335371563694508,47.618853347843235
Oberösterreich,4,14.381743047627934,47.63448700388937
Oberösterreich,4,14.398358097768734,47.65315364080886
Oberösterreich,4,14.448218124788404,47.65722996211721
Oberösterreich,4,14.475313735616428,47.67550693135171
Oberösterreich,4,14.510973227994175,47.67938411771847
Oberösterreich,4,14.521992136923277,47.70437752353453
Oberösterreich,4,14.572004621379342,47.71682685174713
Oberösterreich,4,14.5877575022522,47.7187331649049
Oberösterreich,4,14.604578643268189,47.73024625339413
Oberösterreich,4,14.631720781119787,47.729043086496844
Oberösterreich,4,14.648587694220932,47.72619532192883
Oberösterreich,4,14.664716925437746,47.739566403149766
Oberösterreich,4,14.697906217407548,47.766307129518125
Oberösterreich,4,14.722633990235886,47.755961968549556
Oberösterreich,4,14.74731337472795,47.75642936411204
Oberösterreich,4,14.72439768528207,47.76739374684207
Oberösterreich,4,14.7128239188567,47.79059388713482
Oberösterreich,4,14.712299344316584,47.81591029443202
Oberösterreich,4,14.72591224702739,47.841627304240674
Oberösterreich,4,14.72405511135566,47.859582197991465
Oberösterreich,4,14.759005732627381,47.86851098968095
Oberösterreich,4,14.759696643121197,47.897305905159484
Oberösterreich,4,14.744434404386043,47.91798169223267
Oberösterreich,4,14.709941720107986,47.932292434270494
Oberösterreich,4,14.671561357757215,47.935265480057474
Oberösterreich,4,14.628178127973259,47.94357542063329
Oberösterreich,4,14.601533604356435,47.955935202683385
Oberösterreich,4,14.579196087818353,47.97124605971721
Oberösterreich,4,14.554936838131782,47.98251560723051
Oberösterreich,4,14.504856890703063,47.994178621592674
Oberösterreich,4,14.493027663507577,48.01139925777177
Oberösterreich,4,14.475052438449916,48.02987061071804
Oberösterreich,4,14.457018366843055,48.043535803549375
Oberösterreich,4,14.459312817091151,48.05826405701263
Oberösterreich,4,14.460297311898813,48.07311685512312
Oberösterreich,4,14.470873478903775,48.086188912052904
Oberösterreich,4,14.469084856351783,48.1002649526595
Oberösterreich,4,14.477952168045652,48.12119741600809
Oberösterreich,4,14.47862289577562,48.13465057554982
Oberösterreich,4,14.47871979277882,48.16133139665385
Oberösterreich,4,14.480990213332621,48.19819324368939
Oberösterreich,4,14.534082711529845,48.238288776064046
Oberösterreich,4,14.626324848322191,48.190052404116955
Oberösterreich,4,14.661957359955212,48.167855111242716
Oberösterreich,4,14.706511058995154,48.16935701296822
Oberösterreich,4,14.74387545192614,48.17549217703469
Oberösterreich,4,14.846202539768974,48.1962932084251
Oberösterreich,4,14.85830230423867,48.2260627115651
Oberösterreich,4,14.895340454183872,48.22843539561764
Oberösterreich,4,14.946269032638076,48.226931856446136
Oberösterreich,4,14.965783703161408,48.20452145197326
Oberösterreich,4,14.965118059240128,48.215451269288096
Oberösterreich,4,14.964117364142519,48.23079869373672
Oberösterreich,4,14.971064212169313,48.23900066247647
Oberösterreich,4,14.985812974601345,48.25518171453917
Oberösterreich,4,14.989994360958882,48.27203292366604
Oberösterreich,4,14.98781963919962,48.30684103159403
Oberösterreich,4,14.97517095577625,48.322734743884155
Oberösterreich,4,14.950597843417553,48.33996872341663
Oberösterreich,4,14.955046957172483,48.35400844499998
Oberösterreich,4,14.960004911986049,48.374421010666445
Oberösterreich,4,14.95234691367762,48.39077449648478
Oberösterreich,4,14.92432578390444,48.38879479318655
Oberösterreich,4,14.927300820742111,48.399033000683296
Oberösterreich,4,14.948526944338182,48.408275734759286
Oberösterreich,4,14.941736214296325,48.41848169166611
Oberösterreich,4,14.921557720737367,48.429502928277174
Oberösterreich,4,14.899484051315117,48.451135417712266
Oberösterreich,4,14.876273442771167,48.456490475310524
Oberösterreich,4,14.86750070862475,48.480454227886426
Oberösterreich,4,14.888347129361183,48.49300277711569
Oberösterreich,4,14.915467632066974,48.50094717482702
Oberösterreich,4,14.912849910981445,48.51525673406318
Oberösterreich,4,14.867690630799185,48.5276862262186
Oberösterreich,4,14.832333171390497,48.54778227615851
Oberösterreich,4,14.801190127642421,48.5563034034518
Oberösterreich,4,14.779067662481255,48.55964620051879
Oberösterreich,4,14.758998807145712,48.56449293609944
Oberösterreich,4,14.744230920128029,48.552766180746374
Oberösterreich,4,14.72549624217155,48.5627432269832
Oberösterreich,4,14.707599521776308,48.58071013654084
Oberösterreich,4,14.692016836101976,48.584903824442314
Salzburg,5,13.785429953975212,46.94429481447807
Salzburg,5,13.809453001441684,46.95094518296658
Salzburg,5,13.83258614152837,46.96588741599903
Salzburg,5,13.843428714263498,46.98698355326046
Salzburg,5,13.865434819530911,46.99663359067061
Salzburg,5,13.877705594965075,47.033085995680956
Salzburg,5,13.90436015947238,47.06335923126404
Salzburg,5,13.878777028126697,47.09517051034468
Salzburg,5,13.883948838012842,47.11003785404317
Salzburg,5,13.909899809591014,47.12452184436622
Salzburg,5,13.940277962487247,47.13687160273737
Salzburg,5,13.973359123884489,47.127403440081366
Salzburg,5,13.992471983041609,47.137150178576825
Salzburg,5,13.96870180625602,47.15100364640462
Salzburg,5,13.918052219900547,47.1706332840492
Salzburg,5,13.90303719328294,47.18483706424348
Salzburg,5,13.8981956350844,47.19133383682518
Salzburg,5,13.874882516504394,47.212810551115965
Salzburg,5,13.857808506363055,47.22611611828449
Salzburg,5,13.859250382090865,47.234390880341465
Salzburg,5,13.824408976065476,47.26748574321619
Salzburg,5,13.824168427526086,47.27866620072575
Salzburg,5,13.826133243599946,47.293680361711964
Salzburg,5,13.803467692795833,47.29033005431653
Salzburg,5,13.79192270254029,47.28191146113222
Salzburg,5,13.748500240080107,47.278293204964676
Salzburg,5,13.720474502177796,47.27625984691514
Salzburg,5,13.696593388910696,47.26056487232465
Salzburg,5,13.675607294941567,47.275065337094425
Salzburg,5,13.632223540074513,47.27447846569082
Salzburg,5,13.598462580147688,47.29400114359658
Salzburg,5,13.596299433412709,47.31531494305943
Salzburg,5,13.600467598765354,47.34119061270769
Salzburg,5,13.586398694942122,47.3614407475628
Salzburg,5,13.581439586585585,47.379521986749204
Salzburg,5,13.571210883365469,47.40789699487585
Salzburg,5,13.574481379274513,47.4272328722219
Salzburg,5,13.593443029650201,47.46106282561707
Salzburg,5,13.589092977664158,47.47306650746839
Salzburg,5,13.535075927061666,47.4954429469693
Salzburg,5,13.502759692996568,47.5122295449564
Salzburg,5,13.476968377808225,47.53288816719967
Salzburg,5,13.479668539866074,47.54792579118281
Salzburg,5,13.482115433480748,47.56044806214987
Salzburg,5,13.506033489801723,47.58251122502839
Salzburg,5,13.524071296678342,47.61885475146765
Salzburg,5,13.513899035563059,47.63318937141224
Salzburg,5,13.490632582495618,47.63085556003962
Salzburg,5,13.49049023732508,47.646980316645845
Salzburg,5,13.517722348440435,47.676065853618766
Salzburg,5,13.536404696812031,47.69583113732509
Salzburg,5,13.526666067552204,47.71733822165619
Salzburg,5,13.507311263676765,47.720732839945406
Salzburg,5,13.436869183358052,47.739977467907686
Salzburg,5,13.445806561129444,47.75947071833624
Salzburg,5,13.466056518136314,47.78669928834953
Salzburg,5,13.506194976211129,47.77494579842295
Salzburg,5,13.539479603361816,47.782890543573146
Salzburg,5,13.522001394658568,47.79816679903101
Salzburg,5,13.499624148480084,47.78976325512384
Salzburg,5,13.48285832544065,47.80239949521639
Salzburg,5,13.46342661816444,47.80431087860484
Salzburg,5,13.425895787195206,47.80164421523406
Salzburg,5,13.39552577153683,47.79559689562454
Salzburg,5,13.36946617314366,47.80293387525461
Salzburg,5,13.341379659481575,47.8133013164223
Salzburg,5,13.297577776218956,47.824750385013004
Salzburg,5,13.288913546544205,47.843051992054335
Salzburg,5,13.292270172977528,47.85229976640336
Salzburg,5,13.296397044578697,47.85755437265535
Salzburg,5,13.285910473703275,47.8733455356461
Salzburg,5,13.27087149550251,47.89199352339775
Salzburg,5,13.281888759162277,47.90520221519986
Salzburg,5,13.283119569355348,47.92281292348252
Salzburg,5,13.2815805254321,47.94412699279781
Salzburg,5,13.281051845006216,47.95528762128595
Salzburg,5,13.308305387410948,47.96458765077344
Salzburg,5,13.34186972659419,47.95237260622832
Salzburg,5,13.3503948869476,47.942244003212906
Salzburg,5,13.362362224050564,47.94546026065351
Salzburg,5,13.366021847043276,47.961067734724466
Salzburg,5,13.372324898606617,47.97742082765514
Salzburg,5,13.336392942713992,47.98791747883735
Salzburg,5,13.322441249503026,47.99088477752141
Salzburg,5,13.301941442104726,47.99594047293487
Salzburg,5,13.303600760822482,48.00755869642492
Salzburg,5,13.295976971958876,48.00784861468896
Salzburg,5,13.283366721028877,48.00350914850301
Salzburg,5,13.274955105253966,47.99829371076875
Salzburg,5,13.251846566788453,47.99318707610175
Salzburg,5,13.235413254380498,47.99016923299401
Salzburg,5,13.216683227322491,47.98190573836471
Salzburg,5,13.198870897230908,47.97645872583536
Salzburg,5,13.166783628289787,47.97650456123736
Salzburg,5,13.148567680675784,47.97381114123275
Salzburg,5,13.144616770844888,47.97877848632846
Salzburg,5,13.147214634723412,47.990323013609874
Salzburg,5,13.14181207006371,47.99262080344653
Salzburg,5,13.12499554580116,47.99676404724898
Salzburg,5,13.110343138238898,47.99683174718573
Salzburg,5,13.090361672685411,47.999819303376796
Salzburg,5,13.085570229245057,48.005950495140915
Salzburg,5,13.075833182705265,48.00462540437614
Salzburg,5,13.071527624688498,48.01512801518783
Salzburg,5,13.061498097005305,48.019531135969615
Salzburg,5,13.05948307916874,48.03027954071755
Salzburg,5,13.046012763530154,48.032801098972925
Salzburg,5,13.029747808239504,48.03309647826858
Salzburg,5,13.010299051432076,48.036128575146165
Salzburg,5,12.978152409275575,48.02413333593354
Salzburg,5,12.953450275147306,48.035989031453376
Salzburg,5,12.935175211840429,48.035354288103726
Salzburg,5,12.898250511984399,48.00578701746379
Salzburg,5,12.877524677641325,47.99720187171492
Salzburg,5,12.886659653751387,47.95966084534242
Salzburg,5,12.920045349936759,47.94285033655172
Salzburg,5,12.939040849357296,47.9437223266487
Salzburg,5,12.985312479225609,47.8733545580529
Salzburg,5,12.985386887679773,47.82883347609025
Salzburg,5,12.94021050038164,47.77881877359242
Salzburg,5,12.935482079958392,47.77075248534381
Salzburg,5,12.935829025202093,47.75849072790674
Salzburg,5,12.933554820935502,47.747890036657964
Salzburg,5,12.913031750136037,47.73756481216044
Salzburg,5,12.911881551656773,47.72072153968337
Salzburg,5,12.933877104907745,47.710099552339116
Salzburg,5,12.96340526220842,47.71003878642635
Salzburg,5,13.00264230379647,47.7138197354069
Salzburg,5,13.018958867569207,47.72344364518842
Salzburg,5,13.061575831500067,47.697692989426
Salzburg,5,13.077599838225414,47.673385115303425
Salzburg,5,13.090196072127883,47.65480201348198
Salzburg,5,13.096619405764898,47.62853911556742
Salzburg,5,13.070199453993856,47.605355685044486
Salzburg,5,13.071819992101437,47.592185674377035
Salzburg,5,13.042278747097933,47.57702363029002
Salzburg,5,13.056408732709349,47.55787175335017
Salzburg,5,13.038828424681935,47.54166022587333
Salzburg,5,13.04694007009532,47.52440800028884
Salzburg,5,13.047400341086508,47.515296305487745
Salzburg,5,13.048343413939575,47.49269405089775
Salzburg,5,13.027581048677686,47.48721957656115
Salzburg,5,13.007323739961999,47.464912396061656
Salzburg,5,12.995495363326835,47.47915710779476
Salzburg,5,12.978690420875374,47.48521917238515
Salzburg,5,12.966543728367704,47.47535753716774
Salzburg,5,12.883512647208999,47.52116412309041
Salzburg,5,12.852366258683674,47.531336915835276
Salzburg,5,12.823198300062964,47.546424179006195
Salzburg,5,12.793025552054088,47.56564980749899
Salzburg,5,12.795954990595344,47.59363697662248
Salzburg,5,12.80007062497178,47.60575614427353
Salzburg,5,12.823552801892616,47.610158311577266
Salzburg,5,12.800491854167662,47.62780812540597
Salzburg,5,12.761328806501224,47.65550485347356
Salzburg,5,12.784742526961761,47.67211983680052
Salzburg,5,12.757879070305604,47.66359162620138
Salzburg,5,12.732915184552548,47.68021872008008
Salzburg,5,12.696460153299748,47.68278169862486
Salzburg,5,12.666747111491047,47.68160106398222
Salzburg,5,12.646266448021017,47.67411469730579
Salzburg,5,12.607995958184567,47.67428721092684
Salzburg,5,12.583527487760023,47.64788407507214
Salzburg,5,12.57080987696842,47.61226423537413
Salzburg,5,12.620993566654166,47.59830979944024
Salzburg,5,12.667230911866996,47.57925500695142
Salzburg,5,12.628812165300449,47.550092030889054
Salzburg,5,12.65478113214801,47.53731362839959
Salzburg,5,12.669953425581497,47.50876913123248
Salzburg,5,12.694845422728346,47.49075773143481
Salzburg,5,12.687369687525127,47.474451617617085
Salzburg,5,12.645334361479664,47.46872309586201
Salzburg,5,12.638410119911255,47.449880463696125
Salzburg,5,12.62026908899237,47.417196464960135
Salzburg,5,12.593190819919638,47.40703614344824
Salzburg,5,12.563311334597186,47.400069784874795
Salzburg,5,12.543247594786331,47.39539451871689
Salzburg,5,12.49935527478389,47.38624016600705
Salzburg,5,12.479584754648911,47.36875926608376
Salzburg,5,12.486804749477662,47.35296592993625
Salzburg,5,12.495342226632001,47.341874445538245
Salzburg,5,12.47892794418628,47.32691804688747
Salzburg,5,12.414518405156665,47.31608661321464
Salzburg,5,12.360090140726335,47.31838102627255
Salzburg,5,12.337386798065813,47.325252693485844
Salzburg,5,12.30490444592997,47.33096202935957
Salzburg,5,12.264697973267301,47.30273904953664
Salzburg,5,12.237874590886845,47.30197876861909
Salzburg,5,12.216781822891631,47.31197825495773
Salzburg,5,12.18699883328445,47.300997511276975
Salzburg,5,12.165190652580328,47.302070968309565
Salzburg,5,12.144660923937874,47.28866229555723
Salzburg,5,12.124366103376676,47.30268088684265
Salzburg,5,12.10357168619403,47.29423424388169
Salzburg,5,12.076650137668437,47.27011193566278
Salzburg,5,12.105958500614104,47.251744566184726
Salzburg,5,12.102869282763391,47.23668298210627
Salzburg,5,12.090657835839702,47.20765617177062
Salzburg,5,12.082400851372705,47.192377609237866
Salzburg,5,12.092446039744885,47.167828898277364
Salzburg,5,12.11501256617225,47.131736109914605
Salzburg,5,12.12574621711584,47.09306657034218
Salzburg,5,12.170503768888535,47.08746848063128
Salzburg,5,12.20142032748439,47.08782843757334
Salzburg,5,12.230981974878679,47.07665841194002
Salzburg,5,12.309205452646069,47.09364249343737
Salzburg,5,12.346194508504833,47.1097719994104
Salzburg,5,12.413516439268879,47.14393188534424
Salzburg,5,12.435224739737578,47.150994710950535
Salzburg,5,12.484119552197333,47.158349187393505
Salzburg,5,12.526330294337471,47.14613065854481
Salzburg,5,12.560565277602425,47.13393481473915
Salzburg,5,12.592847942489742,47.12536941108526
Salzburg,5,12.642487380952574,47.10411815438336
Salzburg,5,12.66675991498143,47.12332832613209
Salzburg,5,12.69485791601614,47.12261196203372
Salzburg,5,12.726041428816865,47.13177608448464
Salzburg,5,12.739481427935146,47.10080555365591
Salzburg,5,12.773405543866597,47.10142908741423
Salzburg,5,12.79040577960303,47.09422333267099
Salzburg,5,12.820923072047117,47.0981503582848
Salzburg,5,12.84710133410558,47.08165236712219
Salzburg,5,12.885767995826397,47.0850726809081
Salzburg,5,12.938188216621848,47.07664981760029
Salzburg,5,12.956290353694273,47.05469760653987
Salzburg,5,12.972391091331868,47.03833364717705
Salzburg,5,13.003754369309139,47.04434602518214
Salzburg,5,13.033923959703927,47.027583631910396
Salzburg,5,13.07369312424457,47.01388016404318
Salzburg,5,13.088158060521634,47.02702401818937
Salzburg,5,13.133887023736685,47.035273804213595
Salzburg,5,13.17704776885527,47.04134286410384
Salzburg,5,13.248823714540471,47.05104360693049
Salzburg,5,13.250510788285535,47.08798177437096
Salzburg,5,13.297521619402195,47.091701123198874
Salzburg,5,13.32430066319535,47.091325617134146
Salzburg,5,13.36363299313508,47.09926830497218
Salzburg,5,13.388721186593324,47.07600903031555
Salzburg,5,13.417984944899242,47.07797171109192
Salzburg,5,13.50259703502967,47.072348946903766
Salzburg,5,13.522286850744825,47.06897296946016
Salzburg,5,13.555488626314993,47.05922946704231
Salzburg,5,13.594973906956978,47.056420345543174
Salzburg,5,13.638386781169546,47.05595615659216
Salzburg,5,13.659210603055111,47.041971748631816
Salzburg,5,13.67612800281123,47.04173380204837
Salzburg,5,13.694095064090208,47.04066169295914
Salzburg,5,13.690354111862238,47.01534460430022
Salzburg,5,13.702879094529218,47.002359741318195
Salzburg,5,13.734469751730279,46.989689389454895
Salzburg,5,13.76770807970907,46.98113702156699
Salzburg,5,13.778774300025278,46.95785578557862
Salzburg,5,13.779680024427106,46.94523362773146
Salzburg,5,13.785429953975212,46.94429481447807
Steiermark,6,16.172886653292764,47.42281555802388
Steiermark,6,16.160672174803192,47.429694577723005
Steiermark,6,16.13301440679817,47.45385514425452
Steiermark,6,16.127837047878312,47.468766845251885
Steiermark,6,16.121392850573546,47.47833432363272
Steiermark,6,16.11690542351213,47.49498359212455
Steiermark,6,16.119695682742538,47.50835830957891
Steiermark,6,16.113554668438393,47.50796404175454
Steiermark,6,16.110584729085467,47.52542299243619
Steiermark,6,16.095044296666437,47.51803653079692
Steiermark,6,16.079956565339252,47.49971216677154
Steiermark,6,16.066568992034203,47.49525082538343
Steiermark,6,16.04760629167553,47.49185816253386
Steiermark,6,16.01714754644334,47.51745994538274
Steiermark,6,15.975142290814095,47.520660438924644
Steiermark,6,15.92284659682051,47.53046376567445
Steiermark,6,15.903434679267177,47.54677764096017
Steiermark,6,15.889001673842754,47.571663226955806
Steiermark,6,15.858922153094316,47.567426329795445
Steiermark,6,15.850039012138708,47.591083645758495
Steiermark,6,15.857834138080067,47.62126792902663
Steiermark,6,15.830711110714171,47.63326103267822
Steiermark,6,15.79050539781529,47.64034084037648
Steiermark,6,15.764185170930245,47.63547623028908
Steiermark,6,15.745169672495086,47.641435983787325
Steiermark,6,15.730025107107725,47.65896208152643
Steiermark,6,15.718836562305695,47.684908105293246
Steiermark,6,15.719925935020814,47.706373812219326
Steiermark,6,15.692537659409481,47.70571412486728
Steiermark,6,15.65309246794975,47.717990422119435
Steiermark,6,15.628872294820871,47.73027434870793
Steiermark,6,15.616650357609949,47.74728005258976
Steiermark,6,15.586841963626222,47.749150445134745
Steiermark,6,15.552443088325164,47.74999987278532
Steiermark,6,15.515089738900153,47.74693811459814
Steiermark,6,15.50989035020124,47.76768108356445
Steiermark,6,15.470182085692334,47.77178722277904
Steiermark,6,15.439735108174391,47.79130713443255
Steiermark,6,15.404162593662573,47.8008657846443
Steiermark,6,15.391658993559915,47.817180279595405
Steiermark,6,15.345849222588715,47.826116614789676
Steiermark,6,15.317663454770482,47.823462634825106
Steiermark,6,15.299480236015272,47.82114377063709
Steiermark,6,15.296197099755107,47.8009608217054
Steiermark,6,15.263497238282726,47.79402851263818
Steiermark,6,15.216071343879756,47.79105077078657
Steiermark,6,15.203283581808435,47.77099295981004
Steiermark,6,15.211421485278153,47.76361179048314
Steiermark,6,15.169552490837363,47.75421831981217
Steiermark,6,15.135838605864882,47.75848987773079
Steiermark,6,15.131167014363461,47.74767496181527
Steiermark,6,15.069608453557644,47.74101348809476
Steiermark,6,15.03025547089302,47.753117091455564
Steiermark,6,14.98740218633925,47.74061670608596
Steiermark,6,14.952969073872058,47.73335391642739
Steiermark,6,14.932342710376915,47.71780575711353
Steiermark,6,14.910953646872589,47.71099426910145
Steiermark,6,14.87760749393908,47.71652896290745
Steiermark,6,14.840936541249654,47.73445555843024
Steiermark,6,14.833834259554184,47.74421434217341
Steiermark,6,14.800010398352585,47.738610198960764
Steiermark,6,14.751231193745282,47.736770252452274
Steiermark,6,14.72694339198952,47.755515020767334
Steiermark,6,14.703088227202407,47.765106419150015
Steiermark,6,14.671759936593412,47.74180337887027
Steiermark,6,14.648189811361993,47.73123497269266
Steiermark,6,14.632220164416944,47.726635237031005
Steiermark,6,14.604973055248765,47.72847683901727
Steiermark,6,14.592377207824335,47.721870795297065
Steiermark,6,14.578576208719705,47.71853507001875
Steiermark,6,14.53285576389792,47.71423694839416
Steiermark,6,14.518106777533818,47.68234774983743
Steiermark,6,14.483463958085585,47.68062262468429
Steiermark,6,14.450235957457924,47.66429724598913
Steiermark,6,14.421750656503875,47.65707740080645
Steiermark,6,14.392425736065007,47.63643917601019
Steiermark,6,14.361339324483076,47.629411657695705
Steiermark,6,14.313524677615474,47.60686099751316
Steiermark,6,14.265285010380621,47.61097491845255
Steiermark,6,14.223967733452993,47.64265234356454
Steiermark,6,14.193169439302608,47.64507996483245
Steiermark,6,14.169631188851229,47.64042677438094
Steiermark,6,14.133551181699236,47.63035057683419
Steiermark,6,14.096365938534126,47.623666656453615
Steiermark,6,14.060901958480072,47.618523221109456
Steiermark,6,14.0471612016047,47.626954985044904
Steiermark,6,14.020682028120476,47.691331945841135
Steiermark,6,13.996144346194233,47.70034829863354
Steiermark,6,13.920812280136207,47.70562959219965
Steiermark,6,13.887676667088007,47.72247354562049
Steiermark,6,13.869100709385966,47.72398595422519
Steiermark,6,13.851689645190863,47.71491866580483
Steiermark,6,13.780147954056922,47.71766466863091
Steiermark,6,13.755359108795535,47.69969334634382
Steiermark,6,13.717273392541827,47.67015209053165
Steiermark,6,13.705764123869873,47.652342560189346
Steiermark,6,13.696359619396777,47.63324501576461
Steiermark,6,13.695743143527842,47.583246709858216
Steiermark,6,13.713945735154642,47.575858259626536
Steiermark,6,13.757837232219494,47.54534822650275
Steiermark,6,13.761468340212362,47.520806464975465
Steiermark,6,13.718052979402724,47.47415893362226
Steiermark,6,13.668442285312592,47.46319993866087
Steiermark,6,13.626385480720304,47.470023107391775
Steiermark,6,13.602160824863162,47.474539347843546
Steiermark,6,13.589092977664158,47.47306650746839
Steiermark,6,13.593443029650201,47.46106282561707
Steiermark,6,13.574481379274513,47.4272328722219
Steiermark,6,13.571210883365469,47.40789699487585
Steiermark,6,13.581439586585585,47.379521986749204
Steiermark,6,13.586398694942122,47.3614407475628
Steiermark,6,13.600467598765354,47.34119061270769
Steiermark,6,13.596299433412709,47.31531494305943
Steiermark,6,13.598462580147688,47.29400114359658
Steiermark,6,13.632223540074513,47.27447846569082
Steiermark,6,13.675607294941567,47.275065337094425
Steiermark,6,13.696593388910696,47.26056487232465
Steiermark,6,13.720474502177796,47.27625984691514
Steiermark,6,13.748500240080107,47.278293204964676
Steiermark,6,13.79192270254029,47.28191146113222
Steiermark,6,13.803467692795833,47.29033005431653
Steiermark,6,13.826133243599946,47.293680361711964
Steiermark,6,13.824168427526086,47.27866620072575
Steiermark,6,13.824408976065476,47.26748574321619
Steiermark,6,13.859250382090865,47.234390880341465
Steiermark,6,13.857808506363055,47.22611611828449
Steiermark,6,13.874882516504394,47.212810551115965
Steiermark,6,13.8981956350844,47.19133383682518
Steiermark,6,13.90303719328294,47.18483706424348
Steiermark,6,13.918052219900547,47.1706332840492
Steiermark,6,13.96870180625602,47.15100364640462
Steiermark,6,13.992471983041609,47.137150178576825
Steiermark,6,13.973359123884489,47.127403440081366
Steiermark,6,13.940277962487247,47.13687160273737
Steiermark,6,13.909899809591014,47.12452184436622
Steiermark,6,13.883948838012842,47.11003785404317
Steiermark,6,13.878777028126697,47.09517051034468
Steiermark,6,13.90436015947238,47.06335923126404
Steiermark,6,13.877705594965075,47.033085995680956
Steiermark,6,13.865434819530911,46.99663359067061
Steiermark,6,13.843428714263498,46.98698355326046
Steiermark,6,13.83258614152837,46.96588741599903
Steiermark,6,13.809453001441684,46.95094518296658
Steiermark,6,13.785562034841021,46.93800153774013
Steiermark,6,13.811108446585289,46.92592608397577
Steiermark,6,13.835643628793326,46.91545270116361
Steiermark,6,13.848967969790355,46.9097089611197
Steiermark,6,13.871225946208488,46.918149484287575
Steiermark,6,13.889124751571174,46.925610690948034
Steiermark,6,13.91951314722852,46.94022535198052
Steiermark,6,13.95192532495531,46.942742130438816
Steiermark,6,13.972184513392577,46.96372341968901
Steiermark,6,14.006875686920262,46.97097332070497
Steiermark,6,14.01720209545443,46.98831111295222
Steiermark,6,14.030171276200877,47.00739138907047
Steiermark,6,14.073120951943057,47.013095665875454
Steiermark,6,14.096745582864513,47.03434665946993
Steiermark,6,14.119631233957787,47.040395568341445
Steiermark,6,14.124320614160414,47.0562456451189
Steiermark,6,14.140535807221152,47.06098788138618
Steiermark,6,14.172515017200974,47.05824622936033
Steiermark,6,14.197668388512133,47.07309878264878
Steiermark,6,14.216301759877439,47.05914755991057
Steiermark,6,14.235849982787865,47.02625419718597
Steiermark,6,14.256634422046128,47.030087871520976
Steiermark,6,14.28312421222948,47.0291891211285
Steiermark,6,14.299556611446702,47.02728634636574
Steiermark,6,14.31966729643254,47.028378579215044
Steiermark,6,14.346771078955737,47.02643429467379
Steiermark,6,14.378623928678472,47.017740097679585
Steiermark,6,14.380518942266434,47.00415038968268
Steiermark,6,14.383726180903974,46.98380499127024
Steiermark,6,14.393080495995093,46.98060101481799
Steiermark,6,14.422314788792818,46.99346303183995
Steiermark,6,14.431052524869843,47.000903343685515
Steiermark,6,14.44237826122417,46.99636020103877
Steiermark,6,14.45754310894235,46.996360836849306
Steiermark,6,14.459228862839678,47.0145410794898
Steiermark,6,14.472712245900443,47.008134484342406
Steiermark,6,14.50662371764151,47.02865131205906
Steiermark,6,14.516599020642204,47.00907451950357
Steiermark,6,14.546406831269334,47.01367431260854
Steiermark,6,14.57962989499212,47.01296423371657
Steiermark,6,14.616143340904777,46.998367011450405
Steiermark,6,14.650951472235919,47.014541440509625
Steiermark,6,14.69955279550651,47.01669877345495
Steiermark,6,14.716894280456263,47.018578445697315
Steiermark,6,14.733113534038889,47.027175848686795
Steiermark,6,14.77292520981775,47.04005581586583
Steiermark,6,14.798899174819235,47.03887624282732
Steiermark,6,14.824252068361634,47.0457361999461
Steiermark,6,14.844544719479304,47.04880327871116
Steiermark,6,14.874152865069789,47.022937138232066
Steiermark,6,14.939548137075736,46.99336649111963
Steiermark,6,14.967536923071393,46.98261205381189
Steiermark,6,14.986613874465665,46.953607981349435
Steiermark,6,14.999679639633078,46.9327982973018
Steiermark,6,15.011585808629418,46.92601881227041
Steiermark,6,15.02777861964897,46.910758312422544
Steiermark,6,15.015800161213612,46.88120594540602
Steiermark,6,15.010041093244292,46.85691967717945
Steiermark,6,14.991300691991743,46.822806405865094
Steiermark,6,14.977176021220044,46.78516613502313
Steiermark,6,15.027639738035163,46.77271443379894
Steiermark,6,15.034479535263474,46.75019999601991
Steiermark,6,15.045514068640246,46.733330196084985
Steiermark,6,15.045271165771517,46.715041768957605
Steiermark,6,15.031367885049269,46.67836934031186
Steiermark,6,15.035539870837693,46.666247746262044
Steiermark,6,15.050179877367109,46.66650171561279
Steiermark,6,15.071567591051275,46.650261316059826
Steiermark,6,15.088844536275058,46.652347547123554
Steiermark,6,15.117106686659366,46.65734244290543
Steiermark,6,15.122253113553029,46.65487927727219
Steiermark,6,15.132122458878316,46.6509606657439
Steiermark,6,15.14628100845012,46.6601965021934
Steiermark,6,15.167995839698301,46.65442931038692
Steiermark,6,15.198299303211673,46.64609252233844
Steiermark,6,15.236850484781797,46.63974157718423
Steiermark,6,15.302065485144544,46.65357891754013
Steiermark,6,15.338742653524273,46.65352055945786
Steiermark,6,15.354709175266262,46.6553390269901
Steiermark,6,15.376874354653596,46.6522375176302
Steiermark,6,15.415051448706436,46.65589108094274
Steiermark,6,15.431161004045697,46.64700203875292
Steiermark,6,15.457837176998519,46.63932170510485
Steiermark,6,15.464640760517375,46.62336572330553
Steiermark,6,15.48468260277656,46.6191249790906
Steiermark,6,15.505402841015247,46.616315141459005
Steiermark,6,15.516451651101738,46.623722657018064
Steiermark,6,15.543437015830145,46.63029287093299
Steiermark,6,15.552088258495383,46.64061158588057
Steiermark,6,15.552456877708519,46.648037973925284
Steiermark,6,15.54702404301167,46.66508516310532
Steiermark,6,15.55201957796894,46.67293971119311
Steiermark,6,15.563886144900412,46.67549845726648
Steiermark,6,15.578591707254507,46.68351738693794
Steiermark,6,15.5909232570964,46.68643445633392
Steiermark,6,15.606354806257587,46.68149196489667
Steiermark,6,15.635031936646,46.68153328145728
Steiermark,6,15.644276406515345,46.690513336117995
Steiermark,6,15.677333534523692,46.707078887154935
Steiermark,6,15.754805187879269,46.69824030181706
Steiermark,6,15.840729353279741,46.72272693033027
Steiermark,6,15.947960624000595,46.68945016253885
Steiermark,6,16.0079709415967,46.668957380677995
Steiermark,6,16.04182483359122,46.66887221103903
Steiermark,6,16.0298590783897,46.701188105219124
Steiermark,6,16.022429780430375,46.71120094607896
Steiermark,6,16.004646487516553,46.71749270369178
Steiermark,6,15.985808783203375,46.752422120177314
Steiermark,6,15.989765459415574,46.776703166116654
Steiermark,6,15.99227768391056,46.818417374187085
Steiermark,6,16.001811491228082,46.836907274429
Steiermark,6,16.00220946109286,46.84931360168416
Steiermark,6,16.02311816532338,46.88712542360946
Steiermark,6,16.047928534791925,46.9105579537642
Steiermark,6,16.071298142854932,46.935884700273206
Steiermark,6,16.097403870733345,46.942497233927604
Steiermark,6,16.101728840045475,46.96134079755387
Steiermark,6,16.11069808366786,46.96947021963357
Steiermark,6,16.115816245873578,46.97935295484103
Steiermark,6,16.144978897599305,46.992232675923646
Steiermark,6,16.155224419782822,46.99388862467846
Steiermark,6,16.15107293015539,46.99424958680713
Steiermark,6,16.15094642405719,46.99819645898064
Steiermark,6,16.14784022972882,47.001099124012356
Steiermark,6,16.144025713268498,47.00041259055183
Steiermark,6,16.136281427132797,47.0073976467196
Steiermark,6,16.126068314332592,47.01908118530074
Steiermark,6,16.12505237296421,47.024227833743396
Steiermark,6,16.12149575613883,47.029205348746835
Steiermark,6,16.1224435598127,47.03121602319948
Steiermark,6,16.11965128241149,47.03695109321329
Steiermark,6,16.12104820189619,47.04183552184401
Steiermark,6,16.118058692737634,47.04770709737383
Steiermark,6,16.11232472070792,47.04917783362073
Steiermark,6,16.09608183202727,47.06275462114006
Steiermark,6,16.087587485818535,47.07458687187005
Steiermark,6,16.0886418776619,47.08065256086116
Steiermark,6,16.091811591296565,47.09867915949745
Steiermark,6,16.095387290660934,47.11056794685499
Steiermark,6,16.10630789368254,47.11459243153097
Steiermark,6,16.10970546119019,47.118993207520774
Steiermark,6,16.114561456000445,47.13547925538717
Steiermark,6,16.115769733032813,47.14480991276592
Steiermark,6,16.11554521344413,47.151743469497816
Steiermark,6,16.114786830599783,47.16177590505226
Steiermark,6,16.111552180284846,47.168719844561025
Steiermark,6,16.108797983130763,47.17171677417458
Steiermark,6,16.106505157133395,47.182505716058834
Steiermark,6,16.099887397708265,47.18826238435403
Steiermark,6,16.099177904230107,47.19355770860763
Steiermark,6,16.097351477124153,47.197253512417454
Steiermark,6,16.09148111537997,47.20342862590461
Steiermark,6,16.092079438476034,47.209578912515056
Steiermark,6,16.088389241319682,47.214161302512906
Steiermark,6,16.085178223428823,47.22092456902007
Steiermark,6,16.08410675443309,47.22395428708411
Steiermark,6,16.080386583433555,47.226320583039815
Steiermark,6,16.08537250786312,47.232127936430466
Steiermark,6,16.084840245313547,47.23628446659903
Steiermark,6,16.089352622244387,47.24279974697344
Steiermark,6,16.08679004318201,47.25103098649051
Steiermark,6,16.083621118300048,47.25486838142418
Steiermark,6,16.082292798651373,47.26018827818911
Steiermark,6,16.08278500722206,47.26433712313458
Steiermark,6,16.075343580144736,47.27284750942244
Steiermark,6,16.07215032172545,47.2808195005767
Steiermark,6,16.067675231413826,47.29127250704091
Steiermark,6,16.062558011959876,47.29611057153371
Steiermark,6,16.061267644231467,47.29937079985857
Steiermark,6,16.06369948936184,47.3049153819401
Steiermark,6,16.060578703030163,47.31579485331422
Steiermark,6,16.051767259103237,47.31727096655805
Steiermark,6,16.051733276597947,47.3202310904309
Steiermark,6,16.050263095613193,47.32724634158143
Steiermark,6,16.05092920943886,47.33373574487347
Steiermark,6,16.047167837380304,47.33590075531397
Steiermark,6,16.036267798768588,47.34461247389517
Steiermark,6,16.034370239644655,47.34921294567851
Steiermark,6,16.034024521625877,47.352558327338535
Steiermark,6,16.02982256825324,47.36035340849829
Steiermark,6,16.021946741248648,47.36226957977434
Steiermark,6,16.031207820678343,47.37970597412646
Steiermark,6,16.064836262229143,47.3914760901296
Steiermark,6,16.072830703112487,47.40455005184648
Steiermark,6,16.09641495799185,47.409152778431924
Steiermark,6,16.083278107105507,47.39776314650041
Steiermark,6,16.106242861474712,47.39948671803475
Steiermark,6,16.102340515066267,47.41519088591768
Steiermark,6,16.143002204248855,47.41801346369597
Steiermark,6,16.172886653292764,47.42281555802388
Tirol,7,12.657453973649114,47.10000921275831
Tirol,7,12.617204983154496,47.12196527105576
Tirol,7,12.57946418259367,47.132281107319805
Tirol,7,12.545757186009583,47.129372846053315
Tirol,7,12.512666631283883,47.15208624856874
Tirol,7,12.466152734234846,47.14485684357162
Tirol,7,12.4248489149832,47.144276300279245
Tirol,7,12.363857456739918,47.14188976346249
Tirol,7,12.313713958642937,47.10342381656443
Tirol,7,12.262013038131458,47.07322140891118
Tirol,7,12.21722984607922,47.04558559448418
Tirol,7,12.180780461745703,47.02599460902351
Tirol,7,12.15387802219296,47.02434852485792
Tirol,7,12.12659821479095,47.013599678510985
Tirol,7,12.131187107590607,46.99372518981591
Tirol,7,12.13873776026682,46.98247874827373
Tirol,7,12.132459237161012,46.96281135533626
Tirol,7,12.168371523819335,46.93374053087162
Tirol,7,12.160249444672353,46.9095747614355
Tirol,7,12.181122075371519,46.908481528006185
Tirol,7,12.19495722059467,46.900921445046
Tirol,7,12.200124489154579,46.887853424290874
Tirol,7,12.222662095256299,46.880330799917864
Tirol,7,12.236465952555157,46.8891893940129
Tirol,7,12.261084349009195,46.88711865634978
Tirol,7,12.276435029933925,46.87315362387651
Tirol,7,12.29258401451061,46.8502627700006
Tirol,7,12.307318495653474,46.841612178165946
Tirol,7,12.283477360107845,46.81540837689403
Tirol,7,12.280785143332102,46.792407028956106
Tirol,7,12.309763782625398,46.785428613721166
Tirol,7,12.357989819439391,46.77543109723338
Tirol,7,12.369715593767037,46.74084860921578
Tirol,7,12.379650196871761,46.72090219222735
Tirol,7,12.399878118675371,46.71063355345053
Tirol,7,12.414395379695112,46.70127924443037
Tirol,7,12.44317434039964,46.68889753236489
Tirol,7,12.46318502245312,46.687004219855375
Tirol,7,12.497719304265432,46.67876269997366
Tirol,7,12.506728342918612,46.67824874967348
Tirol,7,12.537209494554142,46.66787723211198
Tirol,7,12.565725020608975,46.65221186169689
Tirol,7,12.613440001649646,46.65871265670971
Tirol,7,12.642304567442473,46.652434767193846
Tirol,7,12.682635880857955,46.656344475075045
Tirol,7,12.690690141441559,46.675299827130495
Tirol,7,12.69273592717021,46.689229379965674
Tirol,7,12.705982202309192,46.705781989004564
Tirol,7,12.71233012458392,46.7361022268266
Tirol,7,12.73902972620795,46.74147081514889
Tirol,7,12.767088160443361,46.749973267493324
Tirol,7,12.79475612449332,46.7550074411619
Tirol,7,12.814366595025366,46.74940001908256
Tirol,7,12.841848999504313,46.74978166182268
Tirol,7,12.90001756993003,46.7772942578115
Tirol,7,12.945421244650667,46.769944591792395
Tirol,7,12.964665970300802,46.78595167751416
Tirol,7,12.934747909156837,46.81163858256965
Tirol,7,12.89297917629355,46.82942053914963
Tirol,7,12.87724376129288,46.84492727116999
Tirol,7,12.844259026433651,46.873816609604276
Tirol,7,12.839057474198977,46.910432740419736
Tirol,7,12.820645523897038,46.921244072247575
Tirol,7,12.783569211169661,46.93236058474826
Tirol,7,12.763100580840177,46.95153127372176
Tirol,7,12.744593727962963,46.96793209967855
Tirol,7,12.726525176985179,46.99284517538218
Tirol,7,12.736396137013559,47.01347786399862
Tirol,7,12.756755501461473,47.03399625526675
Tirol,7,12.743047993485956,47.04223339862196
Tirol,7,12.700211875425117,47.0735457362344
Tirol,7,12.681476542352437,47.08453525052671
Tirol,7,12.657453973649114,47.10000921275831
Tirol,8,10.454786786565249,47.55640583665213
Tirol,8,10.471075699689887,47.58033664603408
Tirol,8,10.47274759891986,47.58754369382229
Tirol,8,10.433300274243226,47.58218734279937
Tirol,8,10.43226254181981,47.57304914359578
Tirol,8,10.450581215813092,47.55596107773839
Tirol,8,10.454786786565249,47.55640583665213
Tirol,9,12.575671173232084,47.63287248321066
Tirol,9,12.499803946866,47.62565664250679
Tirol,9,12.454478233707476,47.66391653618354
Tirol,9,12.441385520755357,47.674457380510006
Tirol,9,12.443620600708433,47.69241295591244
Tirol,9,12.401992340769226,47.69284567546587
Tirol,9,12.35308733475878,47.691267925352584
Tirol,9,12.338618980098,47.69756922086562
Tirol,9,12.263843679645715,47.67889614919078
Tirol,9,12.241858753535903,47.6949539440085
Tirol,9,12.26379611651002,47.73747931237616
Tirol,9,12.212558312551803,47.71177454498829
Tirol,9,12.18704170877402,47.704238763601296
Tirol,9,12.182781191628582,47.66867320894391
Tirol,9,12.208837907038632,47.61403789316529
Tirol,9,12.17872635993851,47.601455193708574
Tirol,9,12.140378582096256,47.60590264266453
Tirol,9,12.078745264757785,47.61408348866079
Tirol,9,12.051795165174394,47.61545167557422
Tirol,9,12.0224704391904,47.611653090509925
Tirol,9,12.000026776901079,47.62207690425269
Tirol,9,11.968721690346587,47.617813177777826
Tirol,9,11.895683349575783,47.609626689093375
Tirol,9,11.844748280638827,47.581743204388935
Tirol,9,11.790089477082553,47.58826645041256
Tirol,9,11.68177170042074,47.58440645250159
Tirol,9,11.64385168971325,47.589880422832586
Tirol,9,11.631536486824611,47.58718115790766
Tirol,9,11.624470787427558,47.58457792476733
Tirol,9,11.60625771372391,47.58163392577447
Tirol,9,11.590150779870315,47.55233238129889
Tirol,9,11.572906336625326,47.51507816583363
Tirol,9,11.519096624695715,47.51157514229522
Tirol,9,11.489897802925732,47.507666756644724
Tirol,9,11.443649674370409,47.5148119816939
Tirol,9,11.420995001398005,47.50405354778914
Tirol,9,11.39545183969349,47.482780107018236
Tirol,9,11.409902255736581,47.467302042461114
Tirol,9,11.421653169103287,47.44515887435693
Tirol,9,11.402462289518844,47.44863403178285
Tirol,9,11.371583589511417,47.44600504989173
Tirol,9,11.34478751274247,47.45027978185928
Tirol,9,11.330101740936312,47.438670691905216
Tirol,9,11.300069856245228,47.4313390777956
Tirol,9,11.293697606829774,47.41967034206382
Tirol,9,11.263308733451169,47.39992174633306
Tirol,9,11.225397869950786,47.39581994317357
Tirol,9,11.232797535914939,47.411340793830924
Tirol,9,11.250429286344012,47.43290249432841
Tirol,9,11.198308800896468,47.42807685185813
Tirol,9,11.141456818391825,47.414697798989295
Tirol,9,11.115271313541724,47.39603467861964
Tirol,9,11.062016250013313,47.39713778338267
Tirol,9,11.038618300368261,47.39716108360971
Tirol,9,11.005378844278798,47.39471580060419
Tirol,9,10.979981275309884,47.397540443834814
Tirol,9,10.9721093693263,47.41784297622731
Tirol,9,10.958585650588505,47.452129249620356
Tirol,9,10.937601923568284,47.481730200667535
Tirol,9,10.881881685579373,47.47978041351664
Tirol,9,10.872202177212866,47.49339494188786
Tirol,9,10.898139765379188,47.508729743233765
Tirol,9,10.904781292449924,47.51867328051591
Tirol,9,10.862526162298865,47.5345917836806
Tirol,9,10.838930005098662,47.526039742191244
Tirol,9,10.813035058926788,47.520650667212855
Tirol,9,10.777903987800844,47.514514808243575
Tirol,9,10.762588064669197,47.52336272183914
Tirol,9,10.754216409212384,47.53559361838742
Tirol,9,10.709364445707818,47.544315976631054
Tirol,9,10.69138073188644,47.559378331855804
Tirol,9,10.626475041986088,47.56161640577004
Tirol,9,10.59832533544934,47.57034681908133
Tirol,9,10.579688228619423,47.55385482946278
Tirol,9,10.571470506859884,47.53407356935674
Tirol,9,10.524892889021759,47.53577098814367
Tirol,9,10.454786786565249,47.55640583665213
Tirol,9,10.431652069443572,47.50436765771363
Tirol,9,10.45787286559903,47.48317169332028
Tirol,9,10.466986604559425,47.47410673224302
Tirol,9,10.466228799548869,47.453543577971146
Tirol,9,10.472360387323924,47.44134888437976
Tirol,9,10.459545518419048,47.428734759771345
Tirol,9,10.438888197566914,47.41413523581384
Tirol,9,10.43467146881624,47.40057809663362
Tirol,9,10.43123989774754,47.384534987030946
Tirol,9,10.400857517504859,47.37818363560436
Tirol,9,10.386007554742896,47.36237825390492
Tirol,9,10.371221048961017,47.34590853677035
Tirol,9,10.345709827212525,47.320459686523066
Tirol,9,10.339690917388392,47.3111204184145
Tirol,9,10.316912927106388,47.30734752742907
Tirol,9,10.285231042175239,47.29180339436318
Tirol,9,10.261829609120152,47.28484819773146
Tirol,9,10.238544638474169,47.27251443480407
Tirol,9,10.201536677008976,47.27748460757884
Tirol,9,10.183242892682985,47.26184139356975
Tirol,9,10.22389053566518,47.25057239078008
Tirol,9,10.200681604234058,47.23390467730282
Tirol,9,10.208578191209577,47.22681891962935
Tirol,9,10.212982058315708,47.204849561532505
Tirol,9,10.200082522181539,47.18237479560646
Tirol,9,10.209456341354379,47.17054560947549
Tirol,9,10.214922239344457,47.14428601245428
Tirol,9,10.210825040271306,47.13383317300749
Tirol,9,10.18681133375446,47.12015016569929
Tirol,9,10.169004983373535,47.11974934343266
Tirol,9,10.145164588634476,47.0975022471329
Tirol,9,10.145474113905758,47.06140070661618
Tirol,9,10.146735775616268,47.037869069140044
Tirol,9,10.133058216159926,47.01257303333196
Tirol,9,10.160242668588054,46.984705630806964
Tirol,9,10.1432677340975,46.976570163711095
Tirol,9,10.135063650620308,46.955146846120265
Tirol,9,10.112228102630596,46.93502042059927
Tirol,9,10.098088784933168,46.924707957256274
Tirol,9,10.109979058514414,46.901211179588586
Tirol,9,10.141690920166296,46.87518121763608
Tirol,9,10.140055021002532,46.8626624323763
Tirol,9,10.156158381525815,46.848417136049676
Tirol,9,10.182294191851092,46.85605287960866
Tirol,9,10.199304262735147,46.867169309054134
Tirol,9,10.231133775141933,46.86997843308206
Tirol,9,10.227899642407383,46.890750436294184
Tirol,9,10.242311916954101,46.91937515441592
Tirol,9,10.2971729079671,46.920495616476
Tirol,9,10.306470384430966,46.94068897899799
Tirol,9,10.324849984957307,46.95272754676273
Tirol,9,10.341019658598741,46.97892434136369
Tirol,9,10.355298882400245,46.992909954513294
Tirol,9,10.399022651680028,46.99742747472678
Tirol,9,10.4268981909683,46.97622853330657
Tirol,9,10.42417131214236,46.959443326936636
Tirol,9,10.449467202388604,46.95285797624956
Tirol,9,10.476514255656662,46.941571502382004
Tirol,9,10.485596845381364,46.91916182671394
Tirol,9,10.475494836938434,46.90167158645504
Tirol,9,10.471575265820128,46.8734921704804
Tirol,9,10.483188620684869,46.85713832217505
Tirol,9,10.491395171860054,46.852772036716374
Tirol,9,10.494355458195493,46.849208211826465
Tirol,9,10.55277840748751,46.85055820256021
Tirol,9,10.57056185858023,46.842821922506666
Tirol,9,10.595848315431962,46.85779684338444
Tirol,9,10.65416962544106,46.86731717225481
Tirol,9,10.678445212976934,46.87127133835028
Tirol,9,10.693578601965083,46.858470174639585
Tirol,9,10.71705220403279,46.84758438715953
Tirol,9,10.737157936532272,46.834947742321994
Tirol,9,10.76316536162849,46.8210250923506
Tirol,9,10.736086791441657,46.79987190270092
Tirol,9,10.751089445887215,46.787999870050015
Tirol,9,10.778869762776564,46.79141173960226
Tirol,9,10.796274064251307,46.791825058838896
Tirol,9,10.832414820912115,46.78094532200686
Tirol,9,10.853345260569814,46.7745360505512
Tirol,9,10.88302872903295,46.76335997059066
Tirol,9,10.915706649117173,46.774429729887665
Tirol,9,10.975210230930957,46.773071504693284
Tirol,9,10.988437587966633,46.768930195192866
Tirol,9,11.022617219172353,46.76591719914073
Tirol,9,11.036436435634007,46.794391647545545
Tirol,9,11.057391475596408,46.80862876682132
Tirol,9,11.083705706328145,46.82278677169474
Tirol,9,11.071815505197739,46.85377096650186
Tirol,9,11.096898589266397,46.884096667986434
Tirol,9,11.095367385786504,46.9080126635003
Tirol,9,11.111569911331621,46.92070988636226
Tirol,9,11.129991611206787,46.92824396253868
Tirol,9,11.164537115392257,46.94045139816964
Tirol,9,11.164214661001681,46.95764505771989
Tirol,9,11.190329584690048,46.97105436666347
Tirol,9,11.207436369258456,46.96299899636163
Tirol,9,11.257051905313107,46.97468379231634
Tirol,9,11.277574986771103,46.981161397913816
Tirol,9,11.302259289655467,46.98360619546063
Tirol,9,11.334208003549406,46.98899671354178
Tirol,9,11.351192776087194,46.9898100448398
Tirol,9,11.37630864965844,46.97998946592604
Tirol,9,11.401963287836969,46.96548911058773
Tirol,9,11.420312139775705,46.96967781541874
Tirol,9,11.453056728349269,46.99282769066478
Tirol,9,11.46898896286928,46.99904015266986
Tirol,9,11.501273790554263,47.007822689892365
Tirol,9,11.516004588727293,47.00313375092095
Tirol,9,11.538988578923801,46.984592046591146
Tirol,9,11.581861521630211,46.997640329471544
Tirol,9,11.610285431356573,47.01152893692472
Tirol,9,11.635403822219779,47.00361241532557
Tirol,9,11.677980121258498,46.99302235828098
Tirol,9,11.718638955445556,46.98435898710676
Tirol,9,11.752618160366255,46.97215764816062
Tirol,9,11.782273027485292,46.99296592291626
Tirol,9,11.8280217919624,46.99368303449946
Tirol,9,11.8528662948265,47.00061733265743
Tirol,9,11.88059930811778,47.016669316327466
Tirol,9,11.917198116916287,47.033680669843925
Tirol,9,11.956215959269247,47.04348131928659
Tirol,9,11.979898105973076,47.050548147891085
Tirol,9,12.031563512781334,47.05113490282537
Tirol,9,12.060032678782248,47.059023887573346
Tirol,9,12.09028199608588,47.07267904788797
Tirol,9,12.13088584088355,47.078409522282634
Tirol,9,12.129946497944987,47.10582806612413
Tirol,9,12.11234830776552,47.13902734215055
Tirol,9,12.087641189819255,47.169174429051836
Tirol,9,12.083339039384235,47.19623913883648
Tirol,9,12.087965609515843,47.21025403906581
Tirol,9,12.107000810991627,47.23736779151281
Tirol,9,12.103669450825073,47.25254494958677
Tirol,9,12.082359228770333,47.28137386112164
Tirol,9,12.104150346859255,47.29862018063445
Tirol,9,12.130655807216508,47.29635731515642
Tirol,9,12.15540457502589,47.29409501316623
Tirol,9,12.170081825312085,47.303294501606636
Tirol,9,12.19115873288095,47.3018625281867
Tirol,9,12.22351549159798,47.313205204481584
Tirol,9,12.248369879003327,47.30365054640494
Tirol,9,12.29240023710476,47.323025782643576
Tirol,9,12.317454551052057,47.33018697939102
Tirol,9,12.342825511375008,47.32229802942804
Tirol,9,12.375184632600757,47.31183380381922
Tirol,9,12.418929352790116,47.322057925034656
Tirol,9,12.48768804340281,47.33806854302922
Tirol,9,12.499006119829916,47.345240472368396
Tirol,9,12.488513416523949,47.35997439472324
Tirol,9,12.479935441174646,47.371505467216274
Tirol,9,12.506709802454287,47.39466054718477
Tirol,9,12.545923383785365,47.398571291123766
Tirol,9,12.565168594212611,47.39531196139028
Tirol,9,12.597840392136828,47.40843699639552
Tirol,9,12.622960536664486,47.418905061268404
Tirol,9,12.633460452771216,47.45216211495148
Tirol,9,12.665881684483601,47.46533801318144
Tirol,9,12.700242571258316,47.478420972196396
Tirol,9,12.68766757622969,47.491765689604584
Tirol,9,12.665778569093163,47.50660831077672
Tirol,9,12.64545468468661,47.53896916985683
Tirol,9,12.64227822798215,47.55504836548981
Tirol,9,12.653229281929168,47.589683139672196
Tirol,9,12.60866721458768,47.5993471974923
Tirol,9,12.570653159872794,47.61683009633765
Tirol,9,12.575671173232084,47.63287248321066
Vorarlberg,10,10.178645537062396,47.270697133679285
Vorarlberg,10,10.175500857045717,47.27635224817968
Vorarlberg,10,10.177480695317723,47.29106108415705
Vorarlberg,10,10.189968262287028,47.294537766331175
Vorarlberg,10,10.212062606844482,47.3113242382278
Vorarlberg,10,10.207726106322394,47.332903860164066
Vorarlberg,10,10.217301340728477,47.35494830492002
Vorarlberg,10,10.231995605079511,47.37956482978372
Vorarlberg,10,10.212909508542888,47.38098835941168
Vorarlberg,10,10.187565889668308,47.390582482715466
Vorarlberg,10,10.169705305390348,47.386428067353854
Vorarlberg,10,10.11963725207186,47.37621107138229
Vorarlberg,10,10.081966818991425,47.401987916966526
Vorarlberg,10,10.072404751110112,47.41186668330312
Vorarlberg,10,10.095990046030108,47.41848952657355
Vorarlberg,10,10.093353177129924,47.447983420827796
Vorarlberg,10,10.088008258163185,47.459371612254046
Vorarlberg,10,10.068663994226505,47.46149002044034
Vorarlberg,10,10.054402426350226,47.47653770460987
Vorarlberg,10,10.03771836183979,47.48979051092254
Vorarlberg,10,10.00105852443464,47.48271851544577
Vorarlberg,10,9.98987627187605,47.506358152234306
Vorarlberg,10,9.971976580577264,47.516121337407576
Vorarlberg,10,9.967529436916639,47.53096380271789
Vorarlberg,10,9.967416181994503,47.54195530131383
Vorarlberg,10,9.963471858478783,47.54291099745846
Vorarlberg,10,9.963991470088729,47.53533994469224
Vorarlberg,10,9.922185029016296,47.5302647306166
Vorarlberg,10,9.889390852206398,47.54460744793367
Vorarlberg,10,9.878323745448341,47.539364856811915
Vorarlberg,10,9.868771043836936,47.53266828917787
Vorarlberg,10,9.844697236721654,47.541926474851195
Vorarlberg,10,9.817129589930502,47.5536604910093
Vorarlberg,10,9.826084592320319,47.574421065345064
Vorarlberg,10,9.818079835098171,47.58951312360597
Vorarlberg,10,9.785478030003738,47.594279225483966
Vorarlberg,10,9.769620988653138,47.58802223185189
Vorarlberg,10,9.760948365113181,47.584193211343425
Vorarlberg,10,9.748291715111947,47.57113995505681
Vorarlberg,10,9.743666022991905,47.55939746449387
Vorarlberg,10,9.735929621528822,47.534834133031794
Vorarlberg,10,9.596182519731691,47.46340700752573
Vorarlberg,10,9.6225574226189,47.458104221087005
Vorarlberg,10,9.647214381056239,47.44062770575232
Vorarlberg,10,9.654620743429177,47.40501321473573
Vorarlberg,10,9.673389248843444,47.3816755805155
Vorarlberg,10,9.626514485710386,47.36568974318453
Vorarlberg,10,9.588234990337847,47.31785368900164
Vorarlberg,10,9.530952372466038,47.27118170195606
Vorarlberg,10,9.56743573785491,47.242471890402356
Vorarlberg,10,9.558758289725883,47.22471257169607
Vorarlberg,10,9.585102495919987,47.205938334632926
Vorarlberg,10,9.567477657594543,47.17378960567996
Vorarlberg,10,9.596964532538909,47.163476463305706
Vorarlberg,10,9.614185012382555,47.148116196305715
Vorarlberg,10,9.622832191877025,47.14198424075289
Vorarlberg,10,9.62540639591591,47.119713178500696
Vorarlberg,10,9.628705546369584,47.10812556877687
Vorarlberg,10,9.633753198498349,47.084006023501836
Vorarlberg,10,9.61070906520367,47.07575989423197
Vorarlberg,10,9.607280034709428,47.06134874192372
Vorarlberg,10,9.645287843344999,47.06035074272312
Vorarlberg,10,9.688427330703915,47.055801279543154
Vorarlberg,10,9.705909674307925,47.05092488220001
Vorarlberg,10,9.745442634718788,47.041675766539555
Vorarlberg,10,9.785161677404894,47.03905741385848
Vorarlberg,10,9.823782717989925,47.0204283259999
Vorarlberg,10,9.839983381919904,47.01322307505654
Vorarlberg,10,9.857212544121502,47.01937093798603
Vorarlberg,10,9.880607908836238,47.01779181226759
Vorarlberg,10,9.889035841625706,47.00129272933861
Vorarlberg,10,9.883348631253766,46.98383156407697
Vorarlberg,10,9.87098539585028,46.96377154082307
Vorarlberg,10,9.877021509158354,46.948182476684046
Vorarlberg,10,9.88097859727893,46.935575765722795
Vorarlberg,10,9.906577091164051,46.92585791244651
Vorarlberg,10,9.946381846764655,46.91290406216828
Vorarlberg,10,9.978131578358905,46.916436995543684
Vorarlberg,10,9.990375603983567,46.90296067947053
Vorarlberg,10,10.02012913323846,46.89933018793103
Vorarlberg,10,10.042708777186142,46.88098814661129
Vorarlberg,10,10.075205641450813,46.86248689082911
Vorarlberg,10,10.09223058938218,46.851969616298135
Vorarlberg,10,10.120205009033649,46.84791978546616
Vorarlberg,10,10.145238298059983,46.85154440922161
Vorarlberg,10,10.139071426520434,46.86826407660016
Vorarlberg,10,10.11756274523687,46.88587580341917
Vorarlberg,10,10.109168922008584,46.90896280950584
Vorarlberg,10,10.106202269204463,46.92980238646273
Vorarlberg,10,10.120656662745338,46.93830095578944
Vorarlberg,10,10.135132831613193,46.96647826666512
Vorarlberg,10,10.145017238871057,46.983936899076156
Vorarlberg,10,10.159866781083556,46.999468704987926
Vorarlberg,10,10.129384993273256,47.027189332798635
Vorarlberg,10,10.157194869810615,47.049433035071964
Vorarlberg,10,10.133036692586778,47.08207003525898
Vorarlberg,10,10.158599534370092,47.11532446898868
Vorarlberg,10,10.183071875590251,47.120878134253246
Vorarlberg,10,10.195989357509648,47.13170967131988
Vorarlberg,10,10.203687819159871,47.1430306996603
Vorarlberg,10,10.222329609635919,47.15341783062697
Vorarlberg,10,10.206069909857959,47.174784059200704
Vorarlberg,10,10.19713513196514,47.19493937961342
Vorarlberg,10,10.211529689441166,47.22053941346668
Vorarlberg,10,10.210639885098075,47.22945502142299
Vorarlberg,10,10.211406952850268,47.248663765224684
Vorarlberg,10,10.196816570651716,47.25829788923731
Vorarlberg,10,10.178645537062396,47.270697133679285
Wien,11,16.416449048842328,48.32269765093788
Wien,11,16.39533687206368,48.31977520555991
Wien,11,16.39003406156352,48.32154519180511
Wien,11,16.38179830122928,48.31338159191089
Wien,11,16.381032413044473,48.30251937424819
Wien,11,16.3683436503442,48.28734487165099
Wien,11,16.35471569822515,48.28419900062834
Wien,11,16.333438440953458,48.2814156776854
Wien,11,16.307059613448946,48.27225895349794
Wien,11,16.292513801752783,48.26720600916052
Wien,11,16.27071966630682,48.254432909749696
Wien,11,16.262202728196364,48.24599543649226
Wien,11,16.242727059775433,48.238826297050544
Wien,11,16.222531505556766,48.258704346778735
Wien,11,16.20685899051789,48.256770434610054
Wien,11,16.200735769019346,48.23136801456837
Wien,11,16.198952791441737,48.22339369571486
Wien,11,16.20311235287789,48.20530327678665
Wien,11,16.188732310523722,48.174371402292145
Wien,11,16.197376489859963,48.16445292185386
Wien,11,16.224527303268943,48.152531030782775
Wien,11,16.21103639091354,48.148122011082336
Wien,11,16.237350378052966,48.135330365487015
Wien,11,16.21604344590023,48.1258446057197
Wien,11,16.258566873521048,48.13013756228513
Wien,11,16.299742670546955,48.12581681433427
Wien,11,16.325796538870648,48.138286274703724
Wien,11,16.40632455254462,48.12247286414526
Wien,11,16.421699153664683,48.12112235385043
Wien,11,16.43433413856167,48.1383655389335
Wien,11,16.48935689577044,48.1556687357952
Wien,11,16.52712831151284,48.154819036579966
Wien,11,16.574538247401687,48.15565961529568
Wien,11,16.562845289574717,48.16085459486949
Wien,11,16.554278266678356,48.16254756865359
Wien,11,16.546982783845124,48.17837988431556
Wien,11,16.5376051510267,48.175102578075084
Wien,11,16.54238749135898,48.18129152131435
Wien,11,16.537500772892606,48.2009351461586
Wien,11,16.549435424359974,48.24319345496138
Wien,11,16.531458951188455,48.26292423208322
Wien,11,16.515349963589845,48.271529513339786
Wien,11,16.482433610379125,48.294039096526
Wien,11,16.441625266613094,48.292428938448516
Wien,11,16.416449048842328,48.32269765093788
