station_id,station_name,year,n_observed,jja_observed,days_ge_25,days_ge_30,days_ge_35,tmax_year,complete
165,Abtenau,1963,153,31,16,2,0,32.4,false
165,Abtenau,1964,366,92,42,4,0,31.4,true
165,Abtenau,1965,365,92,27,6,0,34.5,true
165,Abtenau,1966,365,92,34,5,0,32.1,true
165,Abtenau,1967,365,92,38,7,0,33.6,true
165,Abtenau,1968,366,92,36,1,0,30.7,true
165,Abtenau,1969,365,92,41,6,0,32.5,true
165,Abtenau,1970,365,92,42,3,0,30.7,true
165,Abtenau,1971,365,92,37,8,1,35.0,true
165,Abtenau,1972,365,91,33,7,0,33.6,false
165,Abtenau,1973,364,92,40,3,0,32.0,true
165,Abtenau,1974,364,92,41,7,0,33.0,true
165,Abtenau,1975,364,92,54,3,0,31.0,true
165,Abtenau,1976,364,90,42,4,0,32.0,false
165,Abtenau,1977,365,92,36,2,0,32.0,true
165,Abtenau,1978,365,92,27,1,0,30.0,true
165,Abtenau,1979,365,92,36,2,0,30.0,true
165,Abtenau,1980,366,92,27,4,0,34.5,true
165,Abtenau,1981,365,92,40,5,1,35.0,true
165,Abtenau,1982,365,92,57,5,0,31.0,true
165,Abtenau,1983,365,92,64,11,1,36.5,true
165,Abtenau,1984,366,92,21,4,1,36.8,true
165,Abtenau,1985,365,92,39,7,0,32.2,true
165,Abtenau,1986,365,92,52,5,0,32.3,true
165,Abtenau,1987,365,92,46,7,0,32.0,true
165,Abtenau,1988,366,92,41,6,0,33.5,true
165,Abtenau,1989,365,92,32,2,0,33.3,true
165,Abtenau,1990,365,92,44,7,0,30.7,true
165,Abtenau,1991,364,92,43,6,0,32.0,true
165,Abtenau,1992,366,92,53,16,0,33.6,true
165,Abtenau,1993,365,92,51,8,0,32.2,true
165,Abtenau,1994,365,92,58,22,1,35.0,true
165,Abtenau,1995,365,92,44,8,0,33.5,true
165,Abtenau,1996,366,92,42,5,0,32.0,true
165,Abtenau,1997,365,92,52,3,0,30.7,true
165,Abtenau,1998,365,92,54,15,1,36.0,true
165,Abtenau,1999,365,92,56,9,2,35.8,true
165,Abtenau,2000,366,92,64,13,0,33.5,true
165,Abtenau,2001,120,0,1,0,0,25.0,false
165,Abtenau,2008,189,67,36,4,0,31.6,false
165,Abtenau,2009,365,92,42,3,1,35.5,true
165,Abtenau,2010,365,92,41,14,0,34.1,true
165,Abtenau,2011,365,92,47,10,0,34.1,true
165,Abtenau,2012,366,92,55,14,0,33.8,true
165,Abtenau,2013,365,92,49,16,1,36.8,true
165,Abtenau,2014,365,92,36,9,0,33.3,true
165,Abtenau,2015,365,92,59,34,1,35.1,true
165,Abtenau,2016,366,92,54,8,0,32.4,true
165,Abtenau,2017,365,92,57,12,1,35.8,true
165,Abtenau,2018,365,92,70,11,0,33.3,true
165,Abtenau,2019,365,92,62,19,1,35.5,true
165,Abtenau,2020,366,92,46,7,0,32.5,true
165,Abtenau,2021,365,92,48,9,0,33.4,true
165,Abtenau,2022,365,92,61,11,0,33.7,true
165,Abtenau,2023,365,92,63,20,2,35.6,true
165,Abtenau,2024,366,92,69,18,0,34.4,true
165,Abtenau,2025,365,92,57,18,0,33.4,true
165,Abtenau,2026,242,91,69,34,6,36.7,true
2,Aigen im Ennstal,1939,306,92,32,3,0,31.5,true
2,Aigen im Ennstal,1940,366,92,18,1,0,30.5,true
2,Aigen im Ennstal,1941,365,92,31,1,0,30.5,true
2,Aigen im Ennstal,1942,365,92,42,0,0,29.4,true
2,Aigen im Ennstal,1943,365,92,46,9,1,35.2,true
2,Aigen im Ennstal,1944,366,92,48,7,0,32.5,true
2,Aigen im Ennstal,1945,31,0,0,0,0,3.2,false
2,Aigen im Ennstal,1963,365,92,38,6,0,32.0,true
2,Aigen im Ennstal,1964,366,92,41,0,0,29.8,true
2,Aigen im Ennstal,1965,365,92,28,5,0,31.3,true
2,Aigen im Ennstal,1966,365,92,35,1,0,30.8,true
2,Aigen im Ennstal,1967,365,92,33,6,0,32.0,true
2,Aigen im Ennstal,1968,366,92,31,4,0,32.0,true
2,Aigen im Ennstal,1969,365,92,40,2,0,30.8,true
2,Aigen im Ennstal,1970,365,92,40,2,0,30.8,true
2,Aigen im Ennstal,1971,365,92,39,4,0,33.2,true
2,Aigen im Ennstal,1972,366,92,29,6,0,32.2,true
2,Aigen im Ennstal,1973,364,92,40,3,0,31.0,true
2,Aigen im Ennstal,1974,365,92,31,5,0,30.6,true
2,Aigen im Ennstal,1975,365,92,31,0,0,29.7,true
2,Aigen im Ennstal,1976,366,92,29,3,0,34.7,true
2,Aigen im Ennstal,1977,365,92,30,1,0,30.4,true
2,Aigen im Ennstal,1978,365,92,21,0,0,28.7,true
2,Aigen im Ennstal,1979,364,92,37,0,0,28.8,true
2,Aigen im Ennstal,1980,366,92,21,3,0,33.7,true
2,Aigen im Ennstal,1981,365,92,34,4,0,32.4,true
2,Aigen im Ennstal,1982,365,92,38,0,0,29.6,true
2,Aigen im Ennstal,1983,365,92,53,7,0,34.6,true
2,Aigen im Ennstal,1984,366,92,24,4,0,34.5,true
2,Aigen im Ennstal,1985,365,92,42,5,0,32.3,true
2,Aigen im Ennstal,1986,365,92,54,6,0,33.2,true
2,Aigen im Ennstal,1987,365,92,53,4,0,31.5,true
2,Aigen im Ennstal,1988,366,92,39,6,0,34.0,true
2,Aigen im Ennstal,1989,365,92,29,1,0,31.0,true
2,Aigen im Ennstal,1990,365,92,42,4,0,30.9,true
2,Aigen im Ennstal,1991,365,92,42,4,0,32.1,true
2,Aigen im Ennstal,1992,366,92,48,15,0,32.4,true
2,Aigen im Ennstal,1993,365,92,40,3,0,31.3,true
2,Aigen im Ennstal,1994,365,92,55,15,0,33.3,true
2,Aigen im Ennstal,1995,365,92,37,5,0,33.3,true
2,Aigen im Ennstal,1996,366,92,34,4,0,31.5,true
2,Aigen im Ennstal,1997,365,92,40,0,0,29.6,true
2,Aigen im Ennstal,1998,365,92,43,10,0,33.2,true
2,Aigen im Ennstal,1999,365,92,35,3,0,31.1,true
2,Aigen im Ennstal,2000,366,92,48,7,0,32.0,true
2,Aigen im Ennstal,2001,365,92,44,7,0,31.9,true
2,Aigen im Ennstal,2002,365,92,45,8,0,33.2,true
2,Aigen im Ennstal,2003,365,92,75,22,0,33.9,true
2,Aigen im Ennstal,2004,366,92,39,2,0,31.3,true
2,Aigen im Ennstal,2005,365,92,43,11,1,35.5,true
2,Aigen im Ennstal,2006,365,92,46,10,0,33.4,true
2,Aigen im Ennstal,2007,365,92,46,9,0,34.0,true
2,Aigen im Ennstal,2008,366,92,52,6,0,32.2,true
2,Aigen im Ennstal,2009,365,92,44,4,0,34.6,true
2,Aigen im Ennstal,2010,365,92,41,14,0,34.0,true
2,Aigen im Ennstal,2011,365,92,45,11,0,34.6,true
2,Aigen im Ennstal,2012,366,92,60,14,0,32.9,true
2,Aigen im Ennstal,2013,365,92,48,16,4,35.9,true
2,Aigen im Ennstal,2014,365,92,31,7,0,32.7,true
2,Aigen im Ennstal,2015,365,92,59,25,0,34.7,true
2,Aigen im Ennstal,2016,366,92,53,5,0,32.3,true
2,Aigen im Ennstal,2017,365,92,61,11,0,33.8,true
2,Aigen im Ennstal,2018,365,92,70,8,0,31.9,true
2,Aigen im Ennstal,2019,365,92,63,16,2,35.0,true
2,Aigen im Ennstal,2020,366,92,53,6,0,32.5,true
2,Aigen im Ennstal,2021,365,92,51,16,0,32.2,true
2,Aigen im Ennstal,2022,365,92,60,12,0,33.9,true
2,Aigen im Ennstal,2023,365,92,60,16,0,33.9,true
2,Aigen im Ennstal,2024,366,92,76,20,0,33.2,true
2,Aigen im Ennstal,2025,365,92,60,19,0,34.2,true
2,Aigen im Ennstal,2026,242,91,66,27,3,35.4,true
4,Amstetten,1936,366,92,22,0,0,29.0,true
4,Amstetten,1937,365,92,27,1,0,30.1,true
4,Amstetten,1938,365,92,31,1,0,30.5,true
4,Amstetten,1939,365,92,18,1,0,30.0,true
4,Amstetten,1940,366,92,5,0,0,27.0,true
4,Amstetten,1941,365,92,38,2,0,31.4,true
4,Amstetten,1942,365,92,53,13,0,32.0,true
4,Amstetten,1943,365,92,49,9,4,36.0,true
4,Amstetten,1944,366,92,55,13,0,32.2,true
4,Amstetten,1945,105,0,0,0,0,23.0,false
4,Amstetten,1946,245,92,58,17,0,34.9,true
4,Amstetten,1947,365,92,82,32,1,36.0,true
4,Amstetten,1948,344,92,48,7,0,33.0,true
4,Amstetten,1949,365,92,47,11,0,34.0,true
4,Amstetten,1950,365,92,78,23,5,38.5,true
4,Amstetten,1951,365,92,56,15,0,33.4,true
4,Amstetten,1952,366,92,57,16,2,36.6,true
4,Amstetten,1953,365,92,60,8,0,33.4,true
4,Amstetten,1954,365,92,45,7,0,31.7,true
4,Amstetten,1955,365,92,43,3,0,31.6,true
4,Amstetten,1956,366,92,26,0,0,28.6,true
4,Amstetten,1957,365,92,40,9,3,37.4,true
4,Amstetten,1958,365,92,46,5,0,32.8,true
4,Amstetten,1959,365,92,39,3,0,31.6,true
4,Amstetten,1960,366,92,28,1,0,30.9,true
4,Amstetten,1961,365,92,46,7,0,32.5,true
4,Amstetten,1962,365,92,42,6,0,32.0,true
4,Amstetten,1963,365,92,44,9,0,34.6,true
4,Amstetten,1964,366,92,49,6,0,31.6,true
4,Amstetten,1965,365,92,29,5,0,31.7,true
4,Amstetten,1966,365,92,32,2,0,31.3,true
4,Amstetten,1967,365,92,46,10,0,32.0,true
4,Amstetten,1968,366,92,39,5,0,33.5,true
4,Amstetten,1969,365,92,45,7,0,32.0,true
4,Amstetten,1970,365,92,43,3,0,30.7,true
4,Amstetten,1971,365,92,50,14,1,35.9,true
4,Amstetten,1972,366,92,34,5,0,32.5,true
4,Amstetten,1973,365,92,57,9,0,33.4,true
4,Amstetten,1974,365,92,28,6,0,33.3,true
4,Amstetten,1975,365,92,50,0,0,28.9,true
4,Amstetten,1976,366,92,47,7,0,33.9,true
4,Amstetten,1977,365,92,34,0,0,29.6,true
4,Amstetten,1978,365,92,29,0,0,29.2,true
4,Amstetten,1979,365,92,38,1,0,31.3,true
4,Amstetten,1980,366,92,18,2,0,30.2,true
4,Amstetten,1981,365,92,48,4,0,31.3,true
4,Amstetten,1982,365,92,43,2,0,31.2,true
4,Amstetten,1983,365,92,63,8,1,35.4,true
4,Amstetten,1984,366,92,24,3,0,33.7,true
4,Amstetten,1985,365,92,39,3,0,31.4,true
4,Amstetten,1986,365,92,46,6,0,32.5,true
4,Amstetten,1987,365,92,55,3,0,31.9,true
4,Amstetten,1988,366,92,47,12,1,36.7,true
4,Amstetten,1989,61,31,23,1,0,32.5,false
4,Amstetten,1993,334,92,49,9,0,32.9,true
4,Amstetten,1994,365,92,63,25,3,35.4,true
4,Amstetten,1995,365,92,55,13,1,35.1,true
4,Amstetten,1996,366,92,47,8,0,30.9,true
4,Amstetten,1997,365,92,72,3,0,33.6,true
4,Amstetten,1998,365,92,62,19,2,36.3,true
4,Amstetten,1999,365,92,61,10,1,35.5,true
4,Amstetten,2000,366,92,68,17,0,34.0,true
4,Amstetten,2001,365,92,59,13,0,33.2,true
4,Amstetten,2002,365,92,68,13,1,35.3,true
4,Amstetten,2003,365,92,91,33,2,36.0,true
4,Amstetten,2004,366,92,51,8,0,31.7,true
4,Amstetten,2005,365,92,59,11,0,34.8,true
4,Amstetten,2006,365,92,58,21,0,34.8,true
4,Amstetten,2007,365,92,69,18,0,34.9,true
4,Amstetten,2008,366,92,63,8,0,33.0,true
4,Amstetten,2009,365,92,61,11,0,34.1,true
4,Amstetten,2010,365,92,51,19,0,33.9,true
4,Amstetten,2011,365,92,76,14,1,36.5,true
4,Amstetten,2012,366,92,77,22,0,34.4,true
4,Amstetten,2013,365,92,67,25,3,37.2,true
4,Amstetten,2014,365,92,52,10,0,34.9,true
4,Amstetten,2015,365,92,71,39,12,37.1,true
4,Amstetten,2016,366,92,75,9,0,34.1,true
4,Amstetten,2017,365,92,77,28,2,36.7,true
4,Amstetten,2018,365,92,100,31,1,36.8,true
4,Amstetten,2019,365,92,82,25,4,35.6,true
4,Amstetten,2020,366,92,73,14,0,33.8,true
4,Amstetten,2021,365,92,70,16,0,33.7,true
4,Amstetten,2022,365,92,83,21,3,35.2,true
4,Amstetten,2023,365,92,81,32,0,34.7,true
4,Amstetten,2024,366,92,92,39,0,34.6,true
4,Amstetten,2025,365,92,72,19,0,34.0,true
4,Amstetten,2026,242,91,90,48,13,39.6,true
162,Aspach,1969,122,0,0,0,0,24.7,false
162,Aspach,1970,365,92,32,1,0,30.0,true
162,Aspach,1971,365,92,37,6,0,33.4,true
162,Aspach,1972,364,92,26,3,0,31.8,true
162,Aspach,1973,362,91,32,1,0,30.7,false
162,Aspach,1974,364,92,19,5,0,32.2,true
162,Aspach,1975,365,92,37,0,0,29.2,true
162,Aspach,1976,362,92,36,6,0,32.7,true
162,Aspach,1977,361,92,18,0,0,27.8,true
162,Aspach,1978,262,61,11,0,0,28.9,false
162,Aspach,1979,365,92,30,0,0,29.5,true
162,Aspach,1980,366,92,17,2,0,31.1,true
162,Aspach,1981,365,92,37,2,0,32.0,true
162,Aspach,1982,365,92,35,0,0,29.7,true
162,Aspach,1983,365,92,52,9,1,35.3,true
162,Aspach,1984,366,92,22,2,0,32.3,true
162,Aspach,1985,365,92,38,3,0,32.2,true
162,Aspach,1986,365,92,45,2,0,30.7,true
162,Aspach,1987,365,92,33,2,0,30.4,true
162,Aspach,1988,366,92,27,2,0,33.6,true
162,Aspach,1989,365,92,33,1,0,30.4,true
162,Aspach,1990,365,92,40,3,0,30.7,true
162,Aspach,1991,365,92,30,4,0,32.2,true
162,Aspach,1992,366,92,47,14,0,34.4,true
162,Aspach,1993,365,92,38,2,0,31.4,true
162,Aspach,1994,365,92,51,19,0,33.1,true
162,Aspach,1995,365,92,40,2,0,34.2,true
162,Aspach,1996,366,92,30,2,0,30.4,true
162,Aspach,1997,365,92,45,1,0,30.5,true
162,Aspach,1998,365,92,43,8,0,34.8,true
162,Aspach,1999,365,92,39,3,0,33.8,true
162,Aspach,2000,366,92,50,11,0,32.3,true
162,Aspach,2001,365,92,51,8,0,32.0,true
162,Aspach,2002,365,92,46,9,0,33.0,true
162,Aspach,2003,365,92,86,26,1,36.9,true
162,Aspach,2004,366,92,41,3,0,30.1,true
162,Aspach,2005,365,92,42,5,0,33.0,true
162,Aspach,2006,365,92,48,13,0,33.0,true
162,Aspach,2007,90,0,0,0,0,17.1,false
162,Aspach,2009,176,54,32,3,1,36.0,false
162,Aspach,2010,365,92,43,10,0,32.7,true
162,Aspach,2011,365,92,54,6,0,33.7,true
162,Aspach,2012,366,92,63,12,0,34.5,true
162,Aspach,2013,365,92,52,18,4,35.6,true
162,Aspach,2014,363,92,40,6,0,32.9,true
162,Aspach,2015,364,92,62,34,5,35.6,true
162,Aspach,2016,366,92,61,6,0,32.8,true
162,Aspach,2017,365,92,69,17,1,35.1,true
162,Aspach,2018,365,92,80,18,0,33.5,true
162,Aspach,2019,365,92,68,15,0,34.5,true
162,Aspach,2020,366,92,50,7,0,32.1,true
162,Aspach,2021,365,92,48,7,0,32.1,true
162,Aspach,2022,365,92,66,14,0,34.2,true
162,Aspach,2023,365,92,68,20,1,35.4,true
162,Aspach,2024,366,92,76,21,0,32.7,true
162,Aspach,2025,365,92,64,17,0,33.5,true
162,Aspach,2026,237,86,73,31,5,36.4,false
170,Aspang,1948,253,92,33,1,0,31.4,true
170,Aspang,1949,365,92,33,4,0,30.9,true
170,Aspang,1950,365,92,57,15,2,35.5,true
170,Aspang,1951,365,92,44,1,0,31.6,true
170,Aspang,1952,366,92,45,12,1,35.0,true
170,Aspang,1953,365,92,37,0,0,29.9,true
170,Aspang,1954,365,92,34,0,0,29.2,true
170,Aspang,1955,365,92,23,0,0,29.4,true
170,Aspang,1956,366,92,33,0,0,29.6,true
170,Aspang,1957,365,92,34,7,2,35.0,true
170,Aspang,1958,365,92,41,6,0,31.5,true
170,Aspang,1959,365,92,31,3,0,30.7,true
170,Aspang,1960,366,92,26,2,0,30.0,true
170,Aspang,1961,365,92,46,3,0,31.1,true
170,Aspang,1962,365,92,43,5,0,32.0,true
170,Aspang,1963,365,92,38,2,0,31.1,true
170,Aspang,1964,366,92,48,2,0,31.3,true
170,Aspang,1965,365,92,23,2,0,31.2,true
170,Aspang,1966,365,92,22,1,0,30.3,true
170,Aspang,1967,365,92,39,4,0,31.1,true
170,Aspang,1968,366,92,33,4,0,31.9,true
170,Aspang,1969,365,92,38,3,0,32.6,true
170,Aspang,1970,365,92,32,0,0,28.6,true
170,Aspang,1971,365,92,38,2,0,33.0,true
170,Aspang,1972,366,92,25,1,0,30.1,true
170,Aspang,1973,365,92,35,0,0,29.6,true
170,Aspang,1974,365,92,25,5,0,31.7,true
170,Aspang,1975,365,92,24,0,0,28.7,true
170,Aspang,1976,366,92,24,2,0,31.7,true
170,Aspang,1977,365,92,27,0,0,28.8,true
170,Aspang,1978,365,92,10,0,0,29.4,true
170,Aspang,1979,365,92,23,0,0,29.0,true
170,Aspang,1980,366,92,19,1,0,30.2,true
170,Aspang,1981,365,92,34,1,0,30.1,true
170,Aspang,1982,365,92,23,0,0,29.7,true
170,Aspang,1983,365,92,55,7,0,33.8,true
170,Aspang,1984,366,92,19,2,0,31.7,true
170,Aspang,1985,365,92,36,1,0,31.0,true
170,Aspang,1986,365,92,39,0,0,29.5,true
170,Aspang,1987,365,92,30,2,0,30.0,true
170,Aspang,1988,366,92,36,7,0,32.5,true
170,Aspang,1989,365,92,16,0,0,29.0,true
170,Aspang,1990,365,92,39,1,0,30.7,true
170,Aspang,1991,365,92,25,0,0,29.5,true
170,Aspang,1992,366,92,53,16,0,34.5,true
170,Aspang,1993,365,92,45,5,0,32.8,true
170,Aspang,1994,365,92,60,15,0,32.3,true
170,Aspang,1995,365,92,52,1,0,30.8,true
170,Aspang,1996,366,92,29,3,0,30.6,true
170,Aspang,1997,365,92,43,0,0,29.7,true
170,Aspang,1998,365,92,44,8,0,32.1,true
170,Aspang,1999,365,92,34,4,0,32.1,true
170,Aspang,2000,366,92,60,13,0,33.6,true
170,Aspang,2001,365,92,54,13,0,32.1,true
170,Aspang,2002,365,92,52,8,0,33.1,true
170,Aspang,2003,365,92,85,24,1,36.1,true
170,Aspang,2004,366,92,36,1,0,30.2,true
170,Aspang,2005,365,92,49,9,0,33.0,true
170,Aspang,2006,365,92,47,12,0,32.5,true
170,Aspang,2007,365,92,63,13,1,36.0,true
170,Aspang,2008,366,92,49,2,0,30.4,true
170,Aspang,2009,365,92,42,2,0,31.0,true
170,Aspang,2010,365,92,40,10,0,32.4,true
170,Aspang,2011,365,92,44,4,0,32.2,true
170,Aspang,2012,366,92,55,11,0,32.5,true
170,Aspang,2013,365,92,47,15,0,34.9,true
170,Aspang,2014,365,92,34,2,0,31.6,true
170,Aspang,2015,365,92,60,26,0,34.3,true
170,Aspang,2016,366,92,53,1,0,31.1,true
170,Aspang,2017,365,92,59,14,0,32.7,true
170,Aspang,2018,365,92,73,8,0,31.7,true
170,Aspang,2019,365,92,72,14,0,33.2,true
170,Aspang,2020,366,92,43,2,0,31.7,true
170,Aspang,2021,365,92,60,10,0,31.6,true
170,Aspang,2022,365,92,67,17,0,34.1,true
170,Aspang,2023,365,92,67,13,0,33.7,true
170,Aspang,2024,366,92,88,32,0,33.3,true
170,Aspang,2025,365,92,63,17,0,34.0,true
170,Aspang,2026,242,91,78,31,5,36.5,true
6,Bad Bleiberg,1938,365,92,20,0,0,28.7,true
6,Bad Bleiberg,1939,365,92,16,0,0,28.8,true
6,Bad Bleiberg,1940,366,92,11,0,0,27.9,true
6,Bad Bleiberg,1941,365,92,18,0,0,26.6,true
6,Bad Bleiberg,1942,365,92,17,0,0,27.4,true
6,Bad Bleiberg,1943,365,92,30,0,0,29.4,true
6,Bad Bleiberg,1944,366,92,21,1,0,30.5,true
6,Bad Bleiberg,1945,365,92,41,0,0,29.6,true
6,Bad Bleiberg,1946,268,92,38,1,0,30.5,true
6,Bad Bleiberg,1947,365,92,46,4,0,32.5,true
6,Bad Bleiberg,1948,316,92,19,0,0,28.0,true
6,Bad Bleiberg,1949,365,92,27,0,0,29.2,true
6,Bad Bleiberg,1950,365,92,51,8,0,33.0,true
6,Bad Bleiberg,1951,365,92,28,1,0,30.0,true
6,Bad Bleiberg,1952,366,92,31,7,0,31.7,true
6,Bad Bleiberg,1953,321,66,11,0,0,27.9,false
6,Bad Bleiberg,1954,365,92,15,0,0,26.8,true
6,Bad Bleiberg,1955,365,92,6,0,0,29.0,true
6,Bad Bleiberg,1956,335,88,14,0,0,28.5,false
6,Bad Bleiberg,1957,365,92,19,4,0,32.0,true
6,Bad Bleiberg,1958,365,92,25,0,0,28.2,true
6,Bad Bleiberg,1959,365,92,12,0,0,27.5,true
6,Bad Bleiberg,1960,356,92,10,0,0,29.0,true
6,Bad Bleiberg,1961,365,92,29,0,0,29.0,true
6,Bad Bleiberg,1962,365,92,24,0,0,29.6,true
6,Bad Bleiberg,1963,365,92,28,0,0,29.5,true
6,Bad Bleiberg,1964,366,92,23,0,0,28.5,true
6,Bad Bleiberg,1965,365,92,20,1,0,30.5,true
6,Bad Bleiberg,1966,365,92,14,0,0,28.6,true
6,Bad Bleiberg,1967,365,92,28,1,0,30.0,true
6,Bad Bleiberg,1968,366,92,15,1,0,31.7,true
6,Bad Bleiberg,1969,365,92,20,0,0,29.0,true
6,Bad Bleiberg,1970,365,92,23,0,0,29.4,true
6,Bad Bleiberg,1971,365,92,25,1,0,30.6,true
6,Bad Bleiberg,1972,366,92,18,0,0,29.0,true
6,Bad Bleiberg,1973,365,92,20,0,0,28.4,true
6,Bad Bleiberg,1974,365,92,18,0,0,29.4,true
6,Bad Bleiberg,1975,365,92,7,0,0,28.6,true
6,Bad Bleiberg,1976,366,92,27,0,0,28.8,true
6,Bad Bleiberg,1977,365,92,12,0,0,27.5,true
6,Bad Bleiberg,1978,365,92,7,0,0,27.5,true
6,Bad Bleiberg,1979,365,92,22,0,0,28.0,true
6,Bad Bleiberg,1980,366,92,22,2,0,31.0,true
6,Bad Bleiberg,1981,120,0,0,0,0,20.7,false
6,Bad Bleiberg,1985,245,92,17,0,0,28.0,true
6,Bad Bleiberg,1986,365,92,17,0,0,27.7,true
6,Bad Bleiberg,1987,365,92,9,0,0,27.3,true
6,Bad Bleiberg,1988,366,92,18,0,0,28.9,true
6,Bad Bleiberg,1989,365,92,6,0,0,25.4,true
6,Bad Bleiberg,1990,365,92,10,0,0,28.3,true
6,Bad Bleiberg,1991,365,92,15,0,0,29.1,true
6,Bad Bleiberg,1992,366,92,29,3,0,30.9,true
6,Bad Bleiberg,1993,365,92,19,0,0,28.2,true
6,Bad Bleiberg,1994,365,92,39,1,0,30.0,true
6,Bad Bleiberg,1995,365,92,22,0,0,29.0,true
6,Bad Bleiberg,1996,366,92,15,0,0,29.0,true
6,Bad Bleiberg,1997,365,92,4,0,0,25.6,true
6,Bad Bleiberg,1998,365,92,28,0,0,29.5,true
6,Bad Bleiberg,1999,365,92,18,0,0,28.4,true
6,Bad Bleiberg,2000,366,92,29,2,0,31.0,true
6,Bad Bleiberg,2001,365,92,34,0,0,29.2,true
6,Bad Bleiberg,2002,365,92,23,2,0,31.6,true
6,Bad Bleiberg,2003,365,92,54,9,0,33.5,true
6,Bad Bleiberg,2004,366,92,18,0,0,29.1,true
6,Bad Bleiberg,2005,365,92,21,0,0,29.9,true
6,Bad Bleiberg,2006,365,92,41,5,0,31.8,true
6,Bad Bleiberg,2007,334,92,29,7,0,32.0,true
6,Bad Bleiberg,2008,366,92,24,1,0,30.0,true
6,Bad Bleiberg,2009,365,92,35,0,0,29.6,true
6,Bad Bleiberg,2010,365,92,34,6,0,31.0,true
6,Bad Bleiberg,2011,365,92,32,3,0,30.9,true
6,Bad Bleiberg,2012,366,92,38,3,0,31.9,true
6,Bad Bleiberg,2013,365,92,41,12,0,34.7,true
6,Bad Bleiberg,2014,365,92,23,1,0,30.6,true
6,Bad Bleiberg,2015,365,92,50,4,0,31.6,true
6,Bad Bleiberg,2016,366,92,30,0,0,29.9,true
6,Bad Bleiberg,2017,365,92,43,4,0,31.8,true
6,Bad Bleiberg,2018,361,92,34,3,0,31.2,true
6,Bad Bleiberg,2019,365,92,51,6,1,35.0,true
6,Bad Bleiberg,2020,366,92,24,1,0,30.6,true
6,Bad Bleiberg,2021,359,86,34,1,0,30.5,false
6,Bad Bleiberg,2022,365,92,45,6,0,31.7,true
6,Bad Bleiberg,2023,365,92,35,7,0,30.8,true
6,Bad Bleiberg,2024,366,92,53,4,0,32.3,true
6,Bad Bleiberg,2025,365,92,44,7,0,33.1,true
6,Bad Bleiberg,2026,242,91,67,12,0,33.1,true
21,Bad Eisenkappel,1967,306,92,44,5,0,32.0,true
21,Bad Eisenkappel,1968,366,92,29,5,0,34.0,true
21,Bad Eisenkappel,1969,59,0,0,0,0,7.0,false
21,Bad Eisenkappel,1974,334,92,33,6,0,33.0,true
21,Bad Eisenkappel,1975,365,92,44,1,0,30.6,true
21,Bad Eisenkappel,1976,366,92,41,8,0,32.8,true
21,Bad Eisenkappel,1977,365,92,32,2,0,30.2,true
21,Bad Eisenkappel,1978,365,92,28,0,0,29.0,true
21,Bad Eisenkappel,1979,365,92,45,2,0,30.0,true
21,Bad Eisenkappel,1980,366,92,26,3,0,31.2,true
21,Bad Eisenkappel,1981,365,92,39,4,0,31.5,true
21,Bad Eisenkappel,1982,365,92,48,2,0,30.5,true
21,Bad Eisenkappel,1983,365,92,56,13,1,35.0,true
21,Bad Eisenkappel,1984,366,92,32,4,0,34.3,true
21,Bad Eisenkappel,1985,365,92,56,3,0,30.7,true
21,Bad Eisenkappel,1986,365,92,55,12,0,32.7,true
21,Bad Eisenkappel,1987,365,92,56,4,0,31.5,true
21,Bad Eisenkappel,1988,366,92,46,21,0,33.7,true
21,Bad Eisenkappel,1989,334,92,23,0,0,29.6,true
21,Bad Eisenkappel,1990,365,92,35,3,0,30.8,true
21,Bad Eisenkappel,1991,365,92,41,2,0,31.5,true
21,Bad Eisenkappel,1992,366,92,53,21,0,34.4,true
21,Bad Eisenkappel,1993,365,92,49,5,0,31.3,true
21,Bad Eisenkappel,1994,365,92,63,15,0,32.5,true
21,Bad Eisenkappel,1995,365,92,47,5,0,31.6,true
21,Bad Eisenkappel,1996,366,92,33,3,0,31.4,true
21,Bad Eisenkappel,1997,365,92,52,0,0,29.4,true
21,Bad Eisenkappel,1998,365,92,54,11,0,32.2,true
21,Bad Eisenkappel,1999,365,92,37,4,0,30.8,true
21,Bad Eisenkappel,2000,366,92,59,9,0,33.4,true
21,Bad Eisenkappel,2001,365,92,57,8,0,31.6,true
21,Bad Eisenkappel,2002,365,92,44,9,0,33.2,true
21,Bad Eisenkappel,2003,365,92,86,29,0,34.4,true
21,Bad Eisenkappel,2004,366,92,40,2,0,30.2,true
21,Bad Eisenkappel,2005,365,92,47,10,0,32.8,true
21,Bad Eisenkappel,2006,365,92,58,16,0,34.8,true
21,Bad Eisenkappel,2007,365,92,58,12,0,34.1,true
21,Bad Eisenkappel,2008,366,92,62,6,0,31.4,true
21,Bad Eisenkappel,2009,365,92,56,10,0,31.6,true
21,Bad Eisenkappel,2010,365,92,55,15,0,33.7,true
21,Bad Eisenkappel,2011,365,92,60,12,0,33.5,true
21,Bad Eisenkappel,2012,366,92,65,24,0,34.8,true
21,Bad Eisenkappel,2013,365,92,64,24,8,37.6,true
21,Bad Eisenkappel,2014,365,92,37,6,0,33.0,true
21,Bad Eisenkappel,2015,365,92,63,26,0,33.8,true
21,Bad Eisenkappel,2016,366,92,61,4,0,31.1,true
21,Bad Eisenkappel,2017,365,92,66,21,0,33.9,true
21,Bad Eisenkappel,2018,365,92,79,11,0,32.1,true
21,Bad Eisenkappel,2019,365,92,65,16,1,35.2,true
21,Bad Eisenkappel,2020,366,92,51,7,0,32.4,true
21,Bad Eisenkappel,2021,365,92,65,13,0,32.3,true
21,Bad Eisenkappel,2022,365,92,81,20,1,35.1,true
21,Bad Eisenkappel,2023,365,92,62,15,0,32.7,true
21,Bad Eisenkappel,2024,366,92,80,29,0,33.5,true
21,Bad Eisenkappel,2025,365,92,74,27,1,35.9,true
21,Bad Eisenkappel,2026,242,91,83,42,5,36.5,true
7,Bad Gastein,1935,365,92,36,4,0,31.9,true
7,Bad Gastein,1938,365,92,26,1,0,30.0,true
7,Bad Gastein,1939,365,92,29,0,0,29.8,true
7,Bad Gastein,1940,366,92,8,0,0,29.8,true
7,Bad Gastein,1942,365,92,35,0,0,28.6,true
7,Bad Gastein,1943,347,92,31,3,0,30.9,true
7,Bad Gastein,1944,366,92,31,3,0,30.4,true
7,Bad Gastein,1945,365,92,47,3,0,30.9,true
7,Bad Gastein,1946,365,92,33,5,0,32.1,true
7,Bad Gastein,1947,365,92,50,5,0,32.3,true
7,Bad Gastein,1948,366,92,27,1,0,30.8,true
7,Bad Gastein,1949,365,92,27,1,0,30.4,true
7,Bad Gastein,1950,365,92,52,9,0,34.0,true
7,Bad Gastein,1951,365,92,44,2,0,31.7,true
7,Bad Gastein,1952,366,92,33,10,0,34.6,true
7,Bad Gastein,1953,365,92,27,1,0,30.6,true
7,Bad Gastein,1954,365,92,26,0,0,28.8,true
7,Bad Gastein,1955,365,92,12,0,0,29.5,true
7,Bad Gastein,1956,366,92,28,1,0,31.1,true
7,Bad Gastein,1957,365,92,26,8,0,34.1,true
7,Bad Gastein,1958,365,92,44,3,0,31.2,true
7,Bad Gastein,1959,365,92,23,2,0,30.2,true
7,Bad Gastein,1960,366,92,21,1,0,31.0,true
7,Bad Gastein,1961,365,92,32,2,0,30.5,true
7,Bad Gastein,1962,365,92,27,2,0,31.2,true
7,Bad Gastein,1963,365,92,33,7,0,33.8,true
7,Bad Gastein,1964,366,92,36,4,0,31.0,true
7,Bad Gastein,1965,365,92,22,6,0,33.0,true
7,Bad Gastein,1966,365,92,24,0,0,29.8,true
7,Bad Gastein,1967,365,92,17,0,0,28.6,true
7,Bad Gastein,1968,366,92,13,1,0,31.0,true
7,Bad Gastein,1969,365,92,12,0,0,28.6,true
7,Bad Gastein,1970,365,92,14,0,0,27.3,true
7,Bad Gastein,1971,365,92,22,0,0,29.3,true
7,Bad Gastein,1972,366,92,12,4,0,31.4,true
7,Bad Gastein,1973,365,92,25,0,0,29.5,true
7,Bad Gastein,1974,365,92,15,1,0,30.0,true
7,Bad Gastein,1975,365,92,14,0,0,27.8,true
7,Bad Gastein,1976,184,62,12,1,0,30.0,false
7,Bad Gastein,1977,365,92,7,0,0,27.7,true
7,Bad Gastein,1978,365,92,2,0,0,25.3,true
7,Bad Gastein,1979,365,92,9,0,0,27.2,true
7,Bad Gastein,1980,366,92,16,1,0,30.2,true
7,Bad Gastein,1981,365,92,15,0,0,29.2,true
7,Bad Gastein,1982,365,92,22,0,0,28.0,true
7,Bad Gastein,1983,365,92,28,5,0,31.6,true
7,Bad Gastein,1984,366,92,13,3,0,32.3,true
7,Bad Gastein,1985,365,92,25,0,0,28.5,true
7,Bad Gastein,1986,365,92,14,0,0,29.0,true
7,Bad Gastein,1987,365,92,17,0,0,29.0,true
7,Bad Gastein,1988,366,92,20,2,0,30.8,true
7,Bad Gastein,1989,365,92,9,0,0,27.5,true
7,Bad Gastein,1990,365,92,20,0,0,29.5,true
7,Bad Gastein,1991,365,92,16,0,0,29.0,true
7,Bad Gastein,1992,366,92,28,2,0,31.3,true
7,Bad Gastein,1993,357,92,19,0,0,28.4,true
7,Bad Gastein,1994,365,92,38,1,0,30.0,true
7,Bad Gastein,1995,359,92,20,1,0,30.0,true
7,Bad Gastein,1996,366,92,16,0,0,29.4,true
7,Bad Gastein,1997,365,92,7,0,0,27.0,true
7,Bad Gastein,1998,365,92,22,2,0,30.0,true
7,Bad Gastein,1999,365,92,18,0,0,29.6,true
7,Bad Gastein,2000,366,92,26,1,0,30.2,true
7,Bad Gastein,2001,365,92,20,1,0,30.4,true
7,Bad Gastein,2002,365,92,24,3,0,31.4,true
7,Bad Gastein,2003,365,92,49,1,0,30.0,true
7,Bad Gastein,2004,366,92,19,0,0,28.4,true
7,Bad Gastein,2005,365,92,22,2,0,32.2,true
7,Bad Gastein,2006,365,92,30,1,0,30.2,true
7,Bad Gastein,2007,365,92,23,5,0,31.6,true
7,Bad Gastein,2008,366,92,28,1,0,30.2,true
7,Bad Gastein,2009,365,92,33,2,0,30.4,true
7,Bad Gastein,2010,365,92,35,6,0,31.4,true
7,Bad Gastein,2011,365,92,28,4,0,31.1,true
7,Bad Gastein,2012,366,92,42,6,0,31.7,true
7,Bad Gastein,2013,365,92,41,12,0,33.3,true
7,Bad Gastein,2014,365,92,21,4,0,31.1,true
7,Bad Gastein,2015,365,92,53,12,0,32.1,true
7,Bad Gastein,2016,366,92,32,4,0,31.3,true
7,Bad Gastein,2017,365,92,50,2,0,32.3,true
7,Bad Gastein,2018,365,92,39,2,0,31.3,true
7,Bad Gastein,2019,365,92,43,9,0,34.0,true
7,Bad Gastein,2020,366,92,28,1,0,30.7,true
7,Bad Gastein,2021,365,92,34,2,0,30.8,true
7,Bad Gastein,2022,365,92,42,4,0,32.0,true
7,Bad Gastein,2023,365,92,46,9,0,33.4,true
7,Bad Gastein,2024,366,92,49,10,0,32.9,true
7,Bad Gastein,2025,365,92,44,11,0,31.9,true
7,Bad Gastein,2026,242,91,54,15,0,34.3,true
8,Bad Gleichenberg,1936,366,92,52,4,0,31.0,true
8,Bad Gleichenberg,1937,290,92,55,0,0,29.9,true
8,Bad Gleichenberg,1938,365,92,45,6,0,30.8,true
8,Bad Gleichenberg,1939,365,92,52,12,0,32.6,true
8,Bad Gleichenberg,1940,366,92,33,0,0,28.5,true
8,Bad Gleichenberg,1943,365,92,54,9,0,33.4,true
8,Bad Gleichenberg,1944,366,92,47,3,0,31.5,true
8,Bad Gleichenberg,1945,228,47,37,6,0,33.5,false
8,Bad Gleichenberg,1946,365,92,70,20,0,34.1,true
8,Bad Gleichenberg,1947,365,92,78,22,0,33.6,true
8,Bad Gleichenberg,1948,366,92,60,6,0,31.0,true
8,Bad Gleichenberg,1949,365,92,64,9,0,33.0,true
8,Bad Gleichenberg,1950,365,92,90,30,6,36.4,true
8,Bad Gleichenberg,1951,365,92,67,7,0,31.4,true
8,Bad Gleichenberg,1952,366,92,78,31,2,36.0,true
8,Bad Gleichenberg,1953,365,92,77,4,0,31.0,true
8,Bad Gleichenberg,1954,365,92,59,5,0,30.0,true
8,Bad Gleichenberg,1955,365,92,55,2,0,30.2,true
8,Bad Gleichenberg,1956,366,92,61,4,0,31.0,true
8,Bad Gleichenberg,1957,365,92,54,12,3,36.0,true
8,Bad Gleichenberg,1958,365,92,68,16,0,32.0,true
8,Bad Gleichenberg,1959,365,92,48,4,0,31.0,true
8,Bad Gleichenberg,1960,366,92,53,6,0,31.0,true
8,Bad Gleichenberg,1961,365,92,60,9,0,33.0,true
8,Bad Gleichenberg,1962,365,92,51,7,0,32.0,true
8,Bad Gleichenberg,1963,365,92,61,13,0,32.4,true
8,Bad Gleichenberg,1964,366,92,59,7,0,32.0,true
8,Bad Gleichenberg,1965,365,92,43,8,0,33.0,true
8,Bad Gleichenberg,1966,365,92,43,4,0,30.0,true
8,Bad Gleichenberg,1967,365,92,55,12,0,32.0,true
8,Bad Gleichenberg,1968,366,92,47,6,1,35.0,true
8,Bad Gleichenberg,1969,365,92,50,7,0,32.0,true
8,Bad Gleichenberg,1970,365,92,50,4,0,31.0,true
8,Bad Gleichenberg,1971,365,92,51,4,0,33.5,true
8,Bad Gleichenberg,1972,366,92,46,3,0,31.4,true
8,Bad Gleichenberg,1973,365,92,58,3,0,30.7,true
8,Bad Gleichenberg,1974,365,92,38,7,0,32.5,true
8,Bad Gleichenberg,1975,365,92,48,1,0,30.0,true
8,Bad Gleichenberg,1977,365,92,46,2,0,31.1,true
8,Bad Gleichenberg,1978,365,92,28,0,0,29.0,true
8,Bad Gleichenberg,1979,365,92,47,3,0,30.1,true
8,Bad Gleichenberg,1980,366,92,33,3,0,31.0,true
8,Bad Gleichenberg,1981,365,92,56,4,0,31.0,true
8,Bad Gleichenberg,1982,365,92,64,3,0,30.2,true
8,Bad Gleichenberg,1983,365,92,76,12,1,35.6,true
8,Bad Gleichenberg,1984,366,92,36,2,0,30.7,true
8,Bad Gleichenberg,1985,365,92,58,2,0,31.3,true
8,Bad Gleichenberg,1986,365,92,64,6,0,31.3,true
8,Bad Gleichenberg,1987,365,92,56,6,0,31.8,true
8,Bad Gleichenberg,1988,366,92,54,16,0,33.4,true
8,Bad Gleichenberg,1989,365,92,50,2,0,30.4,true
8,Bad Gleichenberg,1990,365,92,61,5,0,31.4,true
8,Bad Gleichenberg,1991,365,92,54,5,0,32.5,true
8,Bad Gleichenberg,1992,366,92,81,30,5,36.3,true
8,Bad Gleichenberg,1993,365,92,74,21,0,33.0,true
8,Bad Gleichenberg,1994,365,92,82,24,0,33.0,true
8,Bad Gleichenberg,1995,365,92,66,6,0,30.5,true
8,Bad Gleichenberg,1996,366,92,51,5,0,31.8,true
8,Bad Gleichenberg,1997,365,92,77,1,0,30.2,true
8,Bad Gleichenberg,1998,365,92,67,16,0,32.2,true
8,Bad Gleichenberg,1999,365,92,66,8,0,32.0,true
8,Bad Gleichenberg,2000,31,0,0,0,0,16.0,false
8,Bad Gleichenberg,2003,245,92,107,47,2,37.2,true
8,Bad Gleichenberg,2004,366,92,53,9,0,33.7,true
8,Bad Gleichenberg,2005,365,92,69,8,0,32.6,true
8,Bad Gleichenberg,2006,365,92,64,22,0,33.0,true
8,Bad Gleichenberg,2007,365,92,72,20,2,36.2,true
8,Bad Gleichenberg,2008,366,92,82,15,0,33.0,true
8,Bad Gleichenberg,2009,365,92,80,13,0,33.6,true
8,Bad Gleichenberg,2010,365,92,65,22,0,34.6,true
8,Bad Gleichenberg,2011,365,92,91,19,0,34.3,true
8,Bad Gleichenberg,2012,366,92,90,33,0,34.6,true
8,Bad Gleichenberg,2013,365,92,78,30,8,39.0,true
8,Bad Gleichenberg,2014,365,92,64,10,0,34.2,true
8,Bad Gleichenberg,2015,365,92,79,40,2,35.6,true
8,Bad Gleichenberg,2016,366,92,89,11,0,32.5,true
8,Bad Gleichenberg,2017,365,92,86,31,2,35.1,true
8,Bad Gleichenberg,2018,365,92,109,23,0,32.8,true
8,Bad Gleichenberg,2019,365,92,90,36,1,35.7,true
8,Bad Gleichenberg,2020,366,92,77,17,0,32.5,true
8,Bad Gleichenberg,2021,365,92,83,26,1,35.0,true
8,Bad Gleichenberg,2022,365,92,89,27,1,35.4,true
8,Bad Gleichenberg,2023,365,92,85,19,0,33.6,true
8,Bad Gleichenberg,2024,366,92,96,39,0,34.0,true
8,Bad Gleichenberg,2025,365,92,91,30,2,35.2,true
8,Bad Gleichenberg,2026,242,91,84,42,8,37.2,true
9,Bad Goisern,1941,184,62,25,2,0,33.3,false
9,Bad Goisern,1942,340,67,35,4,0,31.3,false
9,Bad Goisern,1943,365,92,42,7,0,34.5,true
9,Bad Goisern,1944,366,92,36,9,0,31.7,true
9,Bad Goisern,1945,304,92,57,11,0,32.7,true
9,Bad Goisern,1946,365,92,48,9,0,33.0,true
9,Bad Goisern,1947,365,92,60,21,0,34.0,true
9,Bad Goisern,1948,131,0,1,0,0,26.5,false
9,Bad Goisern,1967,348,92,48,12,0,34.5,true
9,Bad Goisern,1968,366,92,44,5,0,34.0,true
9,Bad Goisern,1969,365,92,54,10,0,32.7,true
9,Bad Goisern,1970,365,92,52,7,0,31.5,true
9,Bad Goisern,1971,365,92,60,19,2,36.5,true
9,Bad Goisern,1972,366,92,39,7,1,35.2,true
9,Bad Goisern,1973,365,92,61,12,0,33.0,true
9,Bad Goisern,1974,365,92,55,7,0,34.0,true
9,Bad Goisern,1975,365,92,62,4,0,31.5,true
9,Bad Goisern,1976,366,92,51,11,0,33.8,true
9,Bad Goisern,1977,349,92,52,4,0,34.5,true
9,Bad Goisern,1978,365,92,34,2,0,31.6,true
9,Bad Goisern,1979,365,92,59,10,0,32.4,true
9,Bad Goisern,1980,366,92,32,4,1,35.0,true
9,Bad Goisern,1981,365,92,47,8,0,33.0,true
9,Bad Goisern,1982,365,92,60,4,0,30.5,true
9,Bad Goisern,1983,365,92,68,15,1,37.0,true
9,Bad Goisern,1984,366,92,33,5,1,36.8,true
9,Bad Goisern,1985,365,92,53,11,0,33.3,true
9,Bad Goisern,1986,365,92,66,7,0,32.5,true
9,Bad Goisern,1987,365,92,40,4,0,31.5,true
9,Bad Goisern,1988,366,92,40,4,0,32.5,true
9,Bad Goisern,1989,365,92,37,1,0,31.0,true
9,Bad Goisern,1990,365,92,51,8,0,32.0,true
9,Bad Goisern,1991,228,16,4,0,0,27.0,false
9,Bad Goisern,1992,366,92,64,22,1,35.7,true
9,Bad Goisern,1993,365,92,49,5,0,33.5,true
9,Bad Goisern,1994,365,92,61,23,0,34.6,true
9,Bad Goisern,1995,365,92,45,8,0,33.8,true
9,Bad Goisern,1996,366,92,44,7,0,32.9,true
9,Bad Goisern,1997,365,92,77,10,0,34.1,true
9,Bad Goisern,1998,365,92,51,7,1,35.7,true
9,Bad Goisern,1999,365,92,47,6,1,35.3,true
9,Bad Goisern,2000,366,92,63,10,0,32.9,true
9,Bad Goisern,2001,365,92,52,10,0,34.0,true
9,Bad Goisern,2002,365,92,57,12,0,34.0,true
9,Bad Goisern,2003,365,92,89,32,0,34.4,true
9,Bad Goisern,2004,366,92,48,7,0,33.3,true
9,Bad Goisern,2005,365,92,48,15,0,34.7,true
9,Bad Goisern,2006,365,92,56,16,0,34.1,true
9,Bad Goisern,2007,365,92,64,11,1,35.8,true
9,Bad Goisern,2008,366,92,61,16,0,34.3,true
9,Bad Goisern,2009,365,92,55,7,1,37.3,true
9,Bad Goisern,2010,365,92,48,19,1,35.4,true
9,Bad Goisern,2011,365,92,61,14,1,35.2,true
9,Bad Goisern,2012,366,92,63,19,0,34.6,true
9,Bad Goisern,2013,365,92,61,18,5,39.2,true
9,Bad Goisern,2014,365,92,45,11,0,34.4,true
9,Bad Goisern,2015,365,92,67,35,2,36.1,true
9,Bad Goisern,2016,366,92,66,10,0,33.0,true
9,Bad Goisern,2017,365,92,64,18,1,35.5,true
9,Bad Goisern,2018,365,92,86,23,0,33.8,true
9,Bad Goisern,2019,365,92,70,25,4,37.4,true
9,Bad Goisern,2020,366,92,64,15,0,33.2,true
9,Bad Goisern,2021,365,92,68,16,0,33.8,true
9,Bad Goisern,2022,365,92,76,16,0,34.9,true
9,Bad Goisern,2023,365,92,78,26,2,36.2,true
9,Bad Goisern,2024,366,92,79,27,0,33.4,true
9,Bad Goisern,2025,365,92,68,21,0,34.2,true
9,Bad Goisern,2026,242,91,83,45,10,38.9,true
132,Bad Ischl,1936,366,92,28,2,0,30.2,true
132,Bad Ischl,1937,365,92,36,1,0,31.8,true
132,Bad Ischl,1938,334,92,39,2,0,31.0,true
132,Bad Ischl,1939,62,0,0,0,0,20.6,false
132,Bad Ischl,1940,335,61,38,2,0,33.0,false
132,Bad Ischl,1941,365,92,42,4,0,32.8,true
132,Bad Ischl,1942,365,92,61,7,0,30.7,true
132,Bad Ischl,1943,365,92,53,11,3,35.2,true
132,Bad Ischl,1944,346,92,50,16,0,33.6,true
132,Bad Ischl,1945,365,92,66,16,0,34.1,true
132,Bad Ischl,1946,365,92,57,15,0,33.6,true
132,Bad Ischl,1947,365,92,76,33,1,36.0,true
132,Bad Ischl,1948,366,92,49,7,0,34.6,true
132,Bad Ischl,1949,365,92,47,11,0,33.6,true
132,Bad Ischl,1950,365,92,70,18,1,37.1,true
132,Bad Ischl,1951,365,92,57,9,0,32.6,true
132,Bad Ischl,1952,366,92,58,15,1,35.4,true
132,Bad Ischl,1953,365,92,53,7,0,33.6,true
132,Bad Ischl,1954,365,92,42,5,0,31.1,true
132,Bad Ischl,1955,365,92,37,2,0,30.9,true
132,Bad Ischl,1956,366,92,44,1,0,31.0,true
132,Bad Ischl,1957,365,92,40,15,5,37.8,true
132,Bad Ischl,1958,365,92,61,8,0,34.0,true
132,Bad Ischl,1959,365,92,51,4,0,33.1,true
132,Bad Ischl,1960,366,92,39,3,0,32.1,true
132,Bad Ischl,1961,365,92,59,10,0,32.3,true
132,Bad Ischl,1962,365,92,41,5,0,32.2,true
132,Bad Ischl,1963,365,92,39,5,0,34.1,true
132,Bad Ischl,1964,366,92,45,2,0,30.6,true
132,Bad Ischl,1965,365,92,27,4,0,32.6,true
132,Bad Ischl,1966,365,92,30,1,0,30.4,true
132,Bad Ischl,1967,365,92,43,12,1,35.2,true
132,Bad Ischl,1968,57,0,0,0,0,13.8,false
132,Bad Ischl,1969,365,92,58,9,0,32.1,true
132,Bad Ischl,1970,365,92,49,6,0,32.1,true
132,Bad Ischl,1971,365,92,59,16,1,36.0,true
132,Bad Ischl,1972,366,92,43,9,1,35.3,true
132,Bad Ischl,1973,365,92,68,11,0,33.4,true
132,Bad Ischl,1974,365,92,52,9,0,34.2,true
132,Bad Ischl,1975,365,92,57,3,0,31.4,true
132,Bad Ischl,1976,366,92,47,10,0,33.0,true
132,Bad Ischl,1977,365,92,36,3,0,31.1,true
132,Bad Ischl,1978,365,92,34,1,0,30.6,true
132,Bad Ischl,1979,365,92,52,3,0,31.3,true
132,Bad Ischl,1980,366,92,25,2,0,32.2,true
132,Bad Ischl,1981,365,92,42,6,0,31.0,true
132,Bad Ischl,1982,365,92,54,0,0,29.7,true
132,Bad Ischl,1983,365,92,63,11,1,36.8,true
132,Bad Ischl,1984,366,92,32,3,1,36.4,true
132,Bad Ischl,1985,365,92,48,9,0,32.4,true
132,Bad Ischl,1986,365,92,55,5,0,32.0,true
132,Bad Ischl,1987,365,92,44,3,0,32.0,true
132,Bad Ischl,1988,366,92,40,6,0,34.0,true
132,Bad Ischl,1989,365,92,39,2,0,32.2,true
132,Bad Ischl,1990,365,92,46,5,0,31.6,true
132,Bad Ischl,1991,365,92,45,5,0,32.0,true
132,Bad Ischl,1992,366,92,66,22,0,34.0,true
132,Bad Ischl,1993,365,92,60,9,0,32.4,true
132,Bad Ischl,1994,365,92,60,24,1,35.4,true
132,Bad Ischl,1995,365,92,49,12,1,35.0,true
132,Bad Ischl,1996,366,92,42,5,0,32.0,true
132,Bad Ischl,1997,365,92,68,5,0,31.6,true
132,Bad Ischl,1998,365,92,56,12,1,37.0,true
132,Bad Ischl,1999,365,92,55,7,1,35.1,true
132,Bad Ischl,2000,366,92,64,13,0,32.6,true
132,Bad Ischl,2001,365,92,56,13,0,32.0,true
132,Bad Ischl,2002,365,92,62,11,0,34.0,true
132,Bad Ischl,2003,365,92,95,39,1,35.8,true
132,Bad Ischl,2004,366,92,44,6,1,35.0,true
132,Bad Ischl,2005,365,92,43,7,0,34.2,true
132,Bad Ischl,2006,365,92,49,15,0,33.4,true
132,Bad Ischl,2007,365,92,48,8,0,34.2,true
132,Bad Ischl,2008,366,92,54,13,0,34.1,true
132,Bad Ischl,2009,365,92,47,4,1,36.5,true
132,Bad Ischl,2010,365,92,42,15,0,33.5,true
132,Bad Ischl,2011,365,92,57,9,1,35.2,true
132,Bad Ischl,2012,366,92,56,17,0,33.5,true
132,Bad Ischl,2013,365,92,53,18,4,37.5,true
132,Bad Ischl,2014,365,92,39,8,0,33.2,true
132,Bad Ischl,2015,365,92,63,30,2,35.4,true
132,Bad Ischl,2016,366,92,62,8,0,32.5,true
132,Bad Ischl,2017,365,92,65,18,0,34.7,true
132,Bad Ischl,2018,365,92,78,20,1,35.7,true
132,Bad Ischl,2019,365,92,69,19,3,36.4,true
132,Bad Ischl,2020,366,92,55,7,0,32.9,true
132,Bad Ischl,2021,365,92,55,12,0,33.1,true
132,Bad Ischl,2022,365,92,60,11,0,34.4,true
132,Bad Ischl,2023,365,92,69,22,1,35.7,true
132,Bad Ischl,2024,366,92,70,18,0,32.5,true
132,Bad Ischl,2025,365,92,60,17,0,33.4,true
132,Bad Ischl,2026,242,91,77,33,8,37.7,true
10,Bad Mitterndorf,1970,365,92,35,0,0,29.5,true
10,Bad Mitterndorf,1971,365,92,32,2,0,31.7,true
10,Bad Mitterndorf,1972,366,92,22,5,0,32.0,true
10,Bad Mitterndorf,1973,365,92,27,1,0,30.7,true
10,Bad Mitterndorf,1974,365,92,27,2,0,32.6,true
10,Bad Mitterndorf,1975,365,92,26,0,0,29.0,true
10,Bad Mitterndorf,1976,366,92,28,4,0,31.4,true
10,Bad Mitterndorf,1977,365,92,20,0,0,29.6,true
10,Bad Mitterndorf,1978,365,92,18,0,0,28.0,true
10,Bad Mitterndorf,1979,365,92,32,0,0,28.2,true
10,Bad Mitterndorf,1980,366,92,22,3,0,33.4,true
10,Bad Mitterndorf,1981,365,92,31,2,0,33.0,true
10,Bad Mitterndorf,1982,365,92,38,1,0,30.2,true
10,Bad Mitterndorf,1983,365,92,55,7,1,36.4,true
10,Bad Mitterndorf,1984,366,92,19,4,0,34.5,true
10,Bad Mitterndorf,1985,365,92,31,2,0,30.5,true
10,Bad Mitterndorf,1986,365,92,49,2,0,30.8,true
10,Bad Mitterndorf,1987,365,92,38,1,0,31.3,true
10,Bad Mitterndorf,1988,366,92,29,4,0,31.6,true
10,Bad Mitterndorf,1989,365,92,23,0,0,28.8,true
10,Bad Mitterndorf,1990,365,92,39,3,0,31.3,true
10,Bad Mitterndorf,1991,365,92,31,4,0,31.9,true
10,Bad Mitterndorf,1992,366,92,42,16,0,32.4,true
10,Bad Mitterndorf,1993,365,92,37,1,0,31.3,true
10,Bad Mitterndorf,1994,365,92,50,10,0,34.1,true
10,Bad Mitterndorf,1995,365,92,34,6,0,33.2,true
10,Bad Mitterndorf,1996,366,92,26,3,0,31.7,true
10,Bad Mitterndorf,1997,365,92,39,0,0,28.9,true
10,Bad Mitterndorf,1998,365,92,43,6,0,33.0,true
10,Bad Mitterndorf,1999,365,92,31,2,0,31.6,true
10,Bad Mitterndorf,2000,366,92,46,8,0,32.7,true
10,Bad Mitterndorf,2001,365,92,33,6,0,31.9,true
10,Bad Mitterndorf,2002,365,92,37,5,0,33.5,true
10,Bad Mitterndorf,2003,365,92,68,17,0,33.3,true
10,Bad Mitterndorf,2004,366,92,32,1,0,31.2,true
10,Bad Mitterndorf,2005,365,92,33,7,0,33.3,true
10,Bad Mitterndorf,2006,365,92,43,11,0,32.9,true
10,Bad Mitterndorf,2007,365,92,42,7,0,33.5,true
10,Bad Mitterndorf,2008,366,92,50,6,0,32.7,true
10,Bad Mitterndorf,2009,365,92,40,3,0,34.4,true
10,Bad Mitterndorf,2010,365,92,36,11,0,31.8,true
10,Bad Mitterndorf,2011,365,92,43,10,0,33.6,true
10,Bad Mitterndorf,2012,366,92,53,11,0,33.5,true
10,Bad Mitterndorf,2013,365,92,47,16,0,34.6,true
10,Bad Mitterndorf,2014,365,92,23,6,0,33.3,true
10,Bad Mitterndorf,2015,365,92,57,23,0,34.5,true
10,Bad Mitterndorf,2016,366,92,46,5,0,32.0,true
10,Bad Mitterndorf,2017,365,92,56,10,0,33.0,true
10,Bad Mitterndorf,2018,365,92,68,7,0,31.6,true
10,Bad Mitterndorf,2019,365,92,61,18,1,35.7,true
10,Bad Mitterndorf,2020,366,92,46,6,0,32.1,true
10,Bad Mitterndorf,2021,365,92,46,14,0,31.8,true
10,Bad Mitterndorf,2022,365,92,59,10,0,34.0,true
10,Bad Mitterndorf,2023,365,92,59,17,0,32.8,true
10,Bad Mitterndorf,2024,366,92,64,17,0,32.2,true
10,Bad Mitterndorf,2025,365,92,53,14,0,32.9,true
10,Bad Mitterndorf,2026,242,91,62,27,3,35.6,true
13,Bernstein,1949,61,0,0,0,0,13.2,false
13,Bernstein,1950,365,92,52,14,2,35.0,true
13,Bernstein,1951,365,92,45,3,1,36.2,true
13,Bernstein,1952,366,92,45,13,0,34.6,true
13,Bernstein,1953,365,92,30,1,0,30.6,true
13,Bernstein,1954,365,92,28,0,0,29.0,true
13,Bernstein,1955,365,92,13,0,0,27.8,true
13,Bernstein,1956,366,92,19,1,0,33.0,true
13,Bernstein,1957,365,92,30,9,0,34.0,true
13,Bernstein,1958,365,92,29,2,0,30.0,true
13,Bernstein,1959,365,92,17,0,0,29.6,true
13,Bernstein,1960,366,92,15,0,0,28.0,true
13,Bernstein,1961,365,92,30,2,0,30.2,true
13,Bernstein,1962,365,92,32,2,0,30.2,true
13,Bernstein,1963,365,92,28,1,0,30.4,true
13,Bernstein,1964,366,92,30,0,0,29.6,true
13,Bernstein,1965,365,92,12,1,0,30.5,true
13,Bernstein,1966,365,92,10,0,0,28.2,true
13,Bernstein,1967,365,92,34,2,0,30.6,true
13,Bernstein,1968,366,92,23,4,0,32.2,true
13,Bernstein,1969,365,92,38,2,0,30.5,true
13,Bernstein,1970,365,92,27,0,0,28.6,true
13,Bernstein,1971,365,92,37,4,0,33.0,true
13,Bernstein,1972,366,92,24,0,0,29.5,true
13,Bernstein,1973,365,92,36,0,0,29.6,true
13,Bernstein,1974,365,92,25,4,0,32.0,true
13,Bernstein,1975,365,92,23,0,0,28.0,true
13,Bernstein,1976,366,92,21,1,0,31.0,true
13,Bernstein,1977,365,92,19,1,0,30.0,true
13,Bernstein,1978,365,92,8,0,0,27.5,true
13,Bernstein,1979,365,92,18,0,0,28.5,true
13,Bernstein,1980,366,92,9,0,0,28.0,true
13,Bernstein,1981,365,92,26,0,0,29.5,true
13,Bernstein,1982,365,92,19,0,0,28.5,true
13,Bernstein,1983,365,92,44,5,0,33.5,true
13,Bernstein,1984,366,92,17,1,0,30.5,true
13,Bernstein,1985,365,92,24,0,0,29.5,true
13,Bernstein,1986,365,92,30,1,0,30.0,true
13,Bernstein,1987,365,92,30,1,0,30.0,true
13,Bernstein,1988,366,92,33,6,0,31.5,true
13,Bernstein,1989,365,92,17,0,0,28.5,true
13,Bernstein,1990,87,0,0,0,0,22.6,false
13,Bernstein,1991,365,92,25,0,0,29.8,true
13,Bernstein,1992,366,92,51,19,0,34.0,true
13,Bernstein,1993,365,92,36,3,0,31.8,true
13,Bernstein,1994,365,92,52,14,0,31.5,true
13,Bernstein,1995,365,92,42,0,0,28.8,true
13,Bernstein,1996,366,92,18,0,0,29.7,true
13,Bernstein,1997,365,92,36,0,0,28.0,true
13,Bernstein,1998,365,92,39,1,0,30.6,true
13,Bernstein,1999,365,92,20,1,0,30.0,true
13,Bernstein,2000,366,92,49,11,0,34.0,true
13,Bernstein,2001,365,92,44,8,0,31.8,true
13,Bernstein,2002,365,92,44,8,0,33.2,true
13,Bernstein,2003,365,92,67,14,1,35.2,true
13,Bernstein,2004,366,92,25,1,0,30.1,true
13,Bernstein,2005,365,92,27,2,0,30.6,true
13,Bernstein,2006,365,92,40,4,0,31.6,true
13,Bernstein,2007,365,92,49,9,0,34.6,true
13,Bernstein,2008,366,92,27,0,0,29.9,true
13,Bernstein,2009,365,92,31,1,0,30.9,true
13,Bernstein,2010,365,92,31,8,0,31.3,true
13,Bernstein,2011,365,92,30,3,0,30.6,true
13,Bernstein,2012,366,92,54,12,0,32.6,true
13,Bernstein,2013,365,92,41,16,1,35.7,true
13,Bernstein,2014,365,92,24,1,0,30.7,true
13,Bernstein,2015,365,92,52,23,0,34.5,true
13,Bernstein,2016,366,92,37,0,0,29.6,true
13,Bernstein,2017,365,92,52,11,0,32.4,true
13,Bernstein,2018,365,92,55,2,0,30.5,true
13,Bernstein,2019,365,92,60,9,0,32.9,true
13,Bernstein,2020,366,92,38,4,0,30.4,true
13,Bernstein,2021,365,92,42,5,0,31.2,true
13,Bernstein,2022,365,92,51,10,0,33.0,true
13,Bernstein,2023,365,92,45,5,0,31.8,true
13,Bernstein,2024,366,92,67,18,0,32.6,true
13,Bernstein,2025,365,92,56,11,0,32.5,true
13,Bernstein,2026,242,91,66,22,2,35.1,true
14,Bischofshofen,1936,366,92,33,3,0,31.8,true
14,Bischofshofen,1937,365,92,41,4,0,32.2,true
14,Bischofshofen,1938,365,92,39,3,0,30.5,true
14,Bischofshofen,1939,365,92,36,5,0,32.9,true
14,Bischofshofen,1940,366,92,22,0,0,29.5,true
14,Bischofshofen,1941,365,92,31,4,0,32.9,true
14,Bischofshofen,1942,365,92,44,0,0,29.5,true
14,Bischofshofen,1943,365,92,44,6,0,32.5,true
14,Bischofshofen,1944,366,92,43,7,0,31.8,true
14,Bischofshofen,1946,365,92,34,10,0,31.5,true
14,Bischofshofen,1947,365,92,53,15,0,32.0,true
14,Bischofshofen,1948,366,92,35,2,0,31.0,true
14,Bischofshofen,1949,365,92,38,4,0,31.0,true
14,Bischofshofen,1950,365,92,58,12,0,34.0,true
14,Bischofshofen,1951,365,92,46,4,0,30.8,true
14,Bischofshofen,1952,366,92,42,10,1,35.1,true
14,Bischofshofen,1953,242,30,17,3,0,30.0,false
14,Bischofshofen,1954,365,92,39,3,0,31.0,true
14,Bischofshofen,1955,348,75,29,1,0,30.0,false
14,Bischofshofen,1956,366,92,42,1,0,30.6,true
14,Bischofshofen,1957,365,92,39,11,3,36.5,true
14,Bischofshofen,1958,365,92,59,12,0,33.5,true
14,Bischofshofen,1959,365,92,44,5,0,34.5,true
14,Bischofshofen,1960,366,92,43,5,0,32.5,true
14,Bischofshofen,1961,365,92,58,12,0,33.5,true
14,Bischofshofen,1962,365,92,51,9,1,35.0,true
14,Bischofshofen,1980,183,92,29,3,0,34.6,true
14,Bischofshofen,1981,365,92,42,5,0,33.1,true
14,Bischofshofen,1982,365,92,53,2,0,31.0,true
14,Bischofshofen,1983,365,92,59,9,1,35.5,true
14,Bischofshofen,1984,366,92,21,3,1,36.6,true
14,Bischofshofen,1985,365,92,41,8,0,33.8,true
14,Bischofshofen,1986,365,92,57,7,0,34.0,true
14,Bischofshofen,1987,365,92,46,5,0,31.6,true
14,Bischofshofen,1988,366,92,41,4,0,32.4,true
14,Bischofshofen,1989,365,92,35,1,0,32.8,true
14,Bischofshofen,1990,365,92,40,4,0,30.4,true
14,Bischofshofen,1991,365,92,41,4,0,32.1,true
14,Bischofshofen,1992,366,92,53,14,0,34.6,true
14,Bischofshofen,1993,365,92,54,6,0,33.6,true
14,Bischofshofen,1994,365,92,59,22,0,34.6,true
14,Bischofshofen,1995,365,92,42,8,0,33.8,true
14,Bischofshofen,1996,366,92,41,3,0,31.6,true
14,Bischofshofen,1997,365,92,47,0,0,29.5,true
14,Bischofshofen,1998,365,92,52,10,0,33.8,true
14,Bischofshofen,1999,365,92,46,3,0,33.8,true
14,Bischofshofen,2000,366,92,60,12,0,32.2,true
14,Bischofshofen,2001,365,92,49,10,0,33.5,true
14,Bischofshofen,2002,365,92,49,11,0,33.5,true
14,Bischofshofen,2003,365,92,77,25,0,33.9,true
14,Bischofshofen,2004,366,92,41,5,0,32.0,true
14,Bischofshofen,2005,365,92,47,10,0,34.5,true
14,Bischofshofen,2006,365,92,57,18,0,33.5,true
14,Bischofshofen,2007,365,92,56,10,3,35.2,true
14,Bischofshofen,2008,366,92,58,11,0,32.1,true
14,Bischofshofen,2009,365,92,48,4,0,34.7,true
14,Bischofshofen,2010,365,92,47,15,0,34.5,true
14,Bischofshofen,2011,365,92,72,16,1,35.0,true
14,Bischofshofen,2012,366,92,55,15,0,33.3,true
14,Bischofshofen,2013,365,92,53,16,3,36.0,true
14,Bischofshofen,2014,365,92,39,10,0,33.3,true
14,Bischofshofen,2015,365,92,66,32,3,36.2,true
14,Bischofshofen,2016,366,92,56,7,0,34.4,true
14,Bischofshofen,2017,365,92,63,16,1,35.7,true
14,Bischofshofen,2018,365,92,77,16,0,33.2,true
14,Bischofshofen,2019,365,92,63,20,1,36.7,true
14,Bischofshofen,2020,366,92,51,9,0,32.3,true
14,Bischofshofen,2021,365,92,53,10,0,33.0,true
14,Bischofshofen,2022,365,92,65,13,0,33.8,true
14,Bischofshofen,2023,365,92,68,20,0,34.5,true
14,Bischofshofen,2024,366,92,66,17,0,34.3,true
14,Bischofshofen,2025,365,92,56,18,0,34.7,true
14,Bischofshofen,2026,242,91,73,33,6,37.1,true
181,Bludenz,1936,366,92,13,0,0,27.0,true
181,Bludenz,1937,365,92,25,4,0,32.6,true
181,Bludenz,1938,365,92,30,1,0,30.0,true
181,Bludenz,1939,365,92,13,0,0,28.0,true
181,Bludenz,1940,91,0,0,0,0,18.6,false
181,Bludenz,1943,365,92,49,11,3,35.6,true
181,Bludenz,1944,366,92,39,7,0,34.0,true
181,Bludenz,1945,59,0,0,0,0,15.1,false
181,Bludenz,1947,122,0,10,2,0,30.6,false
181,Bludenz,1948,366,92,26,0,0,29.0,true
181,Bludenz,1949,365,92,43,7,0,34.1,true
181,Bludenz,1950,365,92,57,12,0,33.0,true
181,Bludenz,1951,365,92,42,5,0,32.3,true
181,Bludenz,1952,366,92,44,16,1,36.0,true
181,Bludenz,1953,365,92,41,5,0,30.6,true
181,Bludenz,1954,365,92,26,0,0,29.5,true
181,Bludenz,1955,365,92,25,1,0,31.5,true
181,Bludenz,1956,366,92,26,2,0,31.4,true
181,Bludenz,1957,365,92,29,9,0,33.5,true
181,Bludenz,1958,365,92,51,8,0,32.5,true
181,Bludenz,1959,365,92,53,5,0,31.0,true
181,Bludenz,1960,366,92,29,1,0,30.0,true
181,Bludenz,1961,365,92,48,3,0,31.0,true
181,Bludenz,1962,365,92,50,8,1,35.0,true
181,Bludenz,1963,365,92,28,5,0,34.0,true
181,Bludenz,1964,213,61,36,9,0,33.0,false
181,Bludenz,2001,122,0,2,0,0,25.8,false
181,Bludenz,2002,365,92,41,8,0,34.0,true
181,Bludenz,2003,365,92,94,33,4,36.4,true
181,Bludenz,2004,366,92,45,1,0,30.6,true
181,Bludenz,2005,365,92,49,13,0,32.8,true
181,Bludenz,2006,365,92,56,15,0,33.4,true
181,Bludenz,2007,365,92,54,5,0,34.6,true
181,Bludenz,2008,366,92,65,15,0,32.9,true
181,Bludenz,2009,365,92,67,17,1,35.2,true
181,Bludenz,2010,365,92,53,20,2,35.4,true
181,Bludenz,2011,365,92,68,14,2,35.7,true
181,Bludenz,2012,366,92,70,18,2,36.1,true
181,Bludenz,2013,365,92,68,14,5,36.4,true
181,Bludenz,2014,365,92,51,12,1,35.5,true
181,Bludenz,2015,358,92,73,38,6,36.4,true
181,Bludenz,2016,366,92,68,13,0,33.1,true
181,Bludenz,2017,365,92,70,27,1,36.3,true
181,Bludenz,2018,365,92,105,32,2,35.6,true
181,Bludenz,2019,365,92,68,25,4,35.8,true
181,Bludenz,2020,366,92,67,12,0,34.1,true
181,Bludenz,2021,365,92,57,10,0,33.9,true
181,Bludenz,2022,365,92,95,22,2,36.0,true
181,Bludenz,2023,365,92,95,28,2,37.7,true
181,Bludenz,2024,366,92,76,22,0,33.5,true
181,Bludenz,2025,365,92,65,23,0,34.0,true
181,Bludenz,2026,242,91,85,52,14,37.4,true
15,Bregenz,1936,366,92,20,0,0,29.4,true
15,Bregenz,1937,365,92,31,1,0,30.1,true
15,Bregenz,1938,365,92,33,2,0,30.4,true
15,Bregenz,1939,334,92,16,0,0,28.0,true
15,Bregenz,1940,366,92,3,0,0,27.0,true
15,Bregenz,1941,365,92,25,1,0,33.0,true
15,Bregenz,1942,212,61,13,0,0,29.4,false
15,Bregenz,1946,355,92,29,7,0,32.6,true
15,Bregenz,1947,365,92,68,20,1,35.6,true
15,Bregenz,1948,366,92,27,0,0,29.5,true
15,Bregenz,1949,365,92,49,12,0,34.2,true
15,Bregenz,1950,365,92,56,8,0,33.2,true
15,Bregenz,1951,365,92,39,2,0,30.2,true
15,Bregenz,1952,366,92,49,14,0,34.5,true
15,Bregenz,1953,365,92,37,0,0,29.8,true
15,Bregenz,1954,365,92,21,1,0,30.5,true
15,Bregenz,1955,365,92,20,1,0,31.9,true
15,Bregenz,1956,366,92,20,0,0,29.6,true
15,Bregenz,1957,365,92,24,10,0,34.5,true
15,Bregenz,1958,365,92,37,1,0,32.4,true
15,Bregenz,1959,365,92,35,4,0,31.5,true
15,Bregenz,1960,366,92,19,0,0,28.4,true
15,Bregenz,1961,365,92,31,2,0,31.6,true
15,Bregenz,1962,365,92,42,4,0,31.5,true
15,Bregenz,1963,365,92,25,2,0,31.4,true
15,Bregenz,1964,366,92,47,8,0,32.2,true
15,Bregenz,1965,365,92,19,3,0,30.8,true
15,Bregenz,1966,365,92,32,3,0,30.6,true
15,Bregenz,1967,365,92,35,6,0,34.8,true
15,Bregenz,1968,366,92,21,1,0,31.9,true
15,Bregenz,1969,365,92,38,1,0,30.0,true
15,Bregenz,1970,365,92,33,0,0,29.6,true
15,Bregenz,1971,365,92,43,7,0,31.7,true
15,Bregenz,1972,366,92,21,1,0,31.0,true
15,Bregenz,1973,365,92,49,0,0,29.8,true
15,Bregenz,1974,365,92,31,3,0,32.0,true
15,Bregenz,1975,365,92,31,2,0,34.2,true
15,Bregenz,1976,366,92,38,8,0,31.7,true
15,Bregenz,1977,365,92,20,2,0,33.7,true
15,Bregenz,1978,365,92,23,0,0,28.9,true
15,Bregenz,1979,365,92,29,0,0,29.8,true
15,Bregenz,1980,366,92,22,1,0,34.6,true
15,Bregenz,1981,365,92,33,0,0,29.0,true
15,Bregenz,1982,365,92,36,1,0,30.1,true
15,Bregenz,1983,365,92,50,11,1,35.3,true
15,Bregenz,1984,366,92,22,3,1,36.6,true
15,Bregenz,1985,365,92,34,1,0,31.6,true
15,Bregenz,1986,365,92,44,1,0,33.3,true
15,Bregenz,1987,365,92,40,4,0,31.5,true
15,Bregenz,1988,366,92,35,4,0,31.7,true
15,Bregenz,1989,365,92,27,0,0,29.7,true
15,Bregenz,1990,365,92,40,3,0,31.9,true
15,Bregenz,1991,365,92,47,3,0,31.7,true
15,Bregenz,1992,366,92,51,15,0,34.9,true
15,Bregenz,1993,365,92,36,2,0,30.6,true
15,Bregenz,1994,365,92,51,6,0,32.2,true
15,Bregenz,1995,365,92,36,2,0,34.2,true
15,Bregenz,1996,366,92,27,0,0,29.7,true
15,Bregenz,1997,365,92,23,0,0,27.6,true
15,Bregenz,1998,365,92,36,7,0,32.9,true
15,Bregenz,1999,365,92,28,1,0,30.5,true
15,Bregenz,2000,366,92,38,1,0,34.6,true
15,Bregenz,2001,365,92,36,2,0,30.9,true
15,Bregenz,2002,365,92,28,2,0,30.5,true
15,Bregenz,2003,365,92,79,16,1,35.8,true
15,Bregenz,2004,366,92,32,0,0,28.6,true
15,Bregenz,2005,365,92,35,3,0,32.2,true
15,Bregenz,2006,365,92,49,8,0,32.0,true
15,Bregenz,2007,365,92,33,3,0,30.8,true
15,Bregenz,2008,366,92,39,3,0,30.7,true
15,Bregenz,2009,365,92,55,9,0,31.8,true
15,Bregenz,2010,365,92,47,13,1,35.3,true
15,Bregenz,2011,365,92,52,7,0,34.3,true
15,Bregenz,2012,366,92,54,8,0,32.1,true
15,Bregenz,2013,365,92,49,14,2,37.5,true
15,Bregenz,2014,365,92,38,7,1,35.2,true
15,Bregenz,2015,365,92,61,29,3,35.7,true
15,Bregenz,2016,366,92,57,8,0,32.1,true
15,Bregenz,2017,365,92,70,19,0,33.7,true
15,Bregenz,2018,365,92,96,19,1,35.2,true
15,Bregenz,2019,365,92,60,19,2,35.5,true
15,Bregenz,2020,366,92,64,12,0,34.2,true
15,Bregenz,2021,365,92,42,6,0,31.3,true
15,Bregenz,2022,365,92,85,18,1,35.2,true
15,Bregenz,2023,365,92,92,20,2,35.8,true
15,Bregenz,2024,366,92,72,12,0,34.0,true
15,Bregenz,2025,365,92,59,16,0,33.3,true
15,Bregenz,2026,242,91,86,47,7,36.8,true
16,Brenner,1948,366,92,5,0,0,26.0,true
16,Brenner,1949,365,92,11,0,0,27.5,true
16,Brenner,1950,365,92,12,1,0,30.1,true
16,Brenner,1951,365,92,6,0,0,27.1,true
16,Brenner,1952,366,92,14,1,0,30.5,true
16,Brenner,1953,365,92,9,0,0,28.3,true
16,Brenner,1954,120,0,0,0,0,16.3,false
16,Brenner,1956,62,0,0,0,0,4.0,false
16,Brenner,1957,365,92,8,0,0,29.5,true
16,Brenner,1958,365,92,6,0,0,27.5,true
16,Brenner,1959,365,92,5,0,0,26.3,true
16,Brenner,1960,366,92,2,0,0,25.2,true
16,Brenner,1961,365,92,9,0,0,26.0,true
16,Brenner,1962,365,92,5,0,0,26.0,true
16,Brenner,1963,365,92,5,0,0,25.5,true
16,Brenner,1964,366,92,6,0,0,26.0,true
16,Brenner,1965,365,92,4,0,0,25.8,true
16,Brenner,1966,365,92,3,0,0,27.0,true
16,Brenner,1967,365,92,5,0,0,27.0,true
16,Brenner,1968,366,92,8,0,0,27.8,true
16,Brenner,1969,365,92,8,0,0,26.8,true
16,Brenner,1970,365,92,7,0,0,26.0,true
16,Brenner,1971,365,92,14,2,0,30.3,true
16,Brenner,1972,366,92,6,0,0,27.9,true
16,Brenner,1973,365,92,6,0,0,26.0,true
16,Brenner,1974,365,92,8,0,0,28.5,true
16,Brenner,1975,365,92,4,0,0,27.0,true
16,Brenner,1976,366,92,6,0,0,26.2,true
16,Brenner,1977,365,92,1,0,0,25.0,true
16,Brenner,1978,365,92,2,0,0,25.0,true
16,Brenner,1979,365,92,1,0,0,26.0,true
16,Brenner,1980,366,92,12,0,0,28.0,true
16,Brenner,1981,365,92,10,0,0,27.0,true
16,Brenner,1982,365,92,0,0,0,24.3,true
16,Brenner,1983,365,92,8,0,0,29.4,true
16,Brenner,1984,366,92,4,0,0,27.8,true
16,Brenner,1985,365,92,3,0,0,26.7,true
16,Brenner,1986,365,92,0,0,0,24.7,true
16,Brenner,1987,365,92,3,0,0,26.0,true
16,Brenner,1988,366,92,3,0,0,25.2,true
16,Brenner,1989,365,92,0,0,0,24.1,true
16,Brenner,1990,365,92,4,0,0,25.7,true
16,Brenner,1991,365,92,5,0,0,26.5,true
16,Brenner,1992,366,92,14,0,0,27.0,true
16,Brenner,1993,365,92,0,0,0,24.5,true
16,Brenner,1994,365,92,12,0,0,27.8,true
16,Brenner,1995,365,92,7,0,0,27.6,true
16,Brenner,1996,366,92,3,0,0,25.5,true
16,Brenner,1997,365,92,1,0,0,25.4,true
16,Brenner,1998,365,92,10,0,0,27.8,true
16,Brenner,1999,365,92,2,0,0,26.3,true
16,Brenner,2000,366,92,6,0,0,26.8,true
16,Brenner,2001,365,92,8,0,0,26.4,true
16,Brenner,2002,365,92,8,0,0,28.9,true
16,Brenner,2003,365,92,25,1,0,30.1,true
16,Brenner,2004,366,92,3,0,0,25.7,true
16,Brenner,2005,365,92,12,0,0,27.5,true
16,Brenner,2006,365,92,20,0,0,28.8,true
16,Brenner,2007,365,92,9,0,0,27.7,true
16,Brenner,2008,366,92,9,0,0,27.9,true
16,Brenner,2009,365,92,21,0,0,28.5,true
16,Brenner,2010,365,92,22,0,0,29.6,true
16,Brenner,2011,365,92,17,0,0,29.6,true
16,Brenner,2012,366,92,16,0,0,29.7,true
16,Brenner,2013,365,92,19,1,0,30.5,true
16,Brenner,2014,365,92,7,0,0,28.5,true
16,Brenner,2015,365,92,34,3,0,30.6,true
16,Brenner,2016,223,71,12,0,0,29.3,false
16,Brenner,2017,186,64,13,0,0,28.8,false
16,Brenner,2018,365,92,13,0,0,28.3,true
16,Brenner,2019,365,92,15,2,0,31.1,true
16,Brenner,2020,366,92,13,0,0,28.0,true
16,Brenner,2021,365,92,9,0,0,28.2,true
16,Brenner,2022,365,92,17,1,0,30.6,true
16,Brenner,2023,365,92,32,0,0,29.2,true
16,Brenner,2024,366,92,26,0,0,29.2,true
16,Brenner,2025,365,92,23,0,0,28.7,true
16,Brenner,2026,242,91,33,3,0,31.2,true
17,Bruck an der Mur,1936,366,92,33,0,0,28.8,true
17,Bruck an der Mur,1937,365,92,27,0,0,28.0,true
17,Bruck an der Mur,1938,334,92,32,0,0,29.0,true
17,Bruck an der Mur,1939,365,92,30,0,0,29.5,true
17,Bruck an der Mur,1940,366,92,10,0,0,26.7,true
17,Bruck an der Mur,1941,365,92,34,0,0,29.4,true
17,Bruck an der Mur,1942,365,92,48,6,0,30.8,true
17,Bruck an der Mur,1943,365,92,54,10,0,33.6,true
17,Bruck an der Mur,1944,366,92,46,6,0,33.4,true
17,Bruck an der Mur,1945,92,0,0,0,0,17.3,false
17,Bruck an der Mur,1946,311,49,28,2,0,31.5,false
17,Bruck an der Mur,1947,365,92,81,26,0,33.8,true
17,Bruck an der Mur,1948,366,92,49,2,0,32.1,true
17,Bruck an der Mur,1949,365,92,46,8,0,31.9,true
17,Bruck an der Mur,1950,365,92,79,21,2,35.3,true
17,Bruck an der Mur,1951,365,92,61,11,0,31.2,true
17,Bruck an der Mur,1952,366,92,61,13,0,34.7,true
17,Bruck an der Mur,1953,365,92,58,5,0,32.3,true
17,Bruck an der Mur,1954,365,92,47,1,0,30.8,true
17,Bruck an der Mur,1955,365,92,46,2,0,33.2,true
17,Bruck an der Mur,1956,366,92,48,3,0,31.8,true
17,Bruck an der Mur,1957,365,92,47,13,4,36.4,true
17,Bruck an der Mur,1958,365,92,57,11,0,31.8,true
17,Bruck an der Mur,1959,365,92,42,7,0,31.4,true
17,Bruck an der Mur,1960,366,92,37,5,0,31.4,true
17,Bruck an der Mur,1961,365,92,65,11,0,33.4,true
17,Bruck an der Mur,1962,365,92,49,8,0,33.0,true
17,Bruck an der Mur,1963,365,92,50,7,0,32.4,true
17,Bruck an der Mur,1964,366,92,58,8,0,31.9,true
17,Bruck an der Mur,1965,365,92,31,7,0,33.4,true
17,Bruck an der Mur,1966,365,92,43,3,0,32.5,true
17,Bruck an der Mur,1967,365,92,47,8,0,32.3,true
17,Bruck an der Mur,1968,366,92,31,4,0,33.2,true
17,Bruck an der Mur,1969,365,92,50,6,0,33.4,true
17,Bruck an der Mur,1970,365,92,49,2,0,31.5,true
17,Bruck an der Mur,1971,365,92,52,8,0,33.0,true
17,Bruck an der Mur,1972,366,92,39,8,0,32.0,true
17,Bruck an der Mur,1973,365,92,60,10,0,32.7,true
17,Bruck an der Mur,1974,365,92,44,8,0,33.4,true
17,Bruck an der Mur,1975,365,92,49,2,0,30.4,true
17,Bruck an der Mur,1976,366,92,37,6,0,33.6,true
17,Bruck an der Mur,1977,365,92,40,0,0,29.5,true
17,Bruck an der Mur,1978,365,92,30,0,0,29.8,true
17,Bruck an der Mur,1979,365,92,56,1,0,30.0,true
17,Bruck an der Mur,1980,366,92,36,6,0,33.0,true
17,Bruck an der Mur,1981,365,92,50,6,0,32.9,true
17,Bruck an der Mur,1982,365,92,69,6,0,31.2,true
17,Bruck an der Mur,1983,365,92,76,17,2,37.4,true
17,Bruck an der Mur,1984,366,92,43,9,0,34.6,true
17,Bruck an der Mur,1985,365,92,51,6,0,32.4,true
17,Bruck an der Mur,1986,365,92,50,4,0,32.8,true
17,Bruck an der Mur,1987,365,92,49,5,0,31.6,true
17,Bruck an der Mur,1988,366,92,44,15,0,33.3,true
17,Bruck an der Mur,1989,365,92,35,0,0,29.5,true
17,Bruck an der Mur,1990,365,92,52,7,0,33.5,true
17,Bruck an der Mur,1991,365,92,46,8,0,32.7,true
17,Bruck an der Mur,1992,366,92,79,33,2,35.5,true
17,Bruck an der Mur,1993,365,92,49,3,0,30.7,true
17,Bruck an der Mur,1994,365,92,63,20,0,33.8,true
17,Bruck an der Mur,1995,365,92,56,10,0,31.9,true
17,Bruck an der Mur,1996,366,92,42,7,0,32.0,true
17,Bruck an der Mur,1997,365,92,57,0,0,29.8,true
17,Bruck an der Mur,1998,365,92,56,17,0,33.6,true
17,Bruck an der Mur,1999,365,92,50,6,0,32.2,true
17,Bruck an der Mur,2000,366,92,62,13,0,34.6,true
17,Bruck an der Mur,2001,365,92,65,19,0,33.2,true
17,Bruck an der Mur,2002,365,92,58,12,0,33.2,true
17,Bruck an der Mur,2003,365,92,91,40,1,36.3,true
17,Bruck an der Mur,2004,366,92,45,7,0,32.7,true
17,Bruck an der Mur,2005,365,92,50,11,0,33.1,true
17,Bruck an der Mur,2006,365,92,49,16,0,34.1,true
17,Bruck an der Mur,2007,365,92,65,12,3,36.4,true
17,Bruck an der Mur,2008,366,92,62,11,0,34.4,true
17,Bruck an der Mur,2009,365,92,54,14,0,34.1,true
17,Bruck an der Mur,2010,365,92,53,17,0,34.2,true
17,Bruck an der Mur,2011,365,92,59,9,0,34.1,true
17,Bruck an der Mur,2012,366,92,74,19,0,33.4,true
17,Bruck an der Mur,2013,365,92,67,23,6,37.7,true
17,Bruck an der Mur,2014,365,92,41,6,0,33.6,true
17,Bruck an der Mur,2015,365,92,66,33,1,35.5,true
17,Bruck an der Mur,2016,366,92,76,7,0,31.7,true
17,Bruck an der Mur,2017,365,92,75,26,0,34.6,true
17,Bruck an der Mur,2018,365,92,85,18,0,33.3,true
17,Bruck an der Mur,2019,365,92,79,26,4,36.3,true
17,Bruck an der Mur,2020,366,92,72,17,0,34.4,true
17,Bruck an der Mur,2021,365,92,78,20,0,34.2,true
17,Bruck an der Mur,2022,365,92,82,23,1,35.4,true
17,Bruck an der Mur,2023,365,92,92,23,0,34.4,true
17,Bruck an der Mur,2024,366,92,92,40,0,33.4,true
17,Bruck an der Mur,2025,333,92,80,24,1,37.0,true
17,Bruck an der Mur,2026,242,91,78,40,2,36.0,true
18,Bruckneudorf,1947,214,92,82,32,1,35.0,true
18,Bruckneudorf,1948,366,92,67,11,0,33.0,true
18,Bruckneudorf,1949,365,92,56,13,0,34.0,true
18,Bruckneudorf,1950,365,92,87,23,4,38.0,true
18,Bruckneudorf,1951,365,92,64,9,0,33.0,true
18,Bruckneudorf,1952,366,92,81,28,4,37.5,true
18,Bruckneudorf,1953,365,92,75,10,0,32.0,true
18,Bruckneudorf,1954,365,92,57,9,0,32.5,true
18,Bruckneudorf,1955,365,92,46,2,0,31.0,true
18,Bruckneudorf,1956,366,92,52,2,0,31.5,true
18,Bruckneudorf,1957,335,92,49,9,4,37.5,true
18,Bruckneudorf,1958,365,92,58,9,1,35.0,true
18,Bruckneudorf,1959,365,92,45,6,0,32.0,true
18,Bruckneudorf,1960,366,92,45,2,0,30.6,true
18,Bruckneudorf,1961,365,92,55,10,0,33.3,true
18,Bruckneudorf,1962,365,92,60,10,0,33.0,true
18,Bruckneudorf,1963,365,92,61,14,0,33.5,true
18,Bruckneudorf,1964,366,92,57,9,0,32.5,true
18,Bruckneudorf,1965,365,92,33,1,0,30.5,true
18,Bruckneudorf,1966,365,92,39,2,0,30.0,true
18,Bruckneudorf,1967,365,92,66,21,0,33.5,true
18,Bruckneudorf,1968,366,92,53,9,1,35.2,true
18,Bruckneudorf,1969,365,92,62,14,0,34.5,true
18,Bruckneudorf,1970,365,92,54,17,0,33.1,true
18,Bruckneudorf,1971,365,92,74,25,1,38.0,true
18,Bruckneudorf,1972,366,92,51,17,0,33.0,true
18,Bruckneudorf,1973,365,92,74,22,0,33.0,true
18,Bruckneudorf,1974,365,92,60,15,3,35.2,true
18,Bruckneudorf,1975,365,92,72,6,0,31.0,true
18,Bruckneudorf,1976,366,92,53,14,0,34.5,true
18,Bruckneudorf,1977,365,92,71,6,0,31.4,true
18,Bruckneudorf,1978,365,92,41,3,0,31.0,true
18,Bruckneudorf,1979,365,92,80,13,0,32.5,true
18,Bruckneudorf,1980,366,92,44,7,0,32.0,true
18,Bruckneudorf,1981,365,92,67,20,0,34.8,true
18,Bruckneudorf,1982,365,92,85,14,0,33.0,true
18,Bruckneudorf,1983,365,92,89,36,3,36.4,true
18,Bruckneudorf,1984,366,92,51,10,0,34.2,true
18,Bruckneudorf,1985,365,92,62,16,0,34.1,true
18,Bruckneudorf,1986,365,92,87,30,0,33.8,true
18,Bruckneudorf,1987,365,92,64,13,0,32.6,true
18,Bruckneudorf,1988,366,92,66,22,4,36.8,true
18,Bruckneudorf,1989,365,92,65,15,0,33.3,true
18,Bruckneudorf,1990,365,92,59,24,0,34.1,true
18,Bruckneudorf,1991,365,92,60,14,0,34.0,true
18,Bruckneudorf,1992,366,92,80,34,11,37.4,true
18,Bruckneudorf,1993,365,92,77,24,1,35.1,true
18,Bruckneudorf,1994,365,92,95,44,13,36.6,true
18,Bruckneudorf,1995,365,92,72,28,1,35.0,true
18,Bruckneudorf,1996,366,92,70,18,0,33.4,true
18,Bruckneudorf,1997,365,92,67,8,0,32.0,true
18,Bruckneudorf,1998,365,92,69,25,1,35.1,true
18,Bruckneudorf,1999,365,92,72,9,1,35.0,true
18,Bruckneudorf,2000,366,92,83,25,4,37.0,true
18,Bruckneudorf,2001,365,92,75,26,0,34.2,true
18,Bruckneudorf,2002,365,92,86,24,1,35.0,true
18,Bruckneudorf,2003,365,92,105,44,1,37.8,true
18,Bruckneudorf,2004,366,92,63,17,0,33.8,true
18,Bruckneudorf,2005,365,92,73,15,3,35.4,true
18,Bruckneudorf,2006,365,92,69,30,6,36.3,true
18,Bruckneudorf,2007,365,92,85,32,7,39.0,true
18,Bruckneudorf,2008,366,92,75,9,0,32.1,true
18,Bruckneudorf,2009,365,92,84,18,0,34.1,true
18,Bruckneudorf,2010,365,92,61,18,0,34.8,true
18,Bruckneudorf,2011,365,92,80,17,0,34.9,true
18,Bruckneudorf,2012,366,92,93,34,7,37.0,true
18,Bruckneudorf,2013,365,92,71,28,6,38.6,true
18,Bruckneudorf,2014,365,92,67,13,0,33.1,true
18,Bruckneudorf,2015,365,92,75,42,7,37.0,true
18,Bruckneudorf,2016,366,92,83,20,0,33.8,true
18,Bruckneudorf,2017,365,92,83,35,2,36.7,true
18,Bruckneudorf,2018,365,92,115,30,0,34.9,true
18,Bruckneudorf,2019,365,92,84,34,1,36.5,true
18,Bruckneudorf,2020,366,92,77,20,0,33.6,true
18,Bruckneudorf,2021,365,92,84,27,1,35.7,true
18,Bruckneudorf,2022,365,92,96,34,9,36.4,true
18,Bruckneudorf,2023,365,92,93,31,1,35.5,true
18,Bruckneudorf,2024,366,92,103,46,1,35.1,true
18,Bruckneudorf,2025,365,92,80,27,2,36.5,true
18,Bruckneudorf,2026,242,91,93,48,17,38.5,true
19,Dellach,1962,245,92,50,7,0,32.3,true
19,Dellach,1963,365,92,50,7,0,31.8,true
19,Dellach,1964,366,92,59,5,0,31.5,true
19,Dellach,1965,365,92,34,8,0,32.0,true
19,Dellach,1966,365,92,42,2,0,32.3,true
19,Dellach,1967,365,92,46,8,0,33.7,true
19,Dellach,1968,360,92,30,9,0,34.2,true
19,Dellach,1969,365,92,53,10,0,33.6,true
19,Dellach,1970,365,92,62,8,0,31.6,true
19,Dellach,1971,365,92,59,13,0,32.8,true
19,Dellach,1972,366,92,41,9,0,32.3,true
19,Dellach,1973,365,92,60,7,0,31.6,true
19,Dellach,1974,365,92,55,8,0,34.0,true
19,Dellach,1975,365,92,57,2,0,32.3,true
19,Dellach,1976,366,92,53,10,0,33.2,true
19,Dellach,1977,365,92,34,3,0,31.5,true
19,Dellach,1978,334,61,23,0,0,29.9,false
19,Dellach,1979,365,92,69,1,0,30.5,true
19,Dellach,1980,366,92,39,7,0,33.2,true
19,Dellach,1981,365,92,52,8,0,32.5,true
19,Dellach,1982,365,92,59,9,0,32.2,true
19,Dellach,1983,344,92,63,16,6,39.7,true
19,Dellach,1984,366,92,35,10,1,35.5,true
19,Dellach,1985,365,92,58,6,0,31.3,true
19,Dellach,1986,348,92,61,12,0,32.8,true
19,Dellach,1987,365,92,51,4,0,31.3,true
19,Dellach,1988,366,92,48,10,0,31.0,true
19,Dellach,1989,335,92,32,1,0,30.0,true
19,Dellach,1990,365,92,45,9,0,32.0,true
19,Dellach,1991,365,92,58,10,0,33.1,true
19,Dellach,1992,366,92,62,24,0,34.8,true
19,Dellach,1993,365,92,62,10,0,31.6,true
19,Dellach,1994,365,92,73,22,0,34.8,true
19,Dellach,1995,365,92,49,12,0,33.2,true
19,Dellach,1996,366,92,48,10,0,33.2,true
19,Dellach,1997,365,92,61,0,0,29.0,true
19,Dellach,1998,365,92,58,15,0,32.8,true
19,Dellach,1999,365,92,50,4,0,33.0,true
19,Dellach,2000,366,92,62,10,0,32.1,true
19,Dellach,2001,365,92,66,20,0,32.2,true
19,Dellach,2002,365,92,57,11,0,33.6,true
19,Dellach,2003,365,92,94,35,2,36.3,true
19,Dellach,2004,366,92,51,4,0,32.4,true
19,Dellach,2005,365,92,58,17,0,33.9,true
19,Dellach,2006,365,92,62,28,2,35.5,true
19,Dellach,2007,365,92,64,13,0,34.3,true
19,Dellach,2008,366,92,69,9,0,32.0,true
19,Dellach,2009,365,92,71,21,0,33.2,true
19,Dellach,2010,365,92,60,26,0,34.8,true
19,Dellach,2011,365,92,73,21,0,34.5,true
19,Dellach,2012,366,92,75,25,0,34.8,true
19,Dellach,2013,365,92,77,36,10,39.9,true
19,Dellach,2014,365,92,49,12,0,33.8,true
19,Dellach,2015,365,92,68,34,1,35.7,true
19,Dellach,2016,366,92,68,12,0,33.0,true
19,Dellach,2017,365,92,76,31,1,35.2,true
19,Dellach,2018,365,92,93,24,0,34.9,true
19,Dellach,2019,365,92,84,30,5,38.0,true
19,Dellach,2020,366,92,68,18,0,34.1,true
19,Dellach,2021,365,92,72,20,0,33.6,true
19,Dellach,2022,365,92,90,27,0,34.6,true
19,Dellach,2023,365,92,80,23,0,34.9,true
19,Dellach,2024,366,92,91,41,1,35.5,true
19,Dellach,2025,365,92,80,32,2,35.3,true
19,Dellach,2026,242,91,96,53,3,36.9,true
116,Deutschlandsberg,1937,365,92,100,18,0,32.1,true
116,Deutschlandsberg,1939,31,0,0,0,0,15.0,false
116,Deutschlandsberg,1940,366,92,51,6,0,31.0,true
116,Deutschlandsberg,1941,365,92,48,6,0,31.3,true
116,Deutschlandsberg,1942,365,92,82,20,0,33.0,true
116,Deutschlandsberg,1943,365,92,64,9,0,33.0,true
116,Deutschlandsberg,1944,366,92,47,5,0,31.3,true
116,Deutschlandsberg,1945,365,92,77,12,0,34.0,true
116,Deutschlandsberg,1946,365,92,60,15,0,32.8,true
116,Deutschlandsberg,1947,365,92,78,21,0,33.5,true
116,Deutschlandsberg,1948,366,92,35,1,0,30.7,true
116,Deutschlandsberg,1949,365,92,53,7,0,33.7,true
116,Deutschlandsberg,1950,365,92,80,22,6,38.3,true
116,Deutschlandsberg,1951,365,92,64,7,0,31.1,true
116,Deutschlandsberg,1952,366,92,63,21,2,35.8,true
116,Deutschlandsberg,1953,365,92,58,6,0,33.0,true
116,Deutschlandsberg,1954,365,92,47,2,0,31.0,true
116,Deutschlandsberg,1955,365,92,42,0,0,29.9,true
116,Deutschlandsberg,1956,366,92,53,6,0,31.7,true
116,Deutschlandsberg,1957,365,92,49,13,2,36.6,true
116,Deutschlandsberg,1958,365,92,73,16,0,34.0,true
116,Deutschlandsberg,1959,365,92,47,1,0,31.0,true
116,Deutschlandsberg,1960,366,92,42,5,0,32.0,true
116,Deutschlandsberg,1961,365,92,49,10,0,33.2,true
116,Deutschlandsberg,1962,365,92,49,9,0,32.8,true
116,Deutschlandsberg,1963,365,92,59,16,0,33.0,true
116,Deutschlandsberg,1964,366,92,55,3,0,30.6,true
116,Deutschlandsberg,1965,365,92,36,6,0,33.5,true
116,Deutschlandsberg,1966,365,92,33,4,0,30.5,true
116,Deutschlandsberg,1967,365,92,50,12,0,32.5,true
116,Deutschlandsberg,1968,366,92,40,5,1,35.0,true
116,Deutschlandsberg,1969,365,92,55,4,0,32.5,true
116,Deutschlandsberg,1970,365,92,51,3,0,31.0,true
116,Deutschlandsberg,1971,365,92,57,9,0,34.5,true
116,Deutschlandsberg,1972,366,92,51,7,0,32.2,true
116,Deutschlandsberg,1973,365,92,57,7,0,31.5,true
116,Deutschlandsberg,1974,365,92,47,9,0,34.3,true
116,Deutschlandsberg,1975,365,92,60,2,0,31.0,true
116,Deutschlandsberg,1976,366,92,49,8,1,35.4,true
116,Deutschlandsberg,1977,365,92,49,1,0,30.5,true
116,Deutschlandsberg,1978,365,92,34,1,0,31.2,true
116,Deutschlandsberg,1979,365,92,65,1,0,31.4,true
116,Deutschlandsberg,1980,366,92,35,3,0,33.2,true
116,Deutschlandsberg,1981,365,92,57,12,0,33.0,true
116,Deutschlandsberg,1982,365,92,72,4,0,33.4,true
116,Deutschlandsberg,1983,365,92,77,15,2,37.8,true
116,Deutschlandsberg,1984,366,92,36,7,0,32.8,true
116,Deutschlandsberg,1985,365,92,60,8,0,32.5,true
116,Deutschlandsberg,1986,365,92,64,9,0,32.3,true
116,Deutschlandsberg,1987,365,92,61,9,0,32.5,true
116,Deutschlandsberg,1988,366,92,56,17,0,34.2,true
116,Deutschlandsberg,1989,365,92,51,4,0,31.5,true
116,Deutschlandsberg,1990,365,92,55,5,0,32.0,true
116,Deutschlandsberg,1991,365,92,55,9,0,33.0,true
116,Deutschlandsberg,1992,366,92,89,32,8,36.5,true
116,Deutschlandsberg,1993,365,92,75,21,0,33.5,true
116,Deutschlandsberg,1994,365,92,87,28,2,35.0,true
116,Deutschlandsberg,1995,365,92,63,19,0,33.0,true
116,Deutschlandsberg,1996,366,92,46,5,0,32.1,true
116,Deutschlandsberg,1997,365,92,69,2,0,30.1,true
116,Deutschlandsberg,1998,365,92,61,16,0,33.0,true
116,Deutschlandsberg,1999,365,92,59,5,0,33.0,true
116,Deutschlandsberg,2000,366,92,72,22,2,36.0,true
116,Deutschlandsberg,2001,365,92,69,14,0,33.1,true
116,Deutschlandsberg,2002,365,92,60,12,1,35.0,true
116,Deutschlandsberg,2003,365,92,98,32,2,36.6,true
116,Deutschlandsberg,2004,366,92,52,9,0,33.1,true
116,Deutschlandsberg,2005,365,92,60,6,0,32.9,true
116,Deutschlandsberg,2006,365,92,60,20,0,33.5,true
116,Deutschlandsberg,2007,365,92,71,17,2,36.5,true
116,Deutschlandsberg,2008,366,92,76,10,0,33.4,true
116,Deutschlandsberg,2009,365,92,74,9,0,34.3,true
116,Deutschlandsberg,2010,365,92,62,18,2,35.2,true
116,Deutschlandsberg,2011,365,92,78,17,0,34.7,true
116,Deutschlandsberg,2012,366,92,78,25,0,34.6,true
116,Deutschlandsberg,2013,365,92,72,24,9,38.9,true
116,Deutschlandsberg,2014,365,92,55,7,0,33.4,true
116,Deutschlandsberg,2015,365,92,68,28,1,35.4,true
116,Deutschlandsberg,2016,366,92,80,7,0,31.7,true
116,Deutschlandsberg,2017,365,92,79,27,0,34.7,true
116,Deutschlandsberg,2018,365,92,99,23,0,33.5,true
116,Deutschlandsberg,2019,365,92,81,23,1,35.4,true
116,Deutschlandsberg,2020,366,92,76,10,0,32.5,true
116,Deutschlandsberg,2021,365,92,81,23,0,34.6,true
116,Deutschlandsberg,2022,365,92,85,22,0,34.7,true
116,Deutschlandsberg,2023,365,92,86,19,0,34.4,true
116,Deutschlandsberg,2024,366,92,93,38,0,33.6,true
116,Deutschlandsberg,2025,365,92,84,29,2,35.4,true
116,Deutschlandsberg,2026,242,91,85,42,5,37.1,true
137,Döllach,1926,153,31,14,1,0,30.2,false
137,Döllach,1927,365,92,33,3,0,31.3,true
137,Döllach,1928,366,92,45,8,0,32.0,true
137,Döllach,1929,365,92,54,5,0,33.0,true
137,Döllach,1930,365,92,40,2,0,31.0,true
137,Döllach,1931,365,92,44,7,0,32.4,true
137,Döllach,1932,366,92,45,3,0,31.2,true
137,Döllach,1933,365,92,30,2,0,31.7,true
137,Döllach,1934,365,92,33,0,0,29.3,true
137,Döllach,1935,365,92,44,7,0,32.5,true
137,Döllach,1936,366,92,34,1,0,31.0,true
137,Döllach,1937,365,92,38,1,0,31.4,true
137,Döllach,1938,365,92,36,2,0,31.0,true
137,Döllach,1939,365,92,28,1,0,30.2,true
137,Döllach,1940,366,92,16,0,0,28.4,true
137,Döllach,1941,365,92,32,1,0,30.0,true
137,Döllach,1942,365,92,44,0,0,29.2,true
137,Döllach,1943,365,92,49,8,0,33.0,true
137,Döllach,1944,366,92,35,4,0,32.0,true
137,Döllach,1945,365,92,55,11,0,32.4,true
137,Döllach,1946,365,92,37,12,0,33.0,true
137,Döllach,1947,365,92,71,19,0,34.0,true
137,Döllach,1948,366,92,35,7,0,31.0,true
137,Döllach,1949,365,92,43,3,0,33.4,true
137,Döllach,1950,365,92,72,14,2,35.5,true
137,Döllach,1951,365,92,60,10,1,35.2,true
137,Döllach,1952,366,92,35,9,0,34.6,true
137,Döllach,1953,365,92,39,1,0,30.0,true
137,Döllach,1954,365,92,23,0,0,28.6,true
137,Döllach,1955,365,92,23,2,0,31.5,true
137,Döllach,1956,366,92,23,1,0,30.3,true
137,Döllach,1957,365,92,30,7,0,34.4,true
137,Döllach,1958,365,92,41,1,0,30.2,true
137,Döllach,1959,365,92,34,4,0,31.0,true
137,Döllach,1960,366,92,23,3,0,32.0,true
137,Döllach,1961,365,92,55,6,0,31.2,true
137,Döllach,1962,365,92,37,6,0,32.0,true
137,Döllach,1963,365,92,42,1,0,31.0,true
137,Döllach,1964,366,92,46,2,0,31.0,true
137,Döllach,1965,365,92,28,6,0,31.6,true
137,Döllach,1966,365,92,28,2,0,32.3,true
137,Döllach,1967,365,92,27,2,0,31.0,true
137,Döllach,1968,366,92,16,2,0,30.6,true
137,Döllach,1969,365,92,35,6,0,31.4,true
137,Döllach,1970,365,92,32,0,0,29.0,true
137,Döllach,1971,365,92,35,3,0,30.0,true
137,Döllach,1972,366,92,20,3,0,31.1,true
137,Döllach,1973,365,92,35,1,0,30.0,true
137,Döllach,1974,365,92,30,4,0,31.7,true
137,Döllach,1975,365,92,40,1,0,31.0,true
137,Döllach,1976,244,92,37,1,0,30.0,true
137,Döllach,1977,214,92,12,0,0,28.0,true
137,Döllach,1978,365,92,10,0,0,27.5,true
137,Döllach,1979,365,92,7,0,0,27.0,true
137,Döllach,1980,366,92,13,0,0,29.1,true
137,Döllach,1981,365,92,12,0,0,28.3,true
137,Döllach,1982,365,92,15,0,0,27.7,true
137,Döllach,1983,365,92,25,5,0,33.1,true
137,Döllach,1984,366,92,14,2,0,31.9,true
137,Döllach,1985,365,92,16,0,0,27.2,true
137,Döllach,1986,365,92,19,0,0,28.2,true
137,Döllach,1987,365,92,16,0,0,28.7,true
137,Döllach,1988,366,92,20,0,0,28.6,true
137,Döllach,1989,365,92,8,0,0,26.2,true
137,Döllach,1990,365,92,14,0,0,28.9,true
137,Döllach,1991,365,92,17,0,0,29.2,true
137,Döllach,1992,366,92,28,0,0,29.6,true
137,Döllach,1993,365,92,19,0,0,27.4,true
137,Döllach,1994,365,92,35,2,0,30.4,true
137,Döllach,1995,365,92,22,0,0,29.6,true
137,Döllach,1996,366,92,17,0,0,28.3,true
137,Döllach,1997,365,92,7,0,0,26.0,true
137,Döllach,1998,365,92,26,0,0,29.5,true
137,Döllach,1999,365,92,14,0,0,28.8,true
137,Döllach,2000,366,92,26,0,0,29.2,true
137,Döllach,2001,365,92,29,0,0,29.0,true
137,Döllach,2002,365,92,17,2,0,31.0,true
137,Döllach,2003,365,92,52,3,0,31.3,true
137,Döllach,2004,366,92,12,0,0,27.9,true
137,Döllach,2005,365,92,20,0,0,29.9,true
137,Döllach,2006,365,92,29,0,0,29.9,true
137,Döllach,2007,365,92,20,2,0,30.7,true
137,Döllach,2008,366,92,25,0,0,28.6,true
137,Döllach,2009,365,92,41,0,0,29.6,true
137,Döllach,2010,365,92,37,9,0,31.8,true
137,Döllach,2011,365,92,32,4,0,31.1,true
137,Döllach,2012,366,92,36,4,0,30.8,true
137,Döllach,2013,365,92,42,12,0,34.0,true
137,Döllach,2014,365,92,20,3,0,31.4,true
137,Döllach,2015,365,92,44,8,0,31.4,true
137,Döllach,2016,366,92,32,1,0,30.4,true
137,Döllach,2017,365,92,43,5,0,31.2,true
137,Döllach,2018,365,92,44,2,0,30.3,true
137,Döllach,2019,365,92,50,8,0,33.5,true
137,Döllach,2020,366,92,27,0,0,29.9,true
137,Döllach,2021,365,92,32,0,0,29.9,true
137,Döllach,2022,365,92,41,3,0,30.8,true
137,Döllach,2023,365,92,37,5,0,32.5,true
137,Döllach,2024,366,92,52,4,0,31.7,true
137,Döllach,2025,365,92,44,6,0,31.5,true
137,Döllach,2026,242,91,55,13,0,32.1,true
22,Eisenstadt Nordost,1936,366,92,57,8,0,33.8,true
22,Eisenstadt Nordost,1937,365,92,67,6,0,31.0,true
22,Eisenstadt Nordost,1938,333,92,64,14,0,32.6,true
22,Eisenstadt Nordost,1939,213,92,64,14,0,34.5,true
22,Eisenstadt Nordost,1941,54,0,0,0,0,14.5,false
22,Eisenstadt Nordost,1942,365,92,59,8,0,32.7,true
22,Eisenstadt Nordost,1943,365,92,64,12,2,35.5,true
22,Eisenstadt Nordost,1944,335,92,54,8,0,32.0,true
22,Eisenstadt Nordost,1945,181,0,7,0,0,29.3,false
22,Eisenstadt Nordost,1946,287,76,52,14,0,33.2,false
22,Eisenstadt Nordost,1947,365,92,92,30,1,36.0,true
22,Eisenstadt Nordost,1948,366,92,68,6,0,34.1,true
22,Eisenstadt Nordost,1949,365,92,58,10,0,32.5,true
22,Eisenstadt Nordost,1950,365,92,85,25,3,38.3,true
22,Eisenstadt Nordost,1951,365,92,63,5,0,33.8,true
22,Eisenstadt Nordost,1952,366,92,76,27,3,36.8,true
22,Eisenstadt Nordost,1953,365,92,72,12,0,32.0,true
22,Eisenstadt Nordost,1954,365,92,60,9,0,31.0,true
22,Eisenstadt Nordost,1955,365,92,53,2,0,30.7,true
22,Eisenstadt Nordost,1956,366,92,70,7,0,32.3,true
22,Eisenstadt Nordost,1957,365,92,53,11,4,37.9,true
22,Eisenstadt Nordost,1958,365,92,60,13,0,33.5,true
22,Eisenstadt Nordost,1959,365,92,51,6,0,32.8,true
22,Eisenstadt Nordost,1960,366,92,54,4,0,31.3,true
22,Eisenstadt Nordost,1961,365,92,63,15,0,33.6,true
22,Eisenstadt Nordost,1962,365,92,63,21,0,34.6,true
22,Eisenstadt Nordost,1963,365,92,65,17,0,33.9,true
22,Eisenstadt Nordost,1964,366,92,61,16,0,33.4,true
22,Eisenstadt Nordost,1965,365,92,40,8,0,31.6,true
22,Eisenstadt Nordost,1966,365,92,50,5,0,32.5,true
22,Eisenstadt Nordost,1967,365,92,63,20,0,33.2,true
22,Eisenstadt Nordost,1968,366,92,53,7,1,35.2,true
22,Eisenstadt Nordost,1969,365,92,59,9,0,33.7,true
22,Eisenstadt Nordost,1970,365,92,51,12,0,31.4,true
22,Eisenstadt Nordost,1971,365,92,65,20,1,37.0,true
22,Eisenstadt Nordost,1972,366,92,42,13,0,32.1,true
22,Eisenstadt Nordost,1973,365,92,64,15,0,32.6,true
22,Eisenstadt Nordost,1974,365,92,52,12,2,35.4,true
22,Eisenstadt Nordost,1975,365,92,68,3,0,30.9,true
22,Eisenstadt Nordost,1976,366,92,48,9,0,34.3,true
22,Eisenstadt Nordost,1977,365,92,55,2,0,30.2,true
22,Eisenstadt Nordost,1978,365,92,44,3,0,31.6,true
22,Eisenstadt Nordost,1979,365,92,62,7,0,31.0,true
22,Eisenstadt Nordost,1980,366,92,37,5,0,31.6,true
22,Eisenstadt Nordost,1981,365,92,61,15,0,34.4,true
22,Eisenstadt Nordost,1982,365,92,75,8,0,32.2,true
22,Eisenstadt Nordost,1983,365,92,85,28,0,34.8,true
22,Eisenstadt Nordost,1984,366,92,43,7,0,33.3,true
22,Eisenstadt Nordost,1985,365,92,57,10,0,33.6,true
22,Eisenstadt Nordost,1986,365,92,79,14,0,32.5,true
22,Eisenstadt Nordost,1987,365,92,61,10,0,33.7,true
22,Eisenstadt Nordost,1988,366,92,59,21,2,36.4,true
22,Eisenstadt Nordost,1989,365,92,36,2,0,30.7,true
22,Eisenstadt Nordost,1990,365,92,46,7,0,31.7,true
22,Eisenstadt Nordost,1991,365,92,40,9,0,33.1,true
22,Eisenstadt Nordost,1992,366,92,74,25,5,36.3,true
22,Eisenstadt Nordost,1993,365,92,60,13,0,33.9,true
22,Eisenstadt Nordost,1994,365,92,80,32,1,35.0,true
22,Eisenstadt Nordost,1995,365,92,65,17,0,33.7,true
22,Eisenstadt Nordost,1996,366,92,49,6,0,31.6,true
22,Eisenstadt Nordost,1997,365,92,75,5,0,31.5,true
22,Eisenstadt Nordost,1998,365,92,66,21,1,35.9,true
22,Eisenstadt Nordost,1999,365,92,63,9,1,35.7,true
22,Eisenstadt Nordost,2000,366,92,75,25,3,36.9,true
22,Eisenstadt Nordost,2001,365,92,71,21,1,35.6,true
22,Eisenstadt Nordost,2002,365,92,83,19,1,35.1,true
22,Eisenstadt Nordost,2003,365,92,101,39,3,38.4,true
22,Eisenstadt Nordost,2004,366,92,57,9,0,32.0,true
22,Eisenstadt Nordost,2005,365,92,66,14,2,35.4,true
22,Eisenstadt Nordost,2006,365,92,61,23,0,34.1,true
22,Eisenstadt Nordost,2007,365,92,79,25,5,38.7,true
22,Eisenstadt Nordost,2008,366,92,75,11,0,33.0,true
22,Eisenstadt Nordost,2009,365,92,79,15,0,34.1,true
22,Eisenstadt Nordost,2010,365,92,58,17,1,35.3,true
22,Eisenstadt Nordost,2011,365,92,81,18,2,35.5,true
22,Eisenstadt Nordost,2012,366,92,83,37,4,36.3,true
22,Eisenstadt Nordost,2013,365,92,70,27,6,39.3,true
22,Eisenstadt Nordost,2014,365,92,64,12,0,33.1,true
22,Eisenstadt Nordost,2015,365,92,76,40,11,36.6,true
22,Eisenstadt Nordost,2016,366,92,83,18,0,34.7,true
22,Eisenstadt Nordost,2017,365,92,82,38,2,38.2,true
22,Eisenstadt Nordost,2018,365,92,110,32,1,35.2,true
22,Eisenstadt Nordost,2019,365,92,89,35,1,36.1,true
22,Eisenstadt Nordost,2020,366,92,82,19,0,34.5,true
22,Eisenstadt Nordost,2021,365,92,84,24,1,36.2,true
22,Eisenstadt Nordost,2022,365,92,95,36,7,36.3,true
22,Eisenstadt Nordost,2023,365,92,97,34,2,35.2,true
22,Eisenstadt Nordost,2024,366,92,99,48,3,35.6,true
22,Eisenstadt Nordost,2025,365,92,81,30,1,36.1,true
22,Eisenstadt Nordost,2026,242,91,95,48,16,39.6,true
23,Enns,1953,153,31,17,0,0,29.0,false
23,Enns,1954,365,92,48,12,0,33.0,true
23,Enns,1955,365,92,44,2,0,31.5,true
23,Enns,1956,366,92,46,2,0,30.0,true
23,Enns,1957,365,92,50,15,5,39.0,true
23,Enns,1958,365,92,58,12,0,34.2,true
23,Enns,1959,365,92,51,6,0,33.0,true
23,Enns,1960,361,92,39,4,0,31.0,true
23,Enns,1961,365,92,55,10,0,34.0,true
23,Enns,1962,365,92,57,13,0,33.0,true
23,Enns,1963,365,92,61,16,0,34.0,true
23,Enns,1964,360,92,61,12,0,33.0,true
23,Enns,1965,365,92,38,10,0,32.6,true
23,Enns,1966,365,92,54,9,0,32.0,true
23,Enns,1967,365,92,61,18,0,34.5,true
23,Enns,1968,366,92,50,10,0,34.0,true
23,Enns,1969,365,92,63,11,0,33.5,true
23,Enns,1970,365,92,51,11,0,32.5,true
23,Enns,1971,364,92,60,21,2,37.4,true
23,Enns,1972,365,92,41,14,0,33.9,true
23,Enns,1973,364,92,64,12,0,33.9,true
23,Enns,1974,364,92,41,10,0,34.9,true
23,Enns,1975,364,92,59,2,0,30.9,true
23,Enns,1976,366,92,55,13,0,34.4,true
23,Enns,1977,364,91,56,5,0,31.4,false
23,Enns,1978,356,92,35,2,0,31.0,true
23,Enns,1979,342,92,63,10,1,35.6,true
23,Enns,1980,366,92,37,4,0,32.0,true
23,Enns,1981,365,92,57,12,0,33.5,true
23,Enns,1982,365,92,70,10,0,31.5,true
23,Enns,1983,365,92,69,23,4,38.0,true
23,Enns,1984,366,92,36,5,1,35.5,true
23,Enns,1985,365,92,54,10,0,33.5,true
23,Enns,1986,365,92,67,13,0,34.2,true
23,Enns,1987,365,92,60,7,0,32.0,true
23,Enns,1988,366,92,55,16,1,36.0,true
23,Enns,1989,365,92,54,7,0,32.5,true
23,Enns,1990,365,92,62,17,0,32.5,true
23,Enns,1991,365,92,57,8,0,32.5,true
23,Enns,1992,366,92,75,29,4,36.0,true
23,Enns,1993,273,92,74,18,1,36.0,true
23,Enns,2008,184,62,41,5,0,31.0,false
23,Enns,2009,365,92,50,7,0,32.7,true
23,Enns,2010,365,92,44,20,0,33.8,true
23,Enns,2011,365,92,68,13,2,36.8,true
23,Enns,2012,366,92,71,19,0,34.6,true
23,Enns,2013,365,92,55,19,3,36.4,true
23,Enns,2014,358,92,41,8,1,35.0,true
23,Enns,2015,365,92,71,39,13,36.8,true
23,Enns,2016,366,92,76,9,0,33.3,true
23,Enns,2017,365,92,70,21,1,35.9,true
23,Enns,2018,365,92,100,32,1,37.3,true
23,Enns,2019,365,92,74,24,3,35.7,true
23,Enns,2020,366,92,62,13,0,32.9,true
23,Enns,2021,365,92,63,11,0,33.4,true
23,Enns,2022,365,92,78,19,1,35.1,true
23,Enns,2023,365,92,71,24,1,35.3,true
23,Enns,2024,366,92,86,34,1,35.0,true
23,Enns,2025,365,92,65,19,0,33.9,true
23,Enns,2026,242,91,83,46,12,39.5,true
91,Feistritz ob Bleiburg,1961,365,92,45,3,0,32.2,true
91,Feistritz ob Bleiburg,1962,181,30,11,1,0,31.0,false
91,Feistritz ob Bleiburg,1963,365,92,45,3,0,32.5,true
91,Feistritz ob Bleiburg,1964,366,92,50,0,0,29.7,true
91,Feistritz ob Bleiburg,1965,365,92,31,4,0,32.0,true
91,Feistritz ob Bleiburg,1966,365,92,35,2,0,30.2,true
91,Feistritz ob Bleiburg,1967,365,92,43,8,0,32.4,true
91,Feistritz ob Bleiburg,1968,366,92,30,4,0,32.9,true
91,Feistritz ob Bleiburg,1969,365,92,50,4,0,31.9,true
91,Feistritz ob Bleiburg,1970,365,92,48,4,0,31.1,true
91,Feistritz ob Bleiburg,1971,365,92,48,9,1,35.0,true
91,Feistritz ob Bleiburg,1972,366,92,37,3,0,31.6,true
91,Feistritz ob Bleiburg,1973,365,92,49,1,0,30.4,true
91,Feistritz ob Bleiburg,1974,365,92,37,6,0,31.9,true
91,Feistritz ob Bleiburg,1975,365,92,42,1,0,31.7,true
91,Feistritz ob Bleiburg,1976,366,92,41,7,0,32.1,true
91,Feistritz ob Bleiburg,1977,365,92,36,2,0,30.1,true
91,Feistritz ob Bleiburg,1978,365,92,29,0,0,29.5,true
91,Feistritz ob Bleiburg,1979,365,92,60,0,0,29.7,true
91,Feistritz ob Bleiburg,1980,366,92,32,3,0,31.6,true
91,Feistritz ob Bleiburg,1981,365,92,46,6,0,31.6,true
91,Feistritz ob Bleiburg,1982,365,92,55,2,0,31.3,true
91,Feistritz ob Bleiburg,1983,365,92,56,10,1,35.2,true
91,Feistritz ob Bleiburg,1984,366,92,34,6,0,33.5,true
91,Feistritz ob Bleiburg,1985,365,92,52,7,0,30.9,true
91,Feistritz ob Bleiburg,1986,365,92,62,8,0,31.2,true
91,Feistritz ob Bleiburg,1987,365,92,55,5,0,31.5,true
91,Feistritz ob Bleiburg,1988,366,92,49,18,0,33.5,true
91,Feistritz ob Bleiburg,1989,365,92,34,0,0,29.6,true
91,Feistritz ob Bleiburg,1990,365,92,48,5,0,31.0,true
91,Feistritz ob Bleiburg,1991,182,0,0,0,0,18.7,false
91,Feistritz ob Bleiburg,1992,366,92,66,25,0,34.8,true
91,Feistritz ob Bleiburg,1993,365,92,61,10,0,31.5,true
91,Feistritz ob Bleiburg,1994,365,92,69,14,0,33.0,true
91,Feistritz ob Bleiburg,1995,365,92,49,3,0,31.0,true
91,Feistritz ob Bleiburg,1996,366,92,38,3,0,31.2,true
91,Feistritz ob Bleiburg,1997,365,92,56,0,0,29.0,true
91,Feistritz ob Bleiburg,1998,365,92,58,12,0,31.0,true
91,Feistritz ob Bleiburg,1999,365,92,46,4,0,31.0,true
91,Feistritz ob Bleiburg,2000,322,92,61,17,0,33.6,true
91,Feistritz ob Bleiburg,2001,365,92,66,27,0,33.4,true
91,Feistritz ob Bleiburg,2002,352,92,72,14,1,35.2,true
91,Feistritz ob Bleiburg,2003,153,31,32,9,0,33.3,false
91,Feistritz ob Bleiburg,2004,366,92,45,5,0,31.4,true
91,Feistritz ob Bleiburg,2005,365,92,56,11,0,32.2,true
91,Feistritz ob Bleiburg,2006,365,92,60,23,1,35.4,true
91,Feistritz ob Bleiburg,2007,365,92,62,15,0,34.6,true
91,Feistritz ob Bleiburg,2008,366,92,67,9,0,31.9,true
91,Feistritz ob Bleiburg,2009,365,92,68,11,0,32.3,true
91,Feistritz ob Bleiburg,2010,365,92,59,16,3,35.6,true
91,Feistritz ob Bleiburg,2011,365,92,67,15,0,34.5,true
91,Feistritz ob Bleiburg,2012,366,92,77,27,0,34.4,true
91,Feistritz ob Bleiburg,2013,365,92,72,28,10,38.9,true
91,Feistritz ob Bleiburg,2014,365,92,44,7,0,33.5,true
91,Feistritz ob Bleiburg,2015,365,92,68,30,1,35.2,true
91,Feistritz ob Bleiburg,2016,366,92,73,9,0,31.9,true
91,Feistritz ob Bleiburg,2017,365,92,71,27,0,34.2,true
91,Feistritz ob Bleiburg,2018,365,92,85,19,0,34.3,true
91,Feistritz ob Bleiburg,2019,365,92,71,21,2,36.0,true
91,Feistritz ob Bleiburg,2020,366,92,61,8,0,32.4,true
91,Feistritz ob Bleiburg,2021,365,92,68,20,0,33.4,true
91,Feistritz ob Bleiburg,2022,365,92,88,25,1,36.4,true
91,Feistritz ob Bleiburg,2023,365,92,64,19,0,34.2,true
91,Feistritz ob Bleiburg,2024,366,92,84,35,0,33.5,true
91,Feistritz ob Bleiburg,2025,365,92,77,28,3,38.3,true
91,Feistritz ob Bleiburg,2026,242,91,81,38,5,36.3,true
24,Feldkirch,1936,366,92,16,0,0,29.0,true
24,Feldkirch,1937,365,92,33,2,0,32.7,true
24,Feldkirch,1938,362,92,32,1,0,30.8,true
24,Feldkirch,1939,365,92,27,1,0,30.1,true
24,Feldkirch,1940,366,92,22,0,0,29.2,true
24,Feldkirch,1941,365,92,29,2,0,31.6,true
24,Feldkirch,1942,365,92,40,2,0,30.2,true
24,Feldkirch,1943,365,92,45,10,0,33.4,true
24,Feldkirch,1944,366,92,38,3,0,32.0,true
24,Feldkirch,1945,120,0,0,0,0,24.0,false
24,Feldkirch,1946,365,92,35,7,0,33.6,true
24,Feldkirch,1947,365,92,73,20,1,35.5,true
24,Feldkirch,1948,366,92,38,2,0,30.6,true
24,Feldkirch,1949,365,92,62,16,2,35.1,true
24,Feldkirch,1950,365,92,68,14,1,36.3,true
24,Feldkirch,1951,365,92,50,6,0,32.0,true
24,Feldkirch,1952,366,92,56,19,2,35.0,true
24,Feldkirch,1953,365,92,45,6,0,31.6,true
24,Feldkirch,1954,346,92,33,2,0,30.8,true
24,Feldkirch,1955,365,92,25,1,0,30.6,true
24,Feldkirch,1956,366,92,25,1,0,30.2,true
24,Feldkirch,1957,365,92,30,7,0,33.0,true
24,Feldkirch,1958,365,92,49,7,0,32.6,true
24,Feldkirch,1959,365,92,47,5,0,31.6,true
24,Feldkirch,1960,366,92,25,1,0,30.0,true
24,Feldkirch,1961,365,92,48,4,0,31.4,true
24,Feldkirch,1962,365,92,51,9,0,32.4,true
24,Feldkirch,1963,365,92,29,7,0,32.8,true
24,Feldkirch,1964,366,92,51,11,0,33.2,true
24,Feldkirch,1965,365,92,28,5,0,33.2,true
24,Feldkirch,1966,365,92,34,3,0,31.4,true
24,Feldkirch,1967,365,92,40,4,0,34.6,true
24,Feldkirch,1968,366,92,23,1,0,31.8,true
24,Feldkirch,1969,365,92,39,3,0,30.0,true
24,Feldkirch,1970,365,92,30,1,0,30.0,true
24,Feldkirch,1971,365,92,43,9,0,31.8,true
24,Feldkirch,1972,366,92,25,1,0,31.2,true
24,Feldkirch,1973,365,92,42,2,0,31.5,true
24,Feldkirch,1974,365,92,28,2,0,30.6,true
24,Feldkirch,1975,365,92,32,1,0,32.8,true
24,Feldkirch,1976,366,92,44,8,0,31.0,true
24,Feldkirch,1977,365,92,20,2,0,34.8,true
24,Feldkirch,1978,365,92,25,0,0,29.0,true
24,Feldkirch,1979,365,92,36,0,0,28.9,true
24,Feldkirch,1980,366,92,29,5,0,34.6,true
24,Feldkirch,1981,365,92,44,0,0,29.6,true
24,Feldkirch,1982,365,92,53,4,0,31.5,true
24,Feldkirch,1983,365,92,60,13,0,34.6,true
24,Feldkirch,1984,366,92,30,7,1,38.1,true
24,Feldkirch,1985,365,92,50,7,0,34.0,true
24,Feldkirch,1986,365,92,53,6,1,35.4,true
24,Feldkirch,1987,365,92,46,5,0,31.6,true
24,Feldkirch,1988,366,92,45,3,0,32.0,true
24,Feldkirch,1989,365,92,52,0,0,29.8,true
24,Feldkirch,1990,365,92,48,12,0,33.6,true
24,Feldkirch,1991,365,92,58,6,0,32.8,true
24,Feldkirch,1992,366,92,62,20,0,34.4,true
24,Feldkirch,1993,365,92,58,9,0,31.8,true
24,Feldkirch,1994,365,92,69,17,0,33.5,true
24,Feldkirch,1995,365,92,43,4,0,34.7,true
24,Feldkirch,1996,366,92,29,2,0,31.4,true
24,Feldkirch,1997,365,92,36,0,0,28.3,true
24,Feldkirch,1998,365,92,43,7,0,33.6,true
24,Feldkirch,1999,365,92,37,4,0,33.1,true
24,Feldkirch,2000,366,92,48,4,0,34.9,true
24,Feldkirch,2001,365,92,41,4,0,33.6,true
24,Feldkirch,2002,365,92,36,4,0,31.8,true
24,Feldkirch,2003,365,92,83,22,3,35.6,true
24,Feldkirch,2004,366,92,38,1,0,30.6,true
24,Feldkirch,2005,365,92,39,7,0,31.3,true
24,Feldkirch,2006,365,92,51,13,0,32.6,true
24,Feldkirch,2007,365,92,47,6,3,35.7,true
24,Feldkirch,2008,366,92,57,9,0,32.0,true
24,Feldkirch,2009,365,92,58,8,0,33.6,true
24,Feldkirch,2010,365,92,45,14,1,35.0,true
24,Feldkirch,2011,365,92,49,9,0,34.3,true
24,Feldkirch,2012,366,92,64,12,0,34.2,true
24,Feldkirch,2013,365,92,53,16,3,37.2,true
24,Feldkirch,2014,365,92,44,7,0,33.4,true
24,Feldkirch,2015,365,92,69,27,1,35.1,true
24,Feldkirch,2016,366,92,62,7,0,31.8,true
24,Feldkirch,2017,365,92,64,17,0,34.4,true
24,Feldkirch,2018,365,92,98,21,2,35.0,true
24,Feldkirch,2019,365,92,67,21,0,34.7,true
24,Feldkirch,2020,366,92,65,7,0,33.1,true
24,Feldkirch,2021,365,92,49,9,0,32.1,true
24,Feldkirch,2022,365,92,91,22,2,36.5,true
24,Feldkirch,2023,365,92,98,24,2,36.2,true
24,Feldkirch,2024,366,92,79,18,0,34.1,true
24,Feldkirch,2025,365,92,68,20,0,33.9,true
24,Feldkirch,2026,242,91,83,50,7,36.5,true
120,Ferlach,1953,239,92,52,4,0,30.2,true
120,Ferlach,1954,365,92,49,0,0,29.2,true
120,Ferlach,1955,334,92,50,4,0,33.0,true
120,Ferlach,1956,366,92,61,10,0,31.8,true
120,Ferlach,1957,365,92,57,19,5,36.8,true
120,Ferlach,1958,304,92,83,22,0,33.1,true
120,Ferlach,1959,90,0,0,0,0,17.4,false
120,Ferlach,1963,92,0,0,0,0,20.5,false
120,Ferlach,1964,366,92,56,6,0,31.0,true
120,Ferlach,1965,365,92,38,10,0,33.5,true
120,Ferlach,1966,365,92,51,8,0,32.3,true
120,Ferlach,1967,365,92,65,14,0,33.6,true
120,Ferlach,1968,366,92,38,8,0,34.7,true
120,Ferlach,1969,365,92,62,10,0,33.1,true
120,Ferlach,1970,365,92,63,15,0,32.8,true
120,Ferlach,1971,365,92,66,18,0,33.0,true
120,Ferlach,1972,366,92,51,9,0,32.2,true
120,Ferlach,1973,365,92,66,11,0,32.5,true
120,Ferlach,1974,365,92,50,12,0,33.8,true
120,Ferlach,1975,365,92,65,3,0,32.2,true
120,Ferlach,1976,366,92,54,12,0,34.2,true
120,Ferlach,1977,365,92,45,4,0,31.6,true
120,Ferlach,1978,365,92,41,1,0,30.0,true
120,Ferlach,1979,365,92,73,1,0,31.0,true
120,Ferlach,1980,366,92,39,8,0,32.1,true
120,Ferlach,1981,365,92,59,11,0,32.8,true
120,Ferlach,1982,365,92,70,6,0,31.8,true
120,Ferlach,1983,365,92,64,15,3,36.5,true
120,Ferlach,1984,366,92,36,8,1,35.4,true
120,Ferlach,1985,365,92,65,11,0,31.3,true
120,Ferlach,1986,365,92,65,16,0,32.6,true
120,Ferlach,1987,195,30,13,1,0,30.6,false
120,Ferlach,1988,184,62,48,21,0,33.5,false
120,Ferlach,1989,365,92,44,3,0,30.0,true
120,Ferlach,1990,365,92,64,10,0,32.2,true
120,Ferlach,1991,365,92,70,11,0,33.5,true
120,Ferlach,1992,366,92,85,28,3,36.0,true
120,Ferlach,1993,365,92,68,20,0,32.5,true
120,Ferlach,1994,365,92,84,31,0,34.0,true
120,Ferlach,1995,365,92,58,12,0,32.5,true
120,Ferlach,1996,366,92,56,9,0,32.8,true
120,Ferlach,1997,365,92,75,1,0,30.0,true
120,Ferlach,1998,365,92,69,23,0,33.2,true
120,Ferlach,1999,365,92,56,9,0,32.8,true
120,Ferlach,2000,366,92,69,16,0,33.0,true
120,Ferlach,2001,365,92,69,16,0,32.8,true
120,Ferlach,2002,335,92,68,13,1,35.0,true
120,Ferlach,2003,365,92,105,44,1,35.4,true
120,Ferlach,2004,366,92,56,10,0,32.4,true
120,Ferlach,2005,365,92,64,17,0,34.0,true
120,Ferlach,2006,365,92,72,34,2,36.2,true
120,Ferlach,2007,365,92,71,21,5,36.0,true
120,Ferlach,2008,366,92,83,15,0,32.6,true
120,Ferlach,2009,365,92,79,20,0,33.3,true
120,Ferlach,2010,365,92,74,31,6,36.3,true
120,Ferlach,2011,365,92,90,25,0,34.7,true
120,Ferlach,2012,366,92,86,34,1,36.2,true
120,Ferlach,2013,365,92,81,37,12,39.0,true
120,Ferlach,2014,365,92,66,15,0,34.5,true
120,Ferlach,2015,365,92,79,42,2,35.9,true
120,Ferlach,2016,366,92,84,24,0,33.6,true
120,Ferlach,2017,365,92,84,34,2,35.4,true
120,Ferlach,2018,365,92,99,26,0,34.2,true
120,Ferlach,2019,365,92,89,33,4,37.7,true
120,Ferlach,2020,366,92,75,17,0,33.8,true
120,Ferlach,2021,365,92,83,30,0,34.0,true
120,Ferlach,2022,365,92,102,41,6,36.9,true
120,Ferlach,2023,365,92,95,30,0,34.4,true
120,Ferlach,2024,366,92,97,51,2,35.4,true
120,Ferlach,2025,365,92,93,39,7,37.8,true
120,Ferlach,2026,242,91,97,61,14,38.1,true
205,Feuerkogel,1930,347,92,0,0,0,24.0,true
205,Feuerkogel,1931,365,92,1,0,0,25.3,true
205,Feuerkogel,1932,366,92,0,0,0,24.2,true
205,Feuerkogel,1933,365,92,0,0,0,23.3,true
205,Feuerkogel,1934,365,92,0,0,0,23.4,true
205,Feuerkogel,1935,365,92,0,0,0,24.6,true
205,Feuerkogel,1936,366,92,0,0,0,23.9,true
205,Feuerkogel,1937,365,92,0,0,0,23.2,true
205,Feuerkogel,1938,365,92,0,0,0,23.1,true
205,Feuerkogel,1939,365,92,0,0,0,22.6,true
205,Feuerkogel,1940,366,92,0,0,0,21.6,true
205,Feuerkogel,1941,365,92,0,0,0,22.0,true
205,Feuerkogel,1942,365,92,0,0,0,21.9,true
205,Feuerkogel,1943,365,92,3,0,0,25.1,true
205,Feuerkogel,1944,366,92,0,0,0,22.8,true
205,Feuerkogel,1945,330,88,1,0,0,25.1,false
205,Feuerkogel,1946,296,92,0,0,0,24.5,true
205,Feuerkogel,1947,365,92,3,0,0,25.5,true
205,Feuerkogel,1948,366,92,0,0,0,23.4,true
205,Feuerkogel,1949,365,92,0,0,0,23.2,true
205,Feuerkogel,1950,365,92,2,0,0,28.1,true
205,Feuerkogel,1951,365,92,0,0,0,23.2,true
205,Feuerkogel,1952,366,92,4,0,0,25.6,true
205,Feuerkogel,1953,365,92,1,0,0,26.6,true
205,Feuerkogel,1954,365,92,0,0,0,22.5,true
205,Feuerkogel,1955,365,92,0,0,0,23.3,true
205,Feuerkogel,1956,366,92,0,0,0,23.5,true
205,Feuerkogel,1957,365,92,4,0,0,27.5,true
205,Feuerkogel,1958,365,92,0,0,0,24.7,true
205,Feuerkogel,1959,365,92,0,0,0,23.4,true
205,Feuerkogel,1960,366,92,0,0,0,24.8,true
205,Feuerkogel,1961,365,92,1,0,0,25.0,true
205,Feuerkogel,1962,365,92,1,0,0,25.0,true
205,Feuerkogel,1963,365,92,1,0,0,25.3,true
205,Feuerkogel,1964,366,92,0,0,0,23.6,true
205,Feuerkogel,1965,365,92,1,0,0,26.7,true
205,Feuerkogel,1966,365,92,0,0,0,24.3,true
205,Feuerkogel,1967,365,92,0,0,0,24.4,true
205,Feuerkogel,1968,366,92,0,0,0,22.3,true
205,Feuerkogel,1969,365,92,0,0,0,23.4,true
205,Feuerkogel,1970,365,92,0,0,0,21.6,true
205,Feuerkogel,1971,365,92,1,0,0,25.1,true
205,Feuerkogel,1972,366,92,1,0,0,25.9,true
205,Feuerkogel,1973,365,92,0,0,0,22.9,true
205,Feuerkogel,1974,365,92,2,0,0,25.5,true
205,Feuerkogel,1975,365,92,2,0,0,26.6,true
205,Feuerkogel,1976,366,92,0,0,0,22.2,true
205,Feuerkogel,1977,365,92,0,0,0,21.3,true
205,Feuerkogel,1978,365,92,0,0,0,20.2,true
205,Feuerkogel,1979,365,92,0,0,0,20.2,true
205,Feuerkogel,1980,366,92,2,0,0,25.8,true
205,Feuerkogel,1981,365,92,1,0,0,26.2,true
205,Feuerkogel,1982,365,92,0,0,0,22.3,true
205,Feuerkogel,1983,365,92,3,0,0,28.2,true
205,Feuerkogel,1984,366,92,2,0,0,28.0,true
205,Feuerkogel,1985,365,92,0,0,0,23.0,true
205,Feuerkogel,1986,365,92,0,0,0,23.1,true
205,Feuerkogel,1987,365,92,0,0,0,22.1,true
205,Feuerkogel,1988,366,92,0,0,0,24.7,true
205,Feuerkogel,1989,365,92,0,0,0,23.4,true
205,Feuerkogel,1990,365,92,0,0,0,21.6,true
205,Feuerkogel,1991,365,92,0,0,0,23.0,true
205,Feuerkogel,1992,366,92,1,0,0,25.1,true
205,Feuerkogel,1993,365,92,0,0,0,24.6,true
205,Feuerkogel,1994,365,92,1,0,0,25.5,true
205,Feuerkogel,1995,365,92,0,0,0,24.1,true
205,Feuerkogel,1996,366,92,0,0,0,21.6,true
205,Feuerkogel,1997,365,92,0,0,0,22.7,true
205,Feuerkogel,1998,365,92,1,0,0,26.1,true
205,Feuerkogel,1999,365,92,0,0,0,24.1,true
205,Feuerkogel,2000,366,92,0,0,0,23.8,true
205,Feuerkogel,2001,365,92,0,0,0,23.6,true
205,Feuerkogel,2002,365,92,0,0,0,24.4,true
205,Feuerkogel,2003,365,92,1,0,0,25.8,true
205,Feuerkogel,2004,366,92,0,0,0,23.5,true
205,Feuerkogel,2005,365,92,1,0,0,27.2,true
205,Feuerkogel,2006,365,92,0,0,0,24.9,true
205,Feuerkogel,2007,365,92,0,0,0,24.9,true
205,Feuerkogel,2008,366,92,0,0,0,24.0,true
205,Feuerkogel,2009,365,92,1,0,0,27.8,true
205,Feuerkogel,2010,365,92,0,0,0,24.7,true
205,Feuerkogel,2011,365,92,2,0,0,25.6,true
205,Feuerkogel,2012,366,92,1,0,0,25.2,true
205,Feuerkogel,2013,365,92,4,0,0,28.0,true
205,Feuerkogel,2014,361,88,0,0,0,24.4,false
205,Feuerkogel,2015,365,92,1,0,0,26.2,true
205,Feuerkogel,2016,366,92,0,0,0,22.8,true
205,Feuerkogel,2017,365,92,2,0,0,26.3,true
205,Feuerkogel,2018,365,92,0,0,0,24.7,true
205,Feuerkogel,2019,365,92,3,0,0,26.8,true
205,Feuerkogel,2020,366,92,0,0,0,24.8,true
205,Feuerkogel,2021,365,92,0,0,0,23.1,true
205,Feuerkogel,2022,365,92,2,0,0,25.1,true
205,Feuerkogel,2023,365,92,2,0,0,26.9,true
205,Feuerkogel,2024,366,92,0,0,0,24.8,true
205,Feuerkogel,2025,365,92,1,0,0,25.7,true
205,Feuerkogel,2026,242,91,8,0,0,28.0,true
186,Flattnitz,1970,122,0,0,0,0,21.2,false
186,Flattnitz,1971,365,92,1,0,0,26.6,true
186,Flattnitz,1972,366,92,0,0,0,24.0,true
186,Flattnitz,1973,365,92,0,0,0,24.0,true
186,Flattnitz,1974,365,92,0,0,0,24.7,true
186,Flattnitz,1975,365,92,0,0,0,23.8,true
186,Flattnitz,1976,366,92,0,0,0,24.4,true
186,Flattnitz,1977,365,92,0,0,0,22.2,true
186,Flattnitz,1978,334,92,0,0,0,23.7,true
186,Flattnitz,1979,274,92,0,0,0,22.7,true
186,Flattnitz,1980,366,92,1,0,0,26.0,true
186,Flattnitz,1981,365,92,1,0,0,25.4,true
186,Flattnitz,1982,365,92,0,0,0,23.9,true
186,Flattnitz,1983,365,92,7,2,0,30.0,true
186,Flattnitz,1984,366,92,4,0,0,28.9,true
186,Flattnitz,1985,365,92,1,0,0,25.0,true
186,Flattnitz,1986,365,92,0,0,0,24.5,true
186,Flattnitz,1987,365,92,1,0,0,25.9,true
186,Flattnitz,1988,366,92,5,0,0,27.0,true
186,Flattnitz,1989,365,92,0,0,0,24.0,true
186,Flattnitz,1990,365,92,3,0,0,26.0,true
186,Flattnitz,1991,365,92,1,0,0,27.9,true
186,Flattnitz,1992,366,92,17,0,0,27.9,true
186,Flattnitz,1993,365,92,4,0,0,25.1,true
186,Flattnitz,1994,365,92,9,0,0,27.1,true
186,Flattnitz,1995,365,92,3,0,0,26.1,true
186,Flattnitz,1996,366,92,4,0,0,27.1,true
186,Flattnitz,1997,365,92,0,0,0,22.5,true
186,Flattnitz,1998,365,92,17,0,0,27.8,true
186,Flattnitz,1999,365,92,0,0,0,24.9,true
186,Flattnitz,2000,366,92,4,0,0,26.0,true
186,Flattnitz,2001,365,92,0,0,0,24.3,true
186,Flattnitz,2002,365,92,7,0,0,27.0,true
186,Flattnitz,2003,365,92,3,0,0,27.0,true
186,Flattnitz,2004,366,92,0,0,0,23.8,true
186,Flattnitz,2005,365,92,0,0,0,23.9,true
186,Flattnitz,2006,365,92,7,0,0,27.1,true
186,Flattnitz,2007,363,90,6,0,0,27.2,false
186,Flattnitz,2008,366,92,0,0,0,24.4,true
186,Flattnitz,2009,365,92,1,0,0,26.6,true
186,Flattnitz,2010,365,92,9,0,0,27.0,true
186,Flattnitz,2011,365,92,4,0,0,26.5,true
186,Flattnitz,2012,366,92,4,0,0,26.5,true
186,Flattnitz,2013,365,92,13,0,0,29.5,true
186,Flattnitz,2014,365,92,0,0,0,24.6,true
186,Flattnitz,2015,365,92,7,0,0,26.8,true
186,Flattnitz,2016,366,92,0,0,0,24.4,true
186,Flattnitz,2017,365,92,5,0,0,26.6,true
186,Flattnitz,2018,365,92,3,0,0,26.8,true
186,Flattnitz,2019,365,92,8,0,0,28.8,true
186,Flattnitz,2020,366,92,3,0,0,25.9,true
186,Flattnitz,2021,365,92,2,0,0,25.8,true
186,Flattnitz,2022,365,92,4,0,0,26.7,true
186,Flattnitz,2023,365,92,4,0,0,25.7,true
186,Flattnitz,2024,366,92,5,0,0,26.1,true
186,Flattnitz,2025,365,92,10,0,0,27.4,true
186,Flattnitz,2026,242,91,13,0,0,27.8,true
26,Freistadt,1936,366,92,32,3,0,32.0,true
26,Freistadt,1937,365,92,41,3,0,32.5,true
26,Freistadt,1938,365,92,41,5,0,32.0,true
26,Freistadt,1939,365,92,32,0,0,29.5,true
26,Freistadt,1940,366,92,23,1,0,31.2,true
26,Freistadt,1941,365,92,30,2,0,31.2,true
26,Freistadt,1942,365,92,54,8,0,32.2,true
26,Freistadt,1943,365,92,40,7,0,34.2,true
26,Freistadt,1944,366,92,34,3,0,30.5,true
26,Freistadt,1945,121,0,0,0,0,21.0,false
26,Freistadt,1946,365,92,46,9,0,33.0,true
26,Freistadt,1947,365,92,64,26,0,34.4,true
26,Freistadt,1948,366,92,32,2,0,31.2,true
26,Freistadt,1949,365,92,38,7,0,33.3,true
26,Freistadt,1950,365,92,55,15,2,38.0,true
26,Freistadt,1951,365,92,44,6,0,31.5,true
26,Freistadt,1952,366,92,40,10,0,34.4,true
26,Freistadt,1953,365,92,41,3,0,31.7,true
26,Freistadt,1954,365,92,28,1,0,30.6,true
26,Freistadt,1955,365,92,21,0,0,28.6,true
26,Freistadt,1956,366,92,28,0,0,29.1,true
26,Freistadt,1957,365,92,33,11,4,37.4,true
26,Freistadt,1958,365,92,39,5,0,33.6,true
26,Freistadt,1959,365,92,31,4,0,32.5,true
26,Freistadt,1960,366,92,26,2,0,32.3,true
26,Freistadt,1961,365,92,44,9,0,32.5,true
26,Freistadt,1962,365,92,36,4,0,33.0,true
26,Freistadt,1963,365,92,41,11,0,33.5,true
26,Freistadt,1964,366,92,47,7,0,32.0,true
26,Freistadt,1965,365,92,25,7,0,34.2,true
26,Freistadt,1966,365,92,36,5,0,31.5,true
26,Freistadt,1967,365,92,48,11,0,33.2,true
26,Freistadt,1968,366,92,44,5,0,33.0,true
26,Freistadt,1969,365,92,45,8,0,32.0,true
26,Freistadt,1970,365,92,33,1,0,30.2,true
26,Freistadt,1971,365,92,37,6,0,33.6,true
26,Freistadt,1972,366,92,23,4,0,32.6,true
26,Freistadt,1973,365,92,34,1,0,30.2,true
26,Freistadt,1974,365,92,19,4,0,32.7,true
26,Freistadt,1975,365,92,32,1,0,30.1,true
26,Freistadt,1976,366,92,33,4,0,31.7,true
26,Freistadt,1977,365,92,23,1,0,30.4,true
26,Freistadt,1978,365,92,17,0,0,27.7,true
26,Freistadt,1979,365,92,30,0,0,29.0,true
26,Freistadt,1980,366,92,16,1,0,32.0,true
26,Freistadt,1981,365,92,33,2,0,32.0,true
26,Freistadt,1982,365,92,34,0,0,29.5,true
26,Freistadt,1983,365,92,56,8,1,35.2,true
26,Freistadt,1984,366,92,18,3,0,34.5,true
26,Freistadt,1985,365,92,31,3,0,30.7,true
26,Freistadt,1986,365,92,43,3,0,30.8,true
26,Freistadt,1987,365,92,30,0,0,29.6,true
26,Freistadt,1988,366,92,31,7,1,35.0,true
26,Freistadt,1989,365,92,24,1,0,30.5,true
26,Freistadt,1990,365,92,38,2,0,30.5,true
26,Freistadt,1991,365,92,28,2,0,30.4,true
26,Freistadt,1992,366,92,43,19,1,35.0,true
26,Freistadt,1993,365,92,39,7,0,31.5,true
26,Freistadt,1994,365,92,54,18,0,33.3,true
26,Freistadt,1995,365,92,43,6,0,33.2,true
26,Freistadt,1996,366,92,32,2,0,31.3,true
26,Freistadt,1997,365,92,44,1,0,31.9,true
26,Freistadt,1998,365,92,46,9,0,34.4,true
26,Freistadt,1999,365,92,38,4,0,33.4,true
26,Freistadt,2000,366,92,44,11,0,33.1,true
26,Freistadt,2001,365,92,43,8,0,32.8,true
26,Freistadt,2002,365,92,47,9,0,32.9,true
26,Freistadt,2003,365,92,75,23,0,34.9,true
26,Freistadt,2004,366,92,34,4,0,31.3,true
26,Freistadt,2005,365,92,38,2,1,35.2,true
26,Freistadt,2006,365,92,47,13,0,32.5,true
26,Freistadt,2007,365,92,57,7,0,33.8,true
26,Freistadt,2008,366,92,52,11,0,32.0,true
26,Freistadt,2009,365,92,44,4,0,34.8,true
26,Freistadt,2010,365,92,40,15,0,33.4,true
26,Freistadt,2011,365,92,52,12,0,34.8,true
26,Freistadt,2012,366,92,56,15,0,32.9,true
26,Freistadt,2013,365,92,47,16,2,35.4,true
26,Freistadt,2014,365,92,34,6,0,33.3,true
26,Freistadt,2015,365,92,57,32,2,35.5,true
26,Freistadt,2016,366,92,53,5,0,32.4,true
26,Freistadt,2017,365,92,64,15,0,34.8,true
26,Freistadt,2018,365,92,80,11,0,33.6,true
26,Freistadt,2019,365,92,67,16,0,34.3,true
26,Freistadt,2020,366,92,48,11,0,32.7,true
26,Freistadt,2021,365,92,54,9,0,32.1,true
26,Freistadt,2022,365,92,61,11,0,33.6,true
26,Freistadt,2023,365,92,66,18,1,35.3,true
26,Freistadt,2024,366,92,75,34,0,34.2,true
26,Freistadt,2025,365,92,56,13,0,34.4,true
26,Freistadt,2026,242,91,71,34,7,37.7,true
187,Friesach,1958,245,92,30,1,0,30.0,true
187,Friesach,1959,365,92,25,0,0,29.2,true
187,Friesach,1960,366,92,20,0,0,29.6,true
187,Friesach,1961,365,92,43,3,0,30.4,true
187,Friesach,1962,365,92,34,1,0,30.1,true
187,Friesach,1963,365,92,39,0,0,29.9,true
187,Friesach,1964,366,92,42,0,0,29.7,true
187,Friesach,1965,365,92,22,1,0,31.5,true
187,Friesach,1966,365,92,28,2,0,30.3,true
187,Friesach,1967,365,92,43,3,0,31.5,true
187,Friesach,1968,366,92,28,3,0,31.4,true
187,Friesach,1969,365,92,33,2,0,30.7,true
187,Friesach,1970,365,92,43,1,0,30.8,true
187,Friesach,1971,365,92,41,4,0,31.5,true
187,Friesach,1972,366,92,23,0,0,29.6,true
187,Friesach,1973,365,92,31,0,0,28.8,true
187,Friesach,1974,365,92,23,3,0,31.2,true
187,Friesach,1975,365,92,42,1,0,30.8,true
187,Friesach,1976,366,92,37,5,0,32.0,true
187,Friesach,1977,365,92,24,0,0,29.3,true
187,Friesach,1978,365,92,19,0,0,27.6,true
187,Friesach,1979,365,92,43,0,0,29.2,true
187,Friesach,1980,366,92,21,2,0,30.7,true
187,Friesach,1981,365,92,31,2,0,30.4,true
187,Friesach,1982,365,92,39,0,0,29.7,true
187,Friesach,1983,365,92,47,8,0,33.9,true
187,Friesach,1984,366,92,20,4,0,32.6,true
187,Friesach,1985,365,92,31,0,0,29.2,true
187,Friesach,1986,365,92,40,0,0,29.5,true
187,Friesach,1987,365,92,37,0,0,29.7,true
187,Friesach,1988,366,92,41,8,0,31.3,true
187,Friesach,1989,365,92,23,0,0,28.7,true
187,Friesach,1990,365,92,36,1,0,30.1,true
187,Friesach,1991,365,92,42,1,0,30.4,true
187,Friesach,1992,366,92,47,15,0,32.5,true
187,Friesach,1993,365,92,45,1,0,30.3,true
187,Friesach,1994,365,92,55,12,0,33.5,true
187,Friesach,1995,365,92,46,1,0,30.5,true
187,Friesach,1996,366,92,26,2,0,30.3,true
187,Friesach,1997,365,92,38,0,0,28.2,true
187,Friesach,1998,365,92,43,10,0,31.1,true
187,Friesach,1999,365,92,35,3,0,31.4,true
187,Friesach,2000,366,92,48,5,0,32.0,true
187,Friesach,2001,365,92,56,5,0,31.0,true
187,Friesach,2002,365,92,38,7,0,31.2,true
187,Friesach,2003,365,92,86,17,0,33.6,true
187,Friesach,2004,366,92,40,1,0,30.4,true
187,Friesach,2005,365,92,42,5,0,31.6,true
187,Friesach,2006,365,92,52,10,0,32.8,true
187,Friesach,2007,365,92,52,9,0,33.0,true
187,Friesach,2008,366,92,58,2,0,31.0,true
187,Friesach,2009,365,92,52,5,0,31.0,true
187,Friesach,2010,365,92,50,13,0,33.5,true
187,Friesach,2011,365,92,61,10,0,32.3,true
187,Friesach,2012,366,92,67,15,0,33.8,true
187,Friesach,2013,365,92,62,17,4,37.3,true
187,Friesach,2014,365,92,33,4,0,31.6,true
187,Friesach,2015,365,92,61,23,0,33.8,true
187,Friesach,2016,366,92,63,4,0,31.9,true
187,Friesach,2017,365,92,64,13,0,33.2,true
187,Friesach,2018,365,92,76,10,0,33.5,true
187,Friesach,2019,365,92,69,15,1,35.0,true
187,Friesach,2020,366,92,48,5,0,31.7,true
187,Friesach,2021,365,92,57,12,0,32.4,true
187,Friesach,2022,365,92,73,15,0,34.0,true
187,Friesach,2023,365,92,55,11,0,32.7,true
187,Friesach,2024,366,92,77,23,0,32.1,true
187,Friesach,2025,365,92,66,17,1,35.2,true
187,Friesach,2026,242,91,76,27,0,34.9,true
154,Fürstenfeld,1936,366,92,61,9,0,32.0,true
154,Fürstenfeld,1937,365,92,67,5,0,30.3,true
154,Fürstenfeld,1938,365,92,54,12,0,33.0,true
154,Fürstenfeld,1939,365,92,70,13,0,33.2,true
154,Fürstenfeld,1940,366,92,47,0,0,29.8,true
154,Fürstenfeld,1941,334,61,45,11,0,32.8,false
154,Fürstenfeld,1942,362,92,65,7,0,31.6,true
154,Fürstenfeld,1943,365,92,70,13,0,34.0,true
154,Fürstenfeld,1944,274,92,50,7,0,32.0,true
154,Fürstenfeld,1945,90,0,0,0,0,20.0,false
154,Fürstenfeld,1947,92,0,0,0,0,23.7,false
154,Fürstenfeld,1948,366,92,57,2,0,30.5,true
154,Fürstenfeld,1949,365,92,51,8,0,33.1,true
154,Fürstenfeld,1950,365,92,84,21,4,38.0,true
154,Fürstenfeld,1951,365,92,65,4,0,31.0,true
154,Fürstenfeld,1952,366,92,71,24,1,36.1,true
154,Fürstenfeld,1953,365,92,68,2,0,30.8,true
154,Fürstenfeld,1954,365,92,49,0,0,29.5,true
154,Fürstenfeld,1955,365,92,47,1,0,30.0,true
154,Fürstenfeld,1956,366,92,53,2,0,30.5,true
154,Fürstenfeld,1957,365,92,54,11,3,36.0,true
154,Fürstenfeld,1958,365,92,64,11,0,32.6,true
154,Fürstenfeld,1959,365,92,47,3,0,31.6,true
154,Fürstenfeld,1960,366,92,51,4,0,31.8,true
154,Fürstenfeld,1961,365,92,55,11,0,33.4,true
154,Fürstenfeld,1962,365,92,50,7,0,33.0,true
154,Fürstenfeld,1963,365,92,58,12,0,32.6,true
154,Fürstenfeld,1964,366,92,62,9,0,31.5,true
154,Fürstenfeld,1965,365,92,40,5,0,33.0,true
154,Fürstenfeld,1966,365,92,40,3,0,30.6,true
154,Fürstenfeld,1967,365,92,58,10,0,32.2,true
154,Fürstenfeld,1968,366,92,47,6,1,36.0,true
154,Fürstenfeld,1969,365,92,52,4,0,32.9,true
154,Fürstenfeld,1970,365,92,49,7,0,31.3,true
154,Fürstenfeld,1971,365,92,68,14,0,34.5,true
154,Fürstenfeld,1972,366,92,52,7,0,33.4,true
154,Fürstenfeld,1973,365,92,66,9,0,31.8,true
154,Fürstenfeld,1974,365,92,43,15,0,32.8,true
154,Fürstenfeld,1975,365,92,72,1,0,30.1,true
154,Fürstenfeld,1976,366,92,38,8,0,33.0,true
154,Fürstenfeld,1977,365,92,55,3,0,31.6,true
154,Fürstenfeld,1978,365,92,30,1,0,31.0,true
154,Fürstenfeld,1979,365,92,54,4,0,30.0,true
154,Fürstenfeld,1980,366,92,35,2,0,31.0,true
154,Fürstenfeld,1981,365,92,52,5,0,31.5,true
154,Fürstenfeld,1982,365,92,70,2,0,30.4,true
154,Fürstenfeld,1983,365,92,73,14,2,36.6,true
154,Fürstenfeld,1984,366,92,36,2,0,30.6,true
154,Fürstenfeld,1985,365,92,53,5,0,32.0,true
154,Fürstenfeld,1986,365,92,60,4,0,30.6,true
154,Fürstenfeld,1987,365,92,54,5,0,32.0,true
154,Fürstenfeld,1988,366,92,49,15,0,34.0,true
154,Fürstenfeld,1989,365,92,50,1,0,30.5,true
154,Fürstenfeld,1990,365,92,51,6,0,31.6,true
154,Fürstenfeld,1991,365,92,57,4,0,32.5,true
154,Fürstenfeld,1992,366,92,83,34,11,37.0,true
154,Fürstenfeld,1993,365,92,77,23,2,35.6,true
154,Fürstenfeld,1994,365,92,91,30,1,35.0,true
154,Fürstenfeld,1995,365,92,69,15,0,32.0,true
154,Fürstenfeld,1996,366,92,58,9,0,33.0,true
154,Fürstenfeld,1997,365,92,88,3,0,31.6,true
154,Fürstenfeld,1998,365,92,75,19,1,35.2,true
154,Fürstenfeld,1999,365,92,71,8,0,33.0,true
154,Fürstenfeld,2000,366,92,84,32,4,37.4,true
154,Fürstenfeld,2001,365,92,79,31,0,34.6,true
154,Fürstenfeld,2002,365,92,75,25,0,34.9,true
154,Fürstenfeld,2003,365,92,105,51,7,38.2,true
154,Fürstenfeld,2004,366,92,55,13,0,33.2,true
154,Fürstenfeld,2005,365,92,61,10,0,32.5,true
154,Fürstenfeld,2006,365,92,59,19,0,34.6,true
154,Fürstenfeld,2007,365,92,75,19,2,36.7,true
154,Fürstenfeld,2008,366,92,79,11,0,32.3,true
154,Fürstenfeld,2009,365,92,71,10,0,33.6,true
154,Fürstenfeld,2010,365,92,60,18,0,34.7,true
154,Fürstenfeld,2011,365,92,84,13,0,33.6,true
154,Fürstenfeld,2012,366,92,87,31,0,34.6,true
154,Fürstenfeld,2013,365,92,77,26,8,39.6,true
154,Fürstenfeld,2014,365,92,56,8,0,34.1,true
154,Fürstenfeld,2015,365,92,78,42,4,35.8,true
154,Fürstenfeld,2016,366,92,87,13,0,32.8,true
154,Fürstenfeld,2017,365,92,89,34,2,36.1,true
154,Fürstenfeld,2018,365,92,107,21,0,32.1,true
154,Fürstenfeld,2019,365,92,92,33,0,34.4,true
154,Fürstenfeld,2020,366,92,75,14,0,32.2,true
154,Fürstenfeld,2021,365,92,83,27,0,34.2,true
154,Fürstenfeld,2022,365,92,92,28,1,36.1,true
154,Fürstenfeld,2023,365,92,92,21,0,33.6,true
154,Fürstenfeld,2024,366,92,99,44,2,35.6,true
154,Fürstenfeld,2025,365,92,90,33,2,35.9,true
154,Fürstenfeld,2026,242,91,90,53,14,38.6,true
27,Gallspach,1966,61,0,0,0,0,13.5,false
27,Gallspach,1967,365,92,52,13,0,33.4,true
27,Gallspach,1968,366,92,38,7,0,33.0,true
27,Gallspach,1969,365,92,52,6,0,32.8,true
27,Gallspach,1970,365,92,39,1,0,30.0,true
27,Gallspach,1971,361,92,48,11,0,34.8,true
27,Gallspach,1972,366,92,35,8,0,32.5,true
27,Gallspach,1973,364,92,50,7,0,32.6,true
27,Gallspach,1974,365,92,30,5,0,33.3,true
27,Gallspach,1975,365,92,49,0,0,29.2,true
27,Gallspach,1976,366,92,49,8,0,33.5,true
27,Gallspach,1977,365,92,32,1,0,30.2,true
27,Gallspach,1978,362,92,29,0,0,29.2,true
27,Gallspach,1979,365,92,40,4,0,31.0,true
27,Gallspach,1980,362,92,28,2,0,31.6,true
27,Gallspach,1981,365,92,41,4,0,32.0,true
27,Gallspach,1982,365,92,53,3,0,30.3,true
27,Gallspach,1983,365,92,61,10,1,37.6,true
27,Gallspach,1984,366,92,23,3,0,33.0,true
27,Gallspach,1985,365,92,43,4,0,31.6,true
27,Gallspach,1986,365,92,49,4,0,31.4,true
27,Gallspach,1987,365,92,38,2,0,30.6,true
27,Gallspach,1988,366,92,33,3,0,33.5,true
27,Gallspach,1989,365,92,34,1,0,30.8,true
27,Gallspach,1990,334,92,41,4,0,31.2,true
27,Gallspach,1991,365,92,35,4,0,32.6,true
27,Gallspach,1992,366,92,61,22,1,35.3,true
27,Gallspach,1993,365,92,47,7,0,31.5,true
27,Gallspach,1994,365,92,58,23,0,34.0,true
27,Gallspach,1995,365,92,49,9,0,34.1,true
27,Gallspach,1996,366,92,36,3,0,31.5,true
27,Gallspach,1997,365,92,58,1,0,31.4,true
27,Gallspach,1998,365,92,56,10,0,34.1,true
27,Gallspach,1999,365,92,45,4,0,33.7,true
27,Gallspach,2000,366,92,59,10,0,33.1,true
27,Gallspach,2001,365,92,49,9,0,32.0,true
27,Gallspach,2002,365,92,57,10,0,33.6,true
27,Gallspach,2003,365,92,93,26,1,36.6,true
27,Gallspach,2004,366,92,46,6,0,31.0,true
27,Gallspach,2005,365,92,49,9,0,33.4,true
27,Gallspach,2006,365,92,50,18,0,33.3,true
27,Gallspach,2007,365,92,65,10,0,34.0,true
27,Gallspach,2008,182,30,21,4,0,32.3,false
27,Gallspach,2012,259,92,57,8,0,33.7,true
27,Gallspach,2013,365,92,50,18,2,35.8,true
27,Gallspach,2014,359,92,38,6,0,33.7,true
27,Gallspach,2015,365,92,64,33,3,35.9,true
27,Gallspach,2016,366,92,64,6,0,32.6,true
27,Gallspach,2017,365,92,64,19,0,34.2,true
27,Gallspach,2018,365,92,83,22,1,35.1,true
27,Gallspach,2019,365,92,70,17,0,33.8,true
27,Gallspach,2020,366,92,52,7,0,32.5,true
27,Gallspach,2021,365,92,58,9,0,32.7,true
27,Gallspach,2022,365,92,71,12,0,34.1,true
27,Gallspach,2023,365,92,66,19,1,35.1,true
27,Gallspach,2024,366,92,77,29,0,33.7,true
27,Gallspach,2025,365,92,61,16,0,33.4,true
27,Gallspach,2026,241,90,76,33,6,37.7,false
28,Galtür,1956,306,92,1,0,0,27.0,true
28,Galtür,1957,365,92,7,2,0,30.6,true
28,Galtür,1958,365,92,5,0,0,28.0,true
28,Galtür,1959,365,92,1,0,0,25.0,true
28,Galtür,1960,366,92,3,0,0,26.2,true
28,Galtür,1961,365,92,3,0,0,25.2,true
28,Galtür,1962,365,92,3,0,0,27.2,true
28,Galtür,1963,365,92,3,0,0,27.0,true
28,Galtür,1964,366,92,9,0,0,27.0,true
28,Galtür,1965,365,92,2,0,0,27.4,true
28,Galtür,1966,365,92,3,0,0,27.6,true
28,Galtür,1967,365,92,9,0,0,27.0,true
28,Galtür,1968,366,92,6,0,0,28.0,true
28,Galtür,1969,365,92,2,0,0,27.0,true
28,Galtür,1970,365,92,7,0,0,27.6,true
28,Galtür,1971,365,92,10,0,0,29.4,true
28,Galtür,1972,366,92,3,0,0,27.8,true
28,Galtür,1973,365,92,3,0,0,26.4,true
28,Galtür,1974,365,92,5,0,0,27.8,true
28,Galtür,1975,365,92,2,0,0,26.6,true
28,Galtür,1976,366,92,0,0,0,24.6,true
28,Galtür,1977,365,92,1,0,0,25.0,true
28,Galtür,1978,365,92,0,0,0,21.8,true
28,Galtür,1979,365,92,0,0,0,24.0,true
28,Galtür,1980,366,92,4,0,0,28.0,true
28,Galtür,1981,365,92,2,0,0,26.0,true
28,Galtür,1982,365,92,0,0,0,24.4,true
28,Galtür,1983,365,92,12,0,0,29.6,true
28,Galtür,1984,366,92,6,0,0,28.6,true
28,Galtür,1985,365,92,6,0,0,26.6,true
28,Galtür,1986,365,92,2,0,0,26.8,true
28,Galtür,1987,365,92,1,0,0,25.4,true
28,Galtür,1988,366,92,2,0,0,25.5,true
28,Galtür,1989,291,92,0,0,0,24.8,true
28,Galtür,1990,365,92,1,0,0,26.0,true
28,Galtür,1991,365,92,1,0,0,26.0,true
28,Galtür,1992,366,92,5,0,0,26.7,true
28,Galtür,1993,365,92,2,0,0,26.2,true
28,Galtür,1994,365,92,3,0,0,26.6,true
28,Galtür,1995,365,92,4,0,0,26.8,true
28,Galtür,1996,366,92,0,0,0,23.6,true
28,Galtür,1997,365,92,0,0,0,24.1,true
28,Galtür,1998,365,92,8,0,0,27.4,true
28,Galtür,1999,365,92,0,0,0,24.5,true
28,Galtür,2000,366,92,4,0,0,26.2,true
28,Galtür,2001,365,92,3,0,0,27.1,true
28,Galtür,2002,365,92,5,0,0,27.7,true
28,Galtür,2003,365,92,15,0,0,27.4,true
28,Galtür,2004,366,92,0,0,0,24.4,true
28,Galtür,2005,365,92,3,0,0,28.2,true
28,Galtür,2006,365,92,9,0,0,26.3,true
28,Galtür,2007,365,92,6,0,0,27.7,true
28,Galtür,2008,366,92,2,0,0,26.3,true
28,Galtür,2009,365,92,3,0,0,27.1,true
28,Galtür,2010,365,92,7,0,0,28.1,true
28,Galtür,2011,365,92,8,0,0,28.1,true
28,Galtür,2012,366,92,8,0,0,27.7,true
28,Galtür,2013,365,92,12,0,0,28.1,true
28,Galtür,2014,365,92,4,0,0,27.8,true
28,Galtür,2015,365,92,17,0,0,29.6,true
28,Galtür,2016,366,92,6,0,0,26.6,true
28,Galtür,2017,365,92,6,0,0,27.8,true
28,Galtür,2018,365,92,5,0,0,28.1,true
28,Galtür,2019,365,92,16,1,0,30.3,true
28,Galtür,2020,366,92,5,0,0,26.8,true
28,Galtür,2021,365,92,7,0,0,26.6,true
28,Galtür,2022,365,92,11,0,0,27.8,true
28,Galtür,2023,365,92,18,0,0,29.0,true
28,Galtür,2024,366,92,12,0,0,27.4,true
28,Galtür,2025,365,92,16,0,0,27.7,true
28,Galtür,2026,242,91,29,0,0,29.8,true
200,Gleisdorf,1961,365,92,45,5,0,33.6,true
200,Gleisdorf,1962,365,92,42,4,0,31.2,true
200,Gleisdorf,1963,365,92,51,6,0,32.1,true
200,Gleisdorf,1964,366,92,48,0,0,29.8,true
200,Gleisdorf,1965,365,92,30,2,0,31.8,true
200,Gleisdorf,1966,365,92,28,1,0,30.1,true
200,Gleisdorf,1967,365,92,47,5,0,31.5,true
200,Gleisdorf,1968,366,92,36,4,0,34.4,true
200,Gleisdorf,1969,365,92,47,3,0,32.4,true
200,Gleisdorf,1970,365,92,43,1,0,31.5,true
200,Gleisdorf,1971,365,92,50,2,0,33.1,true
200,Gleisdorf,1972,366,92,41,3,0,31.4,true
200,Gleisdorf,1973,365,92,56,2,0,30.5,true
200,Gleisdorf,1974,365,92,37,9,0,32.5,true
200,Gleisdorf,1975,365,92,59,0,0,29.3,true
200,Gleisdorf,1976,366,92,37,5,0,32.4,true
200,Gleisdorf,1977,365,92,47,1,0,30.9,true
200,Gleisdorf,1978,365,92,26,2,0,30.1,true
200,Gleisdorf,1979,365,92,50,2,0,30.0,true
200,Gleisdorf,1980,366,92,31,2,0,30.8,true
200,Gleisdorf,1981,365,92,53,4,0,31.4,true
200,Gleisdorf,1982,365,92,61,2,0,30.3,true
200,Gleisdorf,1983,365,92,72,9,1,35.1,true
200,Gleisdorf,1984,366,92,31,2,0,30.6,true
200,Gleisdorf,1985,365,92,57,1,0,32.2,true
200,Gleisdorf,1986,365,92,62,9,0,30.7,true
200,Gleisdorf,1987,365,92,59,6,0,31.7,true
200,Gleisdorf,1988,366,92,52,16,0,33.4,true
200,Gleisdorf,1989,365,92,52,1,0,30.4,true
200,Gleisdorf,1990,365,92,58,4,0,31.5,true
200,Gleisdorf,1991,365,92,49,2,0,32.7,true
200,Gleisdorf,1992,366,92,76,26,3,35.5,true
200,Gleisdorf,1993,365,92,61,15,0,32.8,true
200,Gleisdorf,1994,365,92,79,22,0,33.3,true
200,Gleisdorf,1995,365,92,64,4,0,30.7,true
200,Gleisdorf,1996,366,92,50,4,0,32.2,true
200,Gleisdorf,1997,365,92,73,1,0,30.0,true
200,Gleisdorf,1998,365,92,59,14,0,33.0,true
200,Gleisdorf,1999,365,92,61,6,0,32.6,true
200,Gleisdorf,2000,366,92,70,18,1,35.0,true
200,Gleisdorf,2001,365,92,77,19,0,33.0,true
200,Gleisdorf,2002,365,92,73,13,0,34.5,true
200,Gleisdorf,2003,365,92,104,46,1,36.6,true
200,Gleisdorf,2004,366,92,55,8,0,33.1,true
200,Gleisdorf,2005,365,92,68,9,0,32.5,true
200,Gleisdorf,2006,365,92,60,22,0,32.8,true
200,Gleisdorf,2007,365,92,71,18,2,35.2,true
200,Gleisdorf,2008,366,92,70,5,0,32.9,true
200,Gleisdorf,2009,365,92,66,7,0,33.7,true
200,Gleisdorf,2010,365,92,61,14,0,34.0,true
200,Gleisdorf,2011,365,92,75,11,0,33.4,true
200,Gleisdorf,2012,366,92,79,19,0,33.5,true
200,Gleisdorf,2013,365,92,65,21,4,37.8,true
200,Gleisdorf,2014,365,92,50,5,0,33.6,true
200,Gleisdorf,2015,365,92,70,31,0,34.5,true
200,Gleisdorf,2016,366,92,72,6,0,31.3,true
200,Gleisdorf,2017,365,92,74,24,0,34.2,true
200,Gleisdorf,2018,365,92,96,14,0,31.6,true
200,Gleisdorf,2019,365,92,83,20,1,35.0,true
200,Gleisdorf,2020,366,92,67,6,0,32.0,true
200,Gleisdorf,2021,365,92,76,19,0,34.7,true
200,Gleisdorf,2022,365,92,81,22,0,34.9,true
200,Gleisdorf,2023,365,92,81,18,0,33.1,true
200,Gleisdorf,2024,366,92,94,35,0,33.1,true
200,Gleisdorf,2025,365,92,78,20,1,35.0,true
200,Gleisdorf,2026,242,91,84,38,4,36.6,true
30,Graz Universität/Heinrichstraße,1894,365,92,25,1,0,31.5,true
30,Graz Universität/Heinrichstraße,1895,365,92,29,1,0,30.6,true
30,Graz Universität/Heinrichstraße,1896,366,92,14,0,0,29.0,true
30,Graz Universität/Heinrichstraße,1897,365,92,27,1,0,30.9,true
30,Graz Universität/Heinrichstraße,1898,365,92,17,0,0,27.5,true
30,Graz Universität/Heinrichstraße,1899,365,92,23,0,0,29.7,true
30,Graz Universität/Heinrichstraße,1900,365,92,28,1,0,31.0,true
30,Graz Universität/Heinrichstraße,1901,365,92,33,1,0,30.0,true
30,Graz Universität/Heinrichstraße,1902,365,92,23,0,0,29.8,true
30,Graz Universität/Heinrichstraße,1903,365,92,23,2,0,30.0,true
30,Graz Universität/Heinrichstraße,1904,366,92,32,2,0,30.5,true
30,Graz Universität/Heinrichstraße,1905,365,92,51,7,0,32.5,true
30,Graz Universität/Heinrichstraße,1906,365,92,34,1,0,30.0,true
30,Graz Universität/Heinrichstraße,1907,365,92,36,0,0,29.6,true
30,Graz Universität/Heinrichstraße,1908,366,92,37,0,0,29.7,true
30,Graz Universität/Heinrichstraße,1909,365,92,28,1,0,30.0,true
30,Graz Universität/Heinrichstraße,1910,365,92,15,0,0,28.9,true
30,Graz Universität/Heinrichstraße,1911,365,92,43,5,0,31.2,true
30,Graz Universität/Heinrichstraße,1912,366,92,25,1,0,30.0,true
30,Graz Universität/Heinrichstraße,1913,365,92,16,0,0,29.5,true
30,Graz Universität/Heinrichstraße,1914,365,92,18,0,0,29.5,true
30,Graz Universität/Heinrichstraße,1915,365,92,27,0,0,29.6,true
30,Graz Universität/Heinrichstraße,1916,366,92,29,1,0,30.4,true
30,Graz Universität/Heinrichstraße,1917,365,92,46,0,0,29.5,true
30,Graz Universität/Heinrichstraße,1918,365,92,19,1,0,30.8,true
30,Graz Universität/Heinrichstraße,1919,365,92,23,0,0,29.0,true
30,Graz Universität/Heinrichstraße,1920,366,92,38,2,0,30.7,true
30,Graz Universität/Heinrichstraße,1921,365,92,40,9,0,32.0,true
30,Graz Universität/Heinrichstraße,1922,365,92,43,3,0,31.6,true
30,Graz Universität/Heinrichstraße,1923,365,92,33,1,0,31.0,true
30,Graz Universität/Heinrichstraße,1924,366,92,24,1,0,30.0,true
30,Graz Universität/Heinrichstraße,1925,365,92,25,0,0,28.0,true
30,Graz Universität/Heinrichstraße,1926,365,92,20,0,0,27.8,true
30,Graz Universität/Heinrichstraße,1927,365,92,46,1,0,31.1,true
30,Graz Universität/Heinrichstraße,1928,366,92,45,5,0,31.4,true
30,Graz Universität/Heinrichstraße,1929,365,92,47,5,0,31.3,true
30,Graz Universität/Heinrichstraße,1930,365,92,32,3,0,31.3,true
30,Graz Universität/Heinrichstraße,1931,365,92,44,7,0,33.0,true
30,Graz Universität/Heinrichstraße,1932,366,92,52,4,0,31.0,true
30,Graz Universität/Heinrichstraße,1933,365,92,26,3,0,30.3,true
30,Graz Universität/Heinrichstraße,1934,365,92,31,1,0,30.7,true
30,Graz Universität/Heinrichstraße,1935,365,92,38,2,0,32.5,true
30,Graz Universität/Heinrichstraße,1936,366,92,35,1,0,30.0,true
30,Graz Universität/Heinrichstraße,1937,334,92,37,0,0,28.8,true
30,Graz Universität/Heinrichstraße,1938,365,92,33,2,0,30.6,true
30,Graz Universität/Heinrichstraße,1939,365,92,36,1,0,31.0,true
30,Graz Universität/Heinrichstraße,1940,366,92,22,0,0,28.0,true
30,Graz Universität/Heinrichstraße,1941,365,92,21,0,0,28.0,true
30,Graz Universität/Heinrichstraße,1942,365,92,63,9,0,31.7,true
30,Graz Universität/Heinrichstraße,1943,365,92,68,11,0,33.2,true
30,Graz Universität/Heinrichstraße,1944,366,92,54,4,0,31.9,true
30,Graz Universität/Heinrichstraße,1945,184,31,23,2,0,31.3,false
30,Graz Universität/Heinrichstraße,1946,365,92,63,15,0,33.1,true
30,Graz Universität/Heinrichstraße,1947,365,92,85,29,1,35.7,true
30,Graz Universität/Heinrichstraße,1948,366,92,58,4,0,32.5,true
30,Graz Universität/Heinrichstraße,1949,365,92,56,8,0,33.2,true
30,Graz Universität/Heinrichstraße,1950,365,92,80,26,3,37.1,true
30,Graz Universität/Heinrichstraße,1951,365,92,62,5,0,30.7,true
30,Graz Universität/Heinrichstraße,1952,366,92,67,22,1,35.6,true
30,Graz Universität/Heinrichstraße,1953,365,92,58,4,0,30.1,true
30,Graz Universität/Heinrichstraße,1954,365,92,50,2,0,30.1,true
30,Graz Universität/Heinrichstraße,1955,365,92,44,1,0,30.7,true
30,Graz Universität/Heinrichstraße,1956,366,92,44,0,0,29.9,true
30,Graz Universität/Heinrichstraße,1957,365,92,41,9,1,35.5,true
30,Graz Universität/Heinrichstraße,1958,365,92,53,9,0,32.5,true
30,Graz Universität/Heinrichstraße,1959,365,92,34,2,0,30.4,true
30,Graz Universität/Heinrichstraße,1960,366,92,37,1,0,30.0,true
30,Graz Universität/Heinrichstraße,1961,365,92,52,7,0,32.2,true
30,Graz Universität/Heinrichstraße,1962,365,92,41,4,0,31.5,true
30,Graz Universität/Heinrichstraße,1963,365,92,48,5,0,32.2,true
30,Graz Universität/Heinrichstraße,1964,366,92,52,2,0,30.1,true
30,Graz Universität/Heinrichstraße,1965,365,92,35,6,0,33.2,true
30,Graz Universität/Heinrichstraße,1966,365,92,34,3,0,30.1,true
30,Graz Universität/Heinrichstraße,1967,365,92,47,8,0,31.7,true
30,Graz Universität/Heinrichstraße,1968,366,92,32,4,0,34.9,true
30,Graz Universität/Heinrichstraße,1969,365,92,46,3,0,31.5,true
30,Graz Universität/Heinrichstraße,1970,365,92,42,1,0,30.5,true
30,Graz Universität/Heinrichstraße,1971,365,92,45,3,0,32.6,true
30,Graz Universität/Heinrichstraße,1972,366,92,38,2,0,31.1,true
30,Graz Universität/Heinrichstraße,1973,365,92,49,0,0,29.9,true
30,Graz Universität/Heinrichstraße,1974,365,92,35,6,0,32.0,true
30,Graz Universität/Heinrichstraße,1975,365,92,45,2,0,30.3,true
30,Graz Universität/Heinrichstraße,1976,366,92,34,5,0,32.3,true
30,Graz Universität/Heinrichstraße,1977,365,92,40,1,0,31.5,true
30,Graz Universität/Heinrichstraße,1978,365,92,27,0,0,28.2,true
30,Graz Universität/Heinrichstraße,1979,365,92,41,1,0,30.2,true
30,Graz Universität/Heinrichstraße,1980,366,92,28,1,0,31.5,true
30,Graz Universität/Heinrichstraße,1981,365,92,50,5,0,30.6,true
30,Graz Universität/Heinrichstraße,1982,365,92,46,1,0,30.0,true
30,Graz Universität/Heinrichstraße,1983,365,92,63,7,0,34.5,true
30,Graz Universität/Heinrichstraße,1984,366,92,31,2,0,31.9,true
30,Graz Universität/Heinrichstraße,1985,365,92,53,6,0,32.9,true
30,Graz Universität/Heinrichstraße,1986,365,92,56,4,0,31.0,true
30,Graz Universität/Heinrichstraße,1987,365,92,48,3,0,30.4,true
30,Graz Universität/Heinrichstraße,1988,366,92,51,13,0,33.4,true
30,Graz Universität/Heinrichstraße,1989,365,92,49,2,0,30.5,true
30,Graz Universität/Heinrichstraße,1990,365,92,59,5,0,31.6,true
30,Graz Universität/Heinrichstraße,1991,365,92,48,2,0,32.6,true
30,Graz Universität/Heinrichstraße,1992,366,92,77,24,0,34.9,true
30,Graz Universität/Heinrichstraße,1993,365,92,69,14,0,32.7,true
30,Graz Universität/Heinrichstraße,1994,365,92,83,29,0,34.2,true
30,Graz Universität/Heinrichstraße,1995,365,92,68,12,0,31.0,true
30,Graz Universität/Heinrichstraße,1996,366,92,54,6,0,32.4,true
30,Graz Universität/Heinrichstraße,1997,365,92,72,1,0,30.2,true
30,Graz Universität/Heinrichstraße,1998,365,92,62,15,0,33.4,true
30,Graz Universität/Heinrichstraße,1999,365,92,65,5,0,32.9,true
30,Graz Universität/Heinrichstraße,2000,366,92,77,20,2,35.5,true
30,Graz Universität/Heinrichstraße,2001,365,92,76,22,0,33.6,true
30,Graz Universität/Heinrichstraße,2002,365,92,74,13,1,35.2,true
30,Graz Universität/Heinrichstraße,2003,365,92,107,41,1,36.6,true
30,Graz Universität/Heinrichstraße,2004,366,92,51,7,0,33.6,true
30,Graz Universität/Heinrichstraße,2005,365,92,62,8,0,32.5,true
30,Graz Universität/Heinrichstraße,2006,365,92,62,22,0,33.6,true
30,Graz Universität/Heinrichstraße,2007,365,92,71,16,2,36.0,true
30,Graz Universität/Heinrichstraße,2008,366,92,74,12,0,34.1,true
30,Graz Universität/Heinrichstraße,2009,365,92,69,11,0,34.7,true
30,Graz Universität/Heinrichstraße,2010,365,92,62,18,0,34.3,true
30,Graz Universität/Heinrichstraße,2011,365,92,87,18,0,33.9,true
30,Graz Universität/Heinrichstraße,2012,366,92,83,28,0,33.8,true
30,Graz Universität/Heinrichstraße,2013,365,92,73,25,4,38.1,true
30,Graz Universität/Heinrichstraße,2014,365,92,58,8,0,33.9,true
30,Graz Universität/Heinrichstraße,2015,365,92,75,34,1,35.2,true
30,Graz Universität/Heinrichstraße,2016,366,92,85,10,0,31.9,true
30,Graz Universität/Heinrichstraße,2017,365,92,85,32,0,34.5,true
30,Graz Universität/Heinrichstraße,2018,365,92,100,24,0,33.5,true
30,Graz Universität/Heinrichstraße,2019,365,92,89,33,1,37.2,true
30,Graz Universität/Heinrichstraße,2020,366,92,75,12,0,33.0,true
30,Graz Universität/Heinrichstraße,2021,365,92,83,24,0,34.7,true
30,Graz Universität/Heinrichstraße,2022,365,92,84,27,1,35.0,true
30,Graz Universität/Heinrichstraße,2023,365,92,85,20,0,33.7,true
30,Graz Universität/Heinrichstraße,2024,366,92,96,39,0,33.5,true
30,Graz Universität/Heinrichstraße,2025,365,92,85,32,1,35.0,true
30,Graz Universität/Heinrichstraße,2026,242,91,92,48,6,37.8,true
31,Groß-Enzersdorf,1936,366,92,52,5,0,32.0,true
31,Groß-Enzersdorf,1937,365,92,62,7,0,30.8,true
31,Groß-Enzersdorf,1938,365,92,52,15,0,33.0,true
31,Groß-Enzersdorf,1939,365,92,63,10,0,34.4,true
31,Groß-Enzersdorf,1940,366,92,31,0,0,28.8,true
31,Groß-Enzersdorf,1941,365,92,34,0,0,29.8,true
31,Groß-Enzersdorf,1942,365,92,65,8,0,32.1,true
31,Groß-Enzersdorf,1943,365,92,55,8,0,34.8,true
31,Groß-Enzersdorf,1944,366,92,50,6,0,32.1,true
31,Groß-Enzersdorf,1945,31,0,0,0,0,1.6,false
31,Groß-Enzersdorf,1946,92,0,0,0,0,21.4,false
31,Groß-Enzersdorf,1947,365,92,95,35,1,37.0,true
31,Groß-Enzersdorf,1948,366,92,63,8,0,32.2,true
31,Groß-Enzersdorf,1949,365,92,58,11,0,32.8,true
31,Groß-Enzersdorf,1950,365,92,83,21,3,38.0,true
31,Groß-Enzersdorf,1951,365,92,64,6,0,32.2,true
31,Groß-Enzersdorf,1952,366,92,75,25,5,36.3,true
31,Groß-Enzersdorf,1953,365,92,68,13,0,32.1,true
31,Groß-Enzersdorf,1954,365,92,56,6,0,31.8,true
31,Groß-Enzersdorf,1955,365,92,49,3,0,32.2,true
31,Groß-Enzersdorf,1956,366,92,51,3,0,32.2,true
31,Groß-Enzersdorf,1957,365,92,51,10,3,37.0,true
31,Groß-Enzersdorf,1958,365,92,53,11,0,33.5,true
31,Groß-Enzersdorf,1959,365,92,45,5,0,31.6,true
31,Groß-Enzersdorf,1960,366,92,41,3,0,30.4,true
31,Groß-Enzersdorf,1961,365,92,53,11,0,33.3,true
31,Groß-Enzersdorf,1962,365,92,56,13,0,34.0,true
31,Groß-Enzersdorf,1963,365,92,61,15,0,33.0,true
31,Groß-Enzersdorf,1964,366,92,60,10,0,33.5,true
31,Groß-Enzersdorf,1965,365,92,37,5,0,31.2,true
31,Groß-Enzersdorf,1966,365,92,44,5,0,31.7,true
31,Groß-Enzersdorf,1967,365,92,63,16,0,32.6,true
31,Groß-Enzersdorf,1968,366,92,49,12,0,34.2,true
31,Groß-Enzersdorf,1969,365,92,61,8,0,33.2,true
31,Groß-Enzersdorf,1970,365,92,54,12,0,32.4,true
31,Groß-Enzersdorf,1971,365,92,67,20,1,35.6,true
31,Groß-Enzersdorf,1972,366,92,44,14,0,32.7,true
31,Groß-Enzersdorf,1973,365,92,63,13,0,33.0,true
31,Groß-Enzersdorf,1974,365,92,51,11,1,35.8,true
31,Groß-Enzersdorf,1975,365,92,66,7,0,30.8,true
31,Groß-Enzersdorf,1976,366,92,48,8,0,34.0,true
31,Groß-Enzersdorf,1977,365,92,56,3,0,30.2,true
31,Groß-Enzersdorf,1978,365,92,44,2,0,31.2,true
31,Groß-Enzersdorf,1979,365,92,65,7,0,32.6,true
31,Groß-Enzersdorf,1980,366,92,32,5,0,31.4,true
31,Groß-Enzersdorf,1981,365,92,57,11,0,33.2,true
31,Groß-Enzersdorf,1982,365,92,72,6,0,31.5,true
31,Groß-Enzersdorf,1983,365,92,72,24,2,36.2,true
31,Groß-Enzersdorf,1984,366,92,40,8,0,33.4,true
31,Groß-Enzersdorf,1985,365,92,51,7,0,33.6,true
31,Groß-Enzersdorf,1986,365,92,68,15,0,32.4,true
31,Groß-Enzersdorf,1987,365,92,58,6,0,31.6,true
31,Groß-Enzersdorf,1988,366,92,55,18,2,36.1,true
31,Groß-Enzersdorf,1989,365,92,51,6,0,31.9,true
31,Groß-Enzersdorf,1990,365,92,59,18,0,33.0,true
31,Groß-Enzersdorf,1991,365,92,53,10,0,33.9,true
31,Groß-Enzersdorf,1992,366,92,75,28,6,36.4,true
31,Groß-Enzersdorf,1993,365,92,71,19,0,33.8,true
31,Groß-Enzersdorf,1994,365,92,77,33,0,34.9,true
31,Groß-Enzersdorf,1995,365,92,63,16,0,33.2,true
31,Groß-Enzersdorf,1996,366,92,50,6,0,31.9,true
31,Groß-Enzersdorf,1997,365,92,66,3,0,31.6,true
31,Groß-Enzersdorf,1998,365,92,67,24,1,35.8,true
31,Groß-Enzersdorf,1999,365,92,66,8,1,35.5,true
31,Groß-Enzersdorf,2000,366,92,75,25,4,36.8,true
31,Groß-Enzersdorf,2001,365,92,66,21,1,35.7,true
31,Groß-Enzersdorf,2002,365,92,79,17,1,35.1,true
31,Groß-Enzersdorf,2003,365,92,103,41,2,37.4,true
31,Groß-Enzersdorf,2004,366,92,54,9,0,32.3,true
31,Groß-Enzersdorf,2005,365,92,65,13,0,34.3,true
31,Groß-Enzersdorf,2006,365,92,63,27,2,35.5,true
31,Groß-Enzersdorf,2007,365,92,85,28,7,37.9,true
31,Groß-Enzersdorf,2008,366,92,75,10,0,32.7,true
31,Groß-Enzersdorf,2009,365,92,80,15,0,34.0,true
31,Groß-Enzersdorf,2010,365,92,56,18,0,34.1,true
31,Groß-Enzersdorf,2011,365,92,83,18,2,35.4,true
31,Groß-Enzersdorf,2012,366,92,94,38,5,36.5,true
31,Groß-Enzersdorf,2013,365,92,67,25,5,38.3,true
31,Groß-Enzersdorf,2014,365,92,64,15,0,33.2,true
31,Groß-Enzersdorf,2015,365,92,77,42,11,36.8,true
31,Groß-Enzersdorf,2016,366,92,83,17,0,33.8,true
31,Groß-Enzersdorf,2017,365,92,83,37,2,37.6,true
31,Groß-Enzersdorf,2018,365,92,108,34,0,34.8,true
31,Groß-Enzersdorf,2019,365,92,84,37,3,36.3,true
31,Groß-Enzersdorf,2020,366,92,78,22,0,34.7,true
31,Groß-Enzersdorf,2021,365,92,85,24,1,35.6,true
31,Groß-Enzersdorf,2022,365,92,92,30,2,36.1,true
31,Groß-Enzersdorf,2023,365,92,91,33,1,35.8,true
31,Groß-Enzersdorf,2024,366,92,104,45,0,34.7,true
31,Groß-Enzersdorf,2025,365,92,84,29,2,36.4,true
31,Groß-Enzersdorf,2026,242,91,95,47,15,39.1,true
32,Gumpoldskirchen,1948,245,92,60,8,0,34.0,true
32,Gumpoldskirchen,1949,348,92,45,10,0,33.5,true
32,Gumpoldskirchen,1950,365,92,80,21,3,37.1,true
32,Gumpoldskirchen,1951,365,92,59,5,0,33.0,true
32,Gumpoldskirchen,1952,366,92,79,29,3,37.0,true
32,Gumpoldskirchen,1953,365,92,74,14,0,32.2,true
32,Gumpoldskirchen,1954,212,61,24,1,0,30.0,false
32,Gumpoldskirchen,1961,365,92,57,17,0,33.8,true
32,Gumpoldskirchen,1962,365,92,62,15,1,35.1,true
32,Gumpoldskirchen,1963,365,92,66,17,0,33.8,true
32,Gumpoldskirchen,1964,366,92,64,20,0,34.3,true
32,Gumpoldskirchen,1965,365,92,41,7,0,31.2,true
32,Gumpoldskirchen,1966,365,92,43,7,0,31.6,true
32,Gumpoldskirchen,1967,365,92,61,19,0,33.8,true
32,Gumpoldskirchen,1968,366,92,56,12,0,34.1,true
32,Gumpoldskirchen,1969,365,92,64,13,0,33.8,true
32,Gumpoldskirchen,1970,365,92,47,5,0,31.3,true
32,Gumpoldskirchen,1971,365,92,60,15,1,36.0,true
32,Gumpoldskirchen,1972,366,92,38,8,0,32.5,true
32,Gumpoldskirchen,1973,365,92,59,13,0,33.5,true
32,Gumpoldskirchen,1974,365,92,50,12,2,37.0,true
32,Gumpoldskirchen,1975,365,92,66,2,0,30.5,true
32,Gumpoldskirchen,1976,366,92,49,9,0,34.5,true
32,Gumpoldskirchen,1977,365,92,58,4,0,30.5,true
32,Gumpoldskirchen,1978,365,92,37,2,0,30.0,true
32,Gumpoldskirchen,1979,365,92,61,7,0,32.0,true
32,Gumpoldskirchen,1980,366,92,36,4,0,32.0,true
32,Gumpoldskirchen,1981,365,92,56,12,0,34.5,true
32,Gumpoldskirchen,1982,365,92,71,10,0,33.0,true
32,Gumpoldskirchen,1983,365,92,77,27,2,36.5,true
32,Gumpoldskirchen,1984,366,92,38,8,0,34.0,true
32,Gumpoldskirchen,1985,365,92,57,11,0,34.0,true
32,Gumpoldskirchen,1986,365,92,61,8,0,33.0,true
32,Gumpoldskirchen,1987,365,92,56,8,0,33.0,true
32,Gumpoldskirchen,1990,61,0,0,0,0,16.4,false
32,Gumpoldskirchen,1991,365,92,45,9,0,33.8,true
32,Gumpoldskirchen,1992,366,92,69,27,5,36.4,true
32,Gumpoldskirchen,1993,365,92,61,15,0,33.4,true
32,Gumpoldskirchen,1994,365,92,75,27,0,34.2,true
32,Gumpoldskirchen,1995,365,92,61,9,0,33.2,true
32,Gumpoldskirchen,1996,366,92,44,6,0,31.0,true
32,Gumpoldskirchen,1997,365,92,59,2,0,30.3,true
32,Gumpoldskirchen,1998,365,92,59,18,1,35.3,true
32,Gumpoldskirchen,1999,365,92,53,6,0,34.9,true
32,Gumpoldskirchen,2000,366,92,69,21,2,37.0,true
32,Gumpoldskirchen,2001,365,92,64,21,0,34.2,true
32,Gumpoldskirchen,2002,365,92,69,14,0,33.8,true
32,Gumpoldskirchen,2003,365,92,99,42,2,37.7,true
32,Gumpoldskirchen,2004,366,92,56,13,0,33.0,true
32,Gumpoldskirchen,2005,365,92,64,13,2,35.7,true
32,Gumpoldskirchen,2006,365,92,59,22,1,35.9,true
32,Gumpoldskirchen,2007,365,92,80,26,5,37.4,true
32,Gumpoldskirchen,2008,366,92,69,11,0,31.6,true
32,Gumpoldskirchen,2009,365,92,74,12,0,34.1,true
32,Gumpoldskirchen,2010,365,92,55,20,0,34.4,true
32,Gumpoldskirchen,2011,365,92,84,17,2,36.2,true
32,Gumpoldskirchen,2012,366,92,86,33,3,36.7,true
32,Gumpoldskirchen,2013,365,92,71,27,7,38.9,true
32,Gumpoldskirchen,2014,365,92,66,12,0,33.6,true
32,Gumpoldskirchen,2015,365,92,77,44,16,37.7,true
32,Gumpoldskirchen,2016,366,92,84,17,0,34.6,true
32,Gumpoldskirchen,2017,365,92,82,37,2,37.9,true
32,Gumpoldskirchen,2018,365,92,107,29,1,35.4,true
32,Gumpoldskirchen,2019,365,92,86,39,4,36.5,true
32,Gumpoldskirchen,2020,366,92,75,19,1,35.1,true
32,Gumpoldskirchen,2021,365,92,77,21,2,36.6,true
32,Gumpoldskirchen,2022,365,92,88,32,3,36.3,true
32,Gumpoldskirchen,2023,365,92,93,33,3,36.0,true
32,Gumpoldskirchen,2024,366,92,101,47,2,35.2,true
32,Gumpoldskirchen,2025,365,92,80,26,2,36.4,true
32,Gumpoldskirchen,2026,242,91,94,47,11,39.5,true
183,Güssing,1948,366,92,72,5,0,31.6,true
183,Güssing,1949,365,92,60,8,0,32.6,true
183,Güssing,1950,365,92,93,30,7,37.0,true
183,Güssing,1951,365,92,68,7,0,31.4,true
183,Güssing,1952,366,92,80,30,3,37.0,true
183,Güssing,1953,365,92,77,3,0,31.0,true
183,Güssing,1954,365,92,62,5,0,30.6,true
183,Güssing,1955,365,92,60,1,0,30.2,true
183,Güssing,1956,366,92,60,4,0,31.2,true
183,Güssing,1957,365,92,57,12,3,36.0,true
183,Güssing,1958,365,92,70,13,0,34.5,true
183,Güssing,1959,365,92,43,2,0,31.0,true
183,Güssing,1960,366,92,49,3,0,30.2,true
183,Güssing,1961,365,92,60,11,0,34.0,true
183,Güssing,1962,365,92,59,9,0,32.6,true
183,Güssing,1963,365,92,66,14,0,33.0,true
183,Güssing,1964,366,92,69,7,0,31.5,true
183,Güssing,1965,365,92,45,5,0,33.0,true
183,Güssing,1966,365,92,53,4,0,30.5,true
183,Güssing,1967,365,92,70,14,0,32.9,true
183,Güssing,1968,366,92,62,7,2,35.3,true
183,Güssing,1969,365,92,62,5,0,33.8,true
183,Güssing,1970,365,92,54,7,0,31.8,true
183,Güssing,1971,365,92,70,15,1,35.0,true
183,Güssing,1972,366,92,48,5,0,31.5,true
183,Güssing,1973,365,92,73,9,0,32.0,true
183,Güssing,1974,365,92,50,17,0,33.6,true
183,Güssing,1975,365,92,76,1,0,30.5,true
183,Güssing,1976,366,92,58,10,0,33.0,true
183,Güssing,1977,365,92,69,5,0,31.8,true
183,Güssing,1978,365,92,40,1,0,31.0,true
183,Güssing,1979,365,92,61,8,0,31.0,true
183,Güssing,1980,366,92,36,4,0,30.8,true
183,Güssing,1981,365,92,59,8,0,32.9,true
183,Güssing,1982,304,92,79,2,0,30.8,true
183,Güssing,2008,184,62,57,11,0,31.4,false
183,Güssing,2009,365,92,100,19,0,34.7,true
183,Güssing,2010,365,92,69,23,0,34.7,true
183,Güssing,2011,365,92,105,24,0,34.9,true
183,Güssing,2012,366,92,97,42,7,36.1,true
183,Güssing,2013,365,92,85,33,9,40.0,true
183,Güssing,2014,365,92,71,15,1,35.1,true
183,Güssing,2015,365,92,89,44,9,36.7,true
183,Güssing,2016,366,92,89,16,0,33.6,true
183,Güssing,2017,365,92,92,39,4,37.5,true
183,Güssing,2018,365,92,115,34,0,34.0,true
183,Güssing,2019,365,92,100,40,3,36.1,true
183,Güssing,2020,366,92,86,22,0,32.9,true
183,Güssing,2021,365,92,93,32,2,35.3,true
183,Güssing,2022,365,92,95,33,2,35.6,true
183,Güssing,2023,365,92,100,27,0,34.5,true
183,Güssing,2024,366,92,106,56,3,36.2,true
183,Güssing,2025,365,92,94,41,8,37.2,true
183,Güssing,2026,242,91,97,55,16,38.6,true
176,Hahnenkamm-Ehrenbachhöhe,1938,206,87,0,0,0,22.6,false
176,Hahnenkamm-Ehrenbachhöhe,1939,332,61,0,0,0,23.0,false
176,Hahnenkamm-Ehrenbachhöhe,1940,366,92,0,0,0,22.0,true
176,Hahnenkamm-Ehrenbachhöhe,1941,365,92,0,0,0,23.5,true
176,Hahnenkamm-Ehrenbachhöhe,1942,365,92,0,0,0,23.2,true
176,Hahnenkamm-Ehrenbachhöhe,1943,365,92,3,0,0,26.1,true
176,Hahnenkamm-Ehrenbachhöhe,1944,366,92,0,0,0,24.4,true
176,Hahnenkamm-Ehrenbachhöhe,1945,304,62,1,0,0,25.0,false
176,Hahnenkamm-Ehrenbachhöhe,1946,365,92,0,0,0,23.4,true
176,Hahnenkamm-Ehrenbachhöhe,1947,365,92,0,0,0,24.8,true
176,Hahnenkamm-Ehrenbachhöhe,1948,366,92,0,0,0,22.6,true
176,Hahnenkamm-Ehrenbachhöhe,1949,365,92,0,0,0,23.8,true
176,Hahnenkamm-Ehrenbachhöhe,1950,365,92,1,0,0,26.1,true
176,Hahnenkamm-Ehrenbachhöhe,1951,365,92,0,0,0,22.9,true
176,Hahnenkamm-Ehrenbachhöhe,1952,366,92,5,0,0,26.8,true
176,Hahnenkamm-Ehrenbachhöhe,1953,365,92,1,0,0,25.3,true
176,Hahnenkamm-Ehrenbachhöhe,1954,365,92,0,0,0,22.9,true
176,Hahnenkamm-Ehrenbachhöhe,1955,365,92,0,0,0,22.6,true
176,Hahnenkamm-Ehrenbachhöhe,1956,366,92,1,0,0,25.4,true
176,Hahnenkamm-Ehrenbachhöhe,1957,365,92,4,0,0,27.1,true
176,Hahnenkamm-Ehrenbachhöhe,1958,365,92,1,0,0,26.4,true
176,Hahnenkamm-Ehrenbachhöhe,1959,365,92,0,0,0,23.7,true
176,Hahnenkamm-Ehrenbachhöhe,1960,359,85,2,0,0,25.4,false
176,Hahnenkamm-Ehrenbachhöhe,1961,365,92,0,0,0,24.4,true
176,Hahnenkamm-Ehrenbachhöhe,1962,365,92,1,0,0,27.3,true
176,Hahnenkamm-Ehrenbachhöhe,1963,365,92,0,0,0,24.7,true
176,Hahnenkamm-Ehrenbachhöhe,1964,366,92,0,0,0,23.7,true
176,Hahnenkamm-Ehrenbachhöhe,1965,365,92,1,0,0,26.5,true
176,Hahnenkamm-Ehrenbachhöhe,1966,365,92,1,0,0,26.3,true
176,Hahnenkamm-Ehrenbachhöhe,1967,120,0,0,0,0,12.4,false
176,Hahnenkamm-Ehrenbachhöhe,1968,153,31,0,0,0,18.8,false
176,Hahnenkamm-Ehrenbachhöhe,1969,365,92,0,0,0,22.2,true
176,Hahnenkamm-Ehrenbachhöhe,1970,365,92,0,0,0,20.8,true
176,Hahnenkamm-Ehrenbachhöhe,1971,360,92,1,0,0,25.2,true
176,Hahnenkamm-Ehrenbachhöhe,1972,366,92,1,0,0,25.0,true
176,Hahnenkamm-Ehrenbachhöhe,1973,304,92,0,0,0,23.5,true
176,Hahnenkamm-Ehrenbachhöhe,1974,365,92,0,0,0,23.8,true
176,Hahnenkamm-Ehrenbachhöhe,1975,151,0,0,0,0,15.0,false
176,Hahnenkamm-Ehrenbachhöhe,1992,18,0,0,0,0,11.5,false
176,Hahnenkamm-Ehrenbachhöhe,1993,365,92,0,0,0,23.3,true
176,Hahnenkamm-Ehrenbachhöhe,1994,365,92,0,0,0,23.3,true
176,Hahnenkamm-Ehrenbachhöhe,1995,365,92,3,0,0,27.5,true
176,Hahnenkamm-Ehrenbachhöhe,1996,366,92,0,0,0,20.9,true
176,Hahnenkamm-Ehrenbachhöhe,1997,365,92,0,0,0,20.3,true
176,Hahnenkamm-Ehrenbachhöhe,1998,365,92,0,0,0,23.9,true
176,Hahnenkamm-Ehrenbachhöhe,1999,365,92,2,0,0,25.9,true
176,Hahnenkamm-Ehrenbachhöhe,2000,366,92,0,0,0,23.6,true
176,Hahnenkamm-Ehrenbachhöhe,2001,365,92,0,0,0,23.3,true
176,Hahnenkamm-Ehrenbachhöhe,2002,365,92,0,0,0,23.5,true
176,Hahnenkamm-Ehrenbachhöhe,2003,365,92,1,0,0,25.0,true
176,Hahnenkamm-Ehrenbachhöhe,2004,366,92,0,0,0,21.6,true
176,Hahnenkamm-Ehrenbachhöhe,2005,365,92,1,0,0,26.6,true
176,Hahnenkamm-Ehrenbachhöhe,2006,365,92,0,0,0,22.1,true
176,Hahnenkamm-Ehrenbachhöhe,2007,365,92,1,0,0,25.1,true
176,Hahnenkamm-Ehrenbachhöhe,2008,366,92,0,0,0,23.3,true
176,Hahnenkamm-Ehrenbachhöhe,2009,365,92,0,0,0,24.8,true
176,Hahnenkamm-Ehrenbachhöhe,2010,365,92,0,0,0,24.2,true
176,Hahnenkamm-Ehrenbachhöhe,2011,365,92,0,0,0,24.4,true
176,Hahnenkamm-Ehrenbachhöhe,2012,366,92,0,0,0,24.0,true
176,Hahnenkamm-Ehrenbachhöhe,2013,365,92,3,0,0,25.8,true
176,Hahnenkamm-Ehrenbachhöhe,2014,365,92,0,0,0,23.3,true
176,Hahnenkamm-Ehrenbachhöhe,2015,365,92,1,0,0,25.5,true
176,Hahnenkamm-Ehrenbachhöhe,2016,366,92,0,0,0,22.5,true
176,Hahnenkamm-Ehrenbachhöhe,2017,365,92,1,0,0,25.7,true
176,Hahnenkamm-Ehrenbachhöhe,2018,365,92,0,0,0,22.5,true
176,Hahnenkamm-Ehrenbachhöhe,2019,365,92,1,0,0,25.8,true
176,Hahnenkamm-Ehrenbachhöhe,2020,366,92,0,0,0,24.5,true
176,Hahnenkamm-Ehrenbachhöhe,2021,365,92,0,0,0,23.4,true
176,Hahnenkamm-Ehrenbachhöhe,2022,365,92,0,0,0,24.2,true
176,Hahnenkamm-Ehrenbachhöhe,2023,365,92,2,0,0,26.6,true
176,Hahnenkamm-Ehrenbachhöhe,2024,366,92,0,0,0,24.2,true
176,Hahnenkamm-Ehrenbachhöhe,2025,365,92,0,0,0,24.2,true
176,Hahnenkamm-Ehrenbachhöhe,2026,242,91,4,0,0,26.5,true
126,Haiming,1947,61,0,0,0,0,20.9,false
126,Haiming,1948,366,92,43,3,0,30.6,true
126,Haiming,1949,365,92,56,14,0,34.8,true
126,Haiming,1950,365,92,59,15,0,34.9,true
126,Haiming,1951,365,92,52,6,0,32.8,true
126,Haiming,1952,366,92,51,14,2,35.9,true
126,Haiming,1953,365,92,45,4,0,31.2,true
126,Haiming,1954,365,92,29,0,0,29.5,true
126,Haiming,1955,365,92,23,1,0,30.4,true
126,Haiming,1956,317,92,33,4,0,31.6,true
126,Haiming,1957,120,0,0,0,0,22.4,false
126,Haiming,1965,122,0,0,0,0,23.8,false
126,Haiming,1966,365,92,45,2,0,32.5,true
126,Haiming,1967,365,92,42,8,0,32.5,true
126,Haiming,1968,366,92,34,7,0,32.1,true
126,Haiming,1969,365,92,51,7,0,33.4,true
126,Haiming,1970,365,92,42,7,0,32.3,true
126,Haiming,1971,356,92,54,15,0,32.9,true
126,Haiming,1972,366,92,41,8,0,34.4,true
126,Haiming,1973,365,92,55,9,0,31.7,true
126,Haiming,1974,365,92,48,7,0,33.7,true
126,Haiming,1975,365,92,46,3,0,31.2,true
126,Haiming,1976,366,92,53,9,0,33.8,true
126,Haiming,1977,365,92,38,3,0,33.2,true
126,Haiming,1978,365,92,39,1,0,30.1,true
126,Haiming,1979,365,92,50,2,0,30.8,true
126,Haiming,1980,366,92,40,8,0,33.9,true
126,Haiming,1981,365,92,48,10,0,32.4,true
126,Haiming,1982,365,92,67,10,0,31.7,true
126,Haiming,1983,365,92,59,17,4,38.3,true
126,Haiming,1984,366,92,39,11,1,37.2,true
126,Haiming,1985,365,92,56,12,0,32.6,true
126,Haiming,1986,365,92,65,6,0,33.3,true
126,Haiming,1987,365,92,49,10,0,32.7,true
126,Haiming,1988,366,92,48,10,0,32.7,true
126,Haiming,1989,365,92,40,1,0,31.2,true
126,Haiming,1990,365,92,53,12,0,32.9,true
126,Haiming,1991,365,92,64,11,0,32.7,true
126,Haiming,1992,366,92,65,22,0,34.7,true
126,Haiming,1993,365,92,57,11,0,32.2,true
126,Haiming,1994,365,92,72,28,1,35.1,true
126,Haiming,1995,365,92,47,14,0,33.7,true
126,Haiming,1996,366,92,47,8,0,32.2,true
126,Haiming,1997,365,92,59,1,0,30.2,true
126,Haiming,1998,365,92,59,17,0,33.9,true
126,Haiming,1999,365,92,60,9,0,33.8,true
126,Haiming,2000,366,92,65,14,0,32.4,true
126,Haiming,2001,365,92,60,16,0,32.8,true
126,Haiming,2002,365,92,58,16,1,35.2,true
126,Haiming,2003,365,92,99,47,4,36.6,true
126,Haiming,2004,366,92,66,17,0,32.6,true
126,Haiming,2005,365,92,67,27,0,34.6,true
126,Haiming,2006,365,92,65,31,0,34.8,true
126,Haiming,2007,342,69,69,11,0,34.2,false
126,Haiming,2008,366,92,62,8,0,32.8,true
126,Haiming,2009,365,92,64,15,0,33.3,true
126,Haiming,2010,365,92,52,23,0,34.5,true
126,Haiming,2011,365,92,66,16,0,34.6,true
126,Haiming,2012,366,92,63,16,0,33.5,true
126,Haiming,2013,365,92,64,26,3,36.2,true
126,Haiming,2014,365,92,39,9,0,34.2,true
126,Haiming,2015,365,92,71,32,1,36.7,true
126,Haiming,2016,366,92,64,11,0,33.4,true
126,Haiming,2017,365,92,73,23,0,34.6,true
126,Haiming,2018,365,92,95,22,0,33.9,true
126,Haiming,2019,365,92,68,24,4,37.0,true
126,Haiming,2020,366,92,64,14,0,34.8,true
126,Haiming,2021,365,92,61,15,0,32.8,true
126,Haiming,2022,365,92,89,26,1,35.9,true
126,Haiming,2023,365,92,82,26,1,35.1,true
126,Haiming,2024,366,92,76,24,0,33.7,true
126,Haiming,2025,365,92,64,28,1,35.3,true
126,Haiming,2026,242,91,85,42,8,38.2,true
166,Hall bei Admont,1936,366,92,32,3,0,31.2,true
166,Hall bei Admont,1937,365,92,33,0,0,29.1,true
166,Hall bei Admont,1938,352,80,33,2,0,30.7,false
166,Hall bei Admont,1939,365,92,38,3,0,31.0,true
166,Hall bei Admont,1940,366,92,19,0,0,29.9,true
166,Hall bei Admont,1941,334,92,28,0,0,29.0,true
166,Hall bei Admont,1943,365,92,34,6,0,33.1,true
166,Hall bei Admont,1944,366,92,33,2,0,30.2,true
166,Hall bei Admont,1945,31,0,0,0,0,7.0,false
166,Hall bei Admont,1946,337,92,43,8,0,32.1,true
166,Hall bei Admont,1947,365,92,48,8,0,31.9,true
166,Hall bei Admont,1948,366,92,29,2,0,31.6,true
166,Hall bei Admont,1949,365,92,33,2,0,31.1,true
166,Hall bei Admont,1950,365,92,52,7,0,34.7,true
166,Hall bei Admont,1951,365,92,42,1,0,30.0,true
166,Hall bei Admont,1952,366,92,39,8,0,33.5,true
166,Hall bei Admont,1953,365,92,41,3,0,30.7,true
166,Hall bei Admont,1954,365,92,32,0,0,29.5,true
166,Hall bei Admont,1955,365,92,21,0,0,29.0,true
166,Hall bei Admont,1956,366,92,34,1,0,30.0,true
166,Hall bei Admont,1957,365,92,30,6,1,35.5,true
166,Hall bei Admont,1958,365,92,36,2,0,30.6,true
166,Hall bei Admont,1959,365,92,23,3,0,31.5,true
166,Hall bei Admont,1960,366,92,27,4,0,31.5,true
166,Hall bei Admont,1961,365,92,40,5,0,31.9,true
166,Hall bei Admont,1962,365,92,34,6,0,32.8,true
166,Hall bei Admont,1963,365,92,37,7,0,32.8,true
166,Hall bei Admont,1964,366,92,40,5,0,31.6,true
166,Hall bei Admont,1965,304,92,24,6,0,32.7,true
166,Hall bei Admont,1966,365,92,28,2,0,31.2,true
166,Hall bei Admont,1967,365,92,34,6,0,31.5,true
166,Hall bei Admont,1968,366,92,35,4,0,31.5,true
166,Hall bei Admont,1969,365,92,35,3,0,31.7,true
166,Hall bei Admont,1970,365,92,35,2,0,30.4,true
166,Hall bei Admont,1971,365,92,36,5,0,31.0,true
166,Hall bei Admont,1972,366,92,31,3,0,31.4,true
166,Hall bei Admont,1976,61,0,0,0,0,17.8,false
166,Hall bei Admont,1977,365,92,29,1,0,30.0,true
166,Hall bei Admont,1978,365,92,20,0,0,27.5,true
166,Hall bei Admont,1979,365,92,35,0,0,29.0,true
166,Hall bei Admont,1980,366,92,24,3,0,33.6,true
166,Hall bei Admont,1981,365,92,34,2,0,33.0,true
166,Hall bei Admont,1982,365,92,38,0,0,29.6,true
166,Hall bei Admont,1983,365,92,52,7,1,35.0,true
166,Hall bei Admont,1984,366,92,22,6,1,35.0,true
166,Hall bei Admont,1985,365,92,46,7,0,31.5,true
166,Hall bei Admont,1986,365,92,48,2,0,31.2,true
166,Hall bei Admont,1987,365,92,45,1,0,31.3,true
166,Hall bei Admont,1988,366,92,38,4,0,33.1,true
166,Hall bei Admont,1989,365,92,31,2,0,30.2,true
166,Hall bei Admont,1990,365,92,43,7,0,31.5,true
166,Hall bei Admont,1991,365,92,41,6,0,31.9,true
166,Hall bei Admont,1992,366,92,57,22,0,33.4,true
166,Hall bei Admont,1993,365,92,49,5,0,31.2,true
166,Hall bei Admont,1994,365,92,56,17,0,33.0,true
166,Hall bei Admont,1995,365,92,37,9,0,32.6,true
166,Hall bei Admont,1996,366,92,29,4,0,32.5,true
166,Hall bei Admont,1997,365,92,41,1,0,30.1,true
166,Hall bei Admont,1998,365,92,45,9,0,32.9,true
166,Hall bei Admont,1999,365,92,36,3,0,33.2,true
166,Hall bei Admont,2000,366,92,47,8,0,31.9,true
166,Hall bei Admont,2001,365,92,42,7,0,32.0,true
166,Hall bei Admont,2002,349,92,42,9,0,33.9,true
166,Hall bei Admont,2003,350,92,77,21,0,33.5,true
166,Hall bei Admont,2004,366,92,36,2,0,31.0,true
166,Hall bei Admont,2005,345,72,38,8,0,34.8,false
166,Hall bei Admont,2006,346,92,42,11,0,32.5,true
166,Hall bei Admont,2007,320,92,51,10,0,33.8,true
166,Hall bei Admont,2008,366,92,59,8,0,32.9,true
166,Hall bei Admont,2009,365,92,48,9,0,34.0,true
166,Hall bei Admont,2010,365,92,45,16,0,33.5,true
166,Hall bei Admont,2011,365,92,56,14,0,34.7,true
166,Hall bei Admont,2012,366,92,63,21,1,35.5,true
166,Hall bei Admont,2013,365,92,54,19,5,37.1,true
166,Hall bei Admont,2014,365,92,41,7,0,34.6,true
166,Hall bei Admont,2015,365,92,64,34,1,35.8,true
166,Hall bei Admont,2016,366,92,63,11,0,32.9,true
166,Hall bei Admont,2017,365,92,66,21,0,34.8,true
166,Hall bei Admont,2018,365,92,80,17,0,32.1,true
166,Hall bei Admont,2019,365,92,70,21,3,36.7,true
166,Hall bei Admont,2020,366,92,57,10,0,33.2,true
166,Hall bei Admont,2021,365,92,63,18,0,32.7,true
166,Hall bei Admont,2022,365,92,65,15,0,34.6,true
166,Hall bei Admont,2023,365,92,70,19,0,33.6,true
166,Hall bei Admont,2024,366,92,74,28,0,33.6,true
166,Hall bei Admont,2025,365,92,62,20,0,34.3,true
166,Hall bei Admont,2026,242,91,69,29,5,36.7,true
158,Hohenau,1948,366,92,59,10,0,32.0,true
158,Hohenau,1949,365,92,53,10,0,33.0,true
158,Hohenau,1950,365,92,72,21,3,36.2,true
158,Hohenau,1951,365,92,59,12,0,32.3,true
158,Hohenau,1952,366,92,65,23,3,37.3,true
158,Hohenau,1953,365,92,67,8,0,31.8,true
158,Hohenau,1954,365,92,51,6,0,32.5,true
158,Hohenau,1955,365,92,46,2,0,31.1,true
158,Hohenau,1956,366,92,51,2,0,32.0,true
158,Hohenau,1957,365,92,56,11,3,37.1,true
158,Hohenau,1958,365,92,53,12,0,34.0,true
158,Hohenau,1959,365,92,47,6,0,33.3,true
158,Hohenau,1960,366,92,41,4,0,32.0,true
158,Hohenau,1961,365,92,56,13,0,34.9,true
158,Hohenau,1962,365,92,52,12,0,33.1,true
158,Hohenau,1963,365,92,69,17,1,35.3,true
158,Hohenau,1964,366,92,61,19,0,33.9,true
158,Hohenau,1965,365,92,41,9,0,31.9,true
158,Hohenau,1966,364,91,46,5,0,32.0,false
158,Hohenau,1967,365,92,64,19,0,33.6,true
158,Hohenau,1968,366,92,58,13,0,34.6,true
158,Hohenau,1969,365,92,67,11,0,33.6,true
158,Hohenau,1970,365,92,53,13,0,32.6,true
158,Hohenau,1971,365,92,66,18,1,35.1,true
158,Hohenau,1972,366,92,46,14,0,33.1,true
158,Hohenau,1973,365,92,64,13,0,33.1,true
158,Hohenau,1974,365,92,45,10,1,35.7,true
158,Hohenau,1975,365,92,68,3,0,30.7,true
158,Hohenau,1976,366,92,57,9,0,34.0,true
158,Hohenau,1977,365,92,66,4,0,30.7,true
158,Hohenau,1978,365,92,42,3,0,30.1,true
158,Hohenau,1979,365,92,65,7,0,31.6,true
158,Hohenau,1980,366,92,30,4,0,31.4,true
158,Hohenau,1981,365,92,59,14,0,33.0,true
158,Hohenau,1982,365,92,81,8,0,32.7,true
158,Hohenau,1983,365,92,85,24,2,35.2,true
158,Hohenau,1984,366,92,44,10,0,33.8,true
158,Hohenau,1985,365,92,56,7,0,31.8,true
158,Hohenau,1986,365,92,71,17,2,35.4,true
158,Hohenau,1987,365,92,60,7,0,32.5,true
158,Hohenau,1988,366,92,58,21,1,37.0,true
158,Hohenau,1989,365,92,53,8,0,32.7,true
158,Hohenau,1990,365,92,67,19,0,34.0,true
158,Hohenau,1991,365,92,67,12,0,33.9,true
158,Hohenau,1992,366,92,76,27,5,36.9,true
158,Hohenau,1993,365,92,70,15,0,33.1,true
158,Hohenau,1994,365,92,76,30,1,35.4,true
158,Hohenau,1995,365,92,66,16,0,32.3,true
158,Hohenau,1996,366,92,44,4,0,30.7,true
158,Hohenau,1997,365,92,66,4,0,32.7,true
158,Hohenau,1998,365,92,63,22,1,35.1,true
158,Hohenau,1999,365,92,67,7,0,34.1,true
158,Hohenau,2000,366,92,79,22,2,36.1,true
158,Hohenau,2001,365,92,63,16,0,34.8,true
158,Hohenau,2002,365,92,80,16,0,34.8,true
158,Hohenau,2003,365,92,105,45,3,38.8,true
158,Hohenau,2004,366,92,60,13,0,32.9,true
158,Hohenau,2005,365,92,68,11,1,35.2,true
158,Hohenau,2006,365,92,63,25,1,35.2,true
158,Hohenau,2007,365,92,88,36,7,37.3,true
158,Hohenau,2008,366,92,85,22,0,33.2,true
158,Hohenau,2009,365,92,96,22,1,35.2,true
158,Hohenau,2010,365,92,62,22,1,35.2,true
158,Hohenau,2011,365,92,92,21,1,35.9,true
158,Hohenau,2012,366,92,102,47,8,37.9,true
158,Hohenau,2013,365,92,77,29,8,39.9,true
158,Hohenau,2014,365,92,72,22,0,34.8,true
158,Hohenau,2015,365,92,87,46,19,37.9,true
158,Hohenau,2016,366,92,104,33,1,35.7,true
158,Hohenau,2017,365,92,95,47,10,38.6,true
158,Hohenau,2018,365,92,121,52,8,36.2,true
158,Hohenau,2019,365,92,96,38,1,36.7,true
158,Hohenau,2020,366,92,86,27,1,36.3,true
158,Hohenau,2021,365,92,90,33,1,36.7,true
158,Hohenau,2022,363,92,85,32,6,36.5,true
158,Hohenau,2023,365,92,87,28,0,34.9,true
158,Hohenau,2024,366,92,99,48,3,36.0,true
158,Hohenau,2025,365,92,83,28,3,36.8,true
158,Hohenau,2026,242,91,90,46,15,39.6,true
146,Holzgau,1936,366,92,8,0,0,28.8,true
146,Holzgau,1937,365,92,7,0,0,29.8,true
146,Holzgau,1938,365,92,22,0,0,28.8,true
146,Holzgau,1939,365,92,11,0,0,29.0,true
146,Holzgau,1940,366,92,5,0,0,26.7,true
146,Holzgau,1941,365,92,20,0,0,29.4,true
146,Holzgau,1942,365,92,24,0,0,29.0,true
146,Holzgau,1943,365,92,27,4,0,32.0,true
146,Holzgau,1944,305,92,26,3,0,30.7,true
146,Holzgau,1946,365,92,22,1,0,30.6,true
146,Holzgau,1947,365,92,50,7,0,31.6,true
146,Holzgau,1948,366,92,26,0,0,28.3,true
146,Holzgau,1949,365,92,26,2,0,30.7,true
146,Holzgau,1950,365,92,42,5,0,31.0,true
146,Holzgau,1951,365,92,30,1,0,30.2,true
146,Holzgau,1952,366,92,19,7,0,31.5,true
146,Holzgau,1953,365,92,15,0,0,28.4,true
146,Holzgau,1954,365,92,12,0,0,26.4,true
146,Holzgau,1955,365,92,2,0,0,28.3,true
146,Holzgau,1956,366,92,7,1,0,30.0,true
146,Holzgau,1957,365,92,16,4,0,32.0,true
146,Holzgau,1958,365,92,19,1,0,30.3,true
146,Holzgau,1959,365,92,8,0,0,28.0,true
146,Holzgau,1960,366,92,8,0,0,28.4,true
146,Holzgau,1961,365,92,22,0,0,27.5,true
146,Holzgau,1962,365,92,20,0,0,29.4,true
146,Holzgau,1963,365,92,16,0,0,29.8,true
146,Holzgau,1964,366,92,31,0,0,29.8,true
146,Holzgau,1965,365,92,15,2,0,32.0,true
146,Holzgau,1966,365,92,18,1,0,32.0,true
146,Holzgau,1967,365,92,22,1,0,30.2,true
146,Holzgau,1968,366,92,17,2,0,30.4,true
146,Holzgau,1969,365,92,22,1,0,30.4,true
146,Holzgau,1970,365,92,22,1,0,30.0,true
146,Holzgau,1971,365,92,27,2,0,31.0,true
146,Holzgau,1972,366,92,20,3,0,32.0,true
146,Holzgau,1973,365,92,26,0,0,28.0,true
146,Holzgau,1974,365,92,21,2,0,31.0,true
146,Holzgau,1975,365,92,19,1,0,30.0,true
146,Holzgau,1976,366,92,18,0,0,29.0,true
146,Holzgau,1977,365,92,8,0,0,29.4,true
146,Holzgau,1978,365,92,10,0,0,26.0,true
146,Holzgau,1979,365,92,14,0,0,28.4,true
146,Holzgau,1980,366,92,20,2,0,33.0,true
146,Holzgau,1981,365,92,20,0,0,28.9,true
146,Holzgau,1982,365,92,20,0,0,28.1,true
146,Holzgau,1983,365,92,22,6,0,32.7,true
146,Holzgau,1984,366,92,13,3,0,33.0,true
146,Holzgau,1985,365,92,20,1,0,30.0,true
146,Holzgau,1986,365,92,18,1,0,30.6,true
146,Holzgau,1987,365,92,28,1,0,30.0,true
146,Holzgau,1988,366,92,19,0,0,29.4,true
146,Holzgau,1989,365,92,16,1,0,30.5,true
146,Holzgau,1990,365,92,24,1,0,30.5,true
146,Holzgau,1991,365,92,30,3,0,31.5,true
146,Holzgau,1992,366,92,31,7,0,32.1,true
146,Holzgau,1993,365,92,25,2,0,30.3,true
146,Holzgau,1994,365,92,45,4,0,31.8,true
146,Holzgau,1995,365,92,21,2,0,31.0,true
146,Holzgau,1996,366,92,16,1,0,30.1,true
146,Holzgau,1997,365,92,13,0,0,27.5,true
146,Holzgau,1998,365,92,27,4,0,30.6,true
146,Holzgau,1999,365,92,18,3,0,31.2,true
146,Holzgau,2000,366,92,29,1,0,30.6,true
146,Holzgau,2001,365,92,32,3,0,31.6,true
146,Holzgau,2002,365,92,27,3,0,32.5,true
146,Holzgau,2003,365,92,58,15,0,32.0,true
146,Holzgau,2004,366,92,28,0,0,28.7,true
146,Holzgau,2005,365,92,31,3,0,32.6,true
146,Holzgau,2006,365,92,37,0,0,29.0,true
146,Holzgau,2007,365,92,17,2,0,31.0,true
146,Holzgau,2008,366,92,32,1,0,30.4,true
146,Holzgau,2009,365,92,28,2,0,31.2,true
146,Holzgau,2010,365,92,26,3,0,31.5,true
146,Holzgau,2011,365,92,28,4,0,30.5,true
146,Holzgau,2012,366,92,30,7,0,32.3,true
146,Holzgau,2013,365,92,30,11,0,33.5,true
146,Holzgau,2014,365,92,16,2,0,30.4,true
146,Holzgau,2015,365,92,48,6,0,33.1,true
146,Holzgau,2016,366,92,31,2,0,31.0,true
146,Holzgau,2017,365,92,36,1,0,31.6,true
146,Holzgau,2018,365,92,40,1,0,30.9,true
146,Holzgau,2019,365,92,36,7,0,32.7,true
146,Holzgau,2020,366,92,21,1,0,30.1,true
146,Holzgau,2021,365,92,23,0,0,29.4,true
146,Holzgau,2022,365,92,41,5,0,31.2,true
146,Holzgau,2023,365,92,47,6,0,32.3,true
146,Holzgau,2024,366,92,36,2,0,30.9,true
146,Holzgau,2025,365,92,35,0,0,29.8,true
146,Holzgau,2026,242,91,51,11,0,32.3,true
199,Horn Wasserwerk,1943,275,92,53,11,4,36.0,true
199,Horn Wasserwerk,1944,244,61,19,2,0,31.6,false
199,Horn Wasserwerk,1945,297,92,63,16,1,36.1,true
199,Horn Wasserwerk,1946,365,92,62,16,0,34.4,true
199,Horn Wasserwerk,1947,365,92,77,30,1,35.0,true
199,Horn Wasserwerk,1948,366,92,53,7,0,32.0,true
199,Horn Wasserwerk,1949,365,92,59,22,4,36.0,true
199,Horn Wasserwerk,1950,365,92,75,20,3,36.8,true
199,Horn Wasserwerk,1951,365,92,53,4,0,32.8,true
199,Horn Wasserwerk,1952,366,92,60,15,3,35.8,true
199,Horn Wasserwerk,1953,365,92,59,6,0,32.8,true
199,Horn Wasserwerk,1954,365,92,52,6,0,32.0,true
199,Horn Wasserwerk,1955,365,92,40,0,0,29.8,true
199,Horn Wasserwerk,1956,366,92,52,10,0,32.5,true
199,Horn Wasserwerk,1957,365,92,50,10,6,39.4,true
199,Horn Wasserwerk,1958,365,92,53,11,0,32.5,true
199,Horn Wasserwerk,1959,365,92,51,7,0,34.3,true
199,Horn Wasserwerk,1960,366,92,37,6,0,32.0,true
199,Horn Wasserwerk,1961,365,92,54,19,0,34.0,true
199,Horn Wasserwerk,1962,365,92,49,16,0,34.8,true
199,Horn Wasserwerk,1963,365,92,55,16,0,34.0,true
199,Horn Wasserwerk,1964,366,92,56,10,0,32.4,true
199,Horn Wasserwerk,1965,365,92,32,7,0,32.0,true
199,Horn Wasserwerk,1966,365,92,39,7,0,32.8,true
199,Horn Wasserwerk,1967,365,92,55,13,0,32.5,true
199,Horn Wasserwerk,1968,366,92,45,11,0,34.0,true
199,Horn Wasserwerk,1969,365,92,56,10,0,32.0,true
199,Horn Wasserwerk,1970,365,92,46,8,0,32.5,true
199,Horn Wasserwerk,1971,365,92,55,16,1,36.0,true
199,Horn Wasserwerk,1972,366,92,39,13,0,33.0,true
199,Horn Wasserwerk,1973,365,92,61,10,0,33.0,true
199,Horn Wasserwerk,1974,365,92,32,7,1,35.0,true
199,Horn Wasserwerk,1975,365,92,56,0,0,29.0,true
199,Horn Wasserwerk,1976,366,92,39,8,0,33.5,true
199,Horn Wasserwerk,1977,365,92,52,3,0,31.0,true
199,Horn Wasserwerk,1978,365,92,36,0,0,29.5,true
199,Horn Wasserwerk,1979,334,92,57,2,0,31.2,true
199,Horn Wasserwerk,1980,121,0,0,0,0,20.5,false
199,Horn Wasserwerk,1981,275,92,50,8,0,31.4,true
199,Horn Wasserwerk,1982,365,92,56,2,0,31.4,true
199,Horn Wasserwerk,1983,212,61,42,8,1,35.2,false
199,Horn Wasserwerk,1990,365,92,45,11,0,32.2,true
199,Horn Wasserwerk,1991,365,92,45,8,0,33.8,true
199,Horn Wasserwerk,1992,366,92,63,25,3,35.7,true
199,Horn Wasserwerk,1993,365,92,58,11,0,33.7,true
199,Horn Wasserwerk,1994,59,0,0,0,0,14.1,false
199,Horn Wasserwerk,2007,184,62,44,21,4,39.0,false
199,Horn Wasserwerk,2008,366,92,70,10,0,32.6,true
199,Horn Wasserwerk,2009,365,92,61,12,0,33.9,true
199,Horn Wasserwerk,2010,365,92,51,18,0,34.1,true
199,Horn Wasserwerk,2011,365,92,77,16,2,36.6,true
199,Horn Wasserwerk,2012,366,92,83,26,1,36.8,true
199,Horn Wasserwerk,2013,365,92,64,25,3,38.6,true
199,Horn Wasserwerk,2014,365,92,60,14,0,34.3,true
199,Horn Wasserwerk,2015,365,92,77,41,15,37.3,true
199,Horn Wasserwerk,2016,366,92,80,12,1,35.2,true
199,Horn Wasserwerk,2017,365,92,85,33,5,36.9,true
199,Horn Wasserwerk,2018,365,92,108,30,2,35.6,true
199,Horn Wasserwerk,2019,365,92,84,29,3,36.2,true
199,Horn Wasserwerk,2020,366,92,61,12,0,33.7,true
199,Horn Wasserwerk,2021,365,92,72,12,0,32.3,true
199,Horn Wasserwerk,2022,365,92,79,21,1,36.4,true
199,Horn Wasserwerk,2023,365,92,83,28,2,35.1,true
199,Horn Wasserwerk,2024,366,92,91,40,1,35.0,true
199,Horn Wasserwerk,2025,365,92,76,19,0,34.9,true
199,Horn Wasserwerk,2026,242,91,88,41,12,39.0,true
38,Imst,1936,335,92,48,7,0,33.0,true
38,Imst,1937,365,92,58,8,0,34.0,true
38,Imst,1938,334,92,44,12,0,33.2,true
38,Imst,1939,304,92,55,14,0,33.2,true
38,Imst,1940,335,92,33,1,0,31.0,true
38,Imst,1941,27,0,0,0,0,8.0,false
38,Imst,1943,214,92,51,12,0,34.0,true
38,Imst,1944,366,92,45,13,0,33.0,true
38,Imst,1945,31,0,0,0,0,5.6,false
38,Imst,1958,214,92,46,4,0,33.5,true
38,Imst,1959,365,92,45,4,0,31.8,true
38,Imst,1960,366,92,32,5,0,31.5,true
38,Imst,1961,365,92,56,14,1,36.3,true
38,Imst,1962,365,92,46,9,0,33.0,true
38,Imst,1963,365,92,39,8,0,33.2,true
38,Imst,1964,366,92,45,5,0,31.6,true
38,Imst,1965,365,92,28,7,0,32.3,true
38,Imst,1966,365,92,38,5,0,31.8,true
38,Imst,1967,365,92,42,5,0,32.1,true
38,Imst,1968,366,92,30,6,0,33.1,true
38,Imst,1969,365,92,46,7,0,32.6,true
38,Imst,1970,365,92,42,7,0,33.0,true
38,Imst,1971,365,92,49,9,0,32.9,true
38,Imst,1972,366,92,35,8,0,33.2,true
38,Imst,1973,365,92,52,13,0,31.3,true
38,Imst,1974,365,92,45,12,0,33.7,true
38,Imst,1975,365,92,43,3,0,30.5,true
38,Imst,1976,366,92,46,8,0,33.0,true
38,Imst,1977,365,92,35,4,0,32.6,true
38,Imst,1978,303,30,12,0,0,28.5,false
38,Imst,1979,349,76,42,2,0,31.0,false
38,Imst,1980,305,61,12,5,0,34.1,false
38,Imst,1981,296,23,24,4,0,31.4,false
38,Imst,1982,365,92,63,6,0,31.0,true
38,Imst,1983,121,0,1,0,0,25.2,false
38,Imst,1984,366,92,30,5,0,34.6,true
38,Imst,1985,365,92,41,5,0,32.3,true
38,Imst,1986,365,92,47,2,0,31.5,true
38,Imst,1987,151,0,0,0,0,24.5,false
38,Imst,1988,366,92,34,3,0,31.0,true
38,Imst,1989,365,92,28,1,0,30.0,true
38,Imst,1990,365,92,41,2,0,31.2,true
38,Imst,1991,365,92,56,7,0,31.8,true
38,Imst,1992,366,92,48,14,0,32.5,true
38,Imst,1993,365,92,43,5,0,30.5,true
38,Imst,1994,365,92,57,9,0,33.0,true
38,Imst,1995,365,92,41,7,0,32.5,true
38,Imst,1996,366,92,33,4,0,31.0,true
38,Imst,1997,365,92,43,0,0,29.0,true
38,Imst,1998,365,92,43,8,0,33.0,true
38,Imst,1999,365,92,40,4,0,32.0,true
38,Imst,2000,366,92,42,3,0,31.0,true
38,Imst,2001,365,92,40,5,0,32.0,true
38,Imst,2002,365,92,47,8,0,33.5,true
38,Imst,2003,365,92,83,33,1,35.1,true
38,Imst,2004,366,92,38,4,0,30.8,true
38,Imst,2005,365,92,41,11,0,32.6,true
38,Imst,2006,365,92,48,10,0,32.6,true
38,Imst,2007,365,92,47,8,0,33.6,true
38,Imst,2008,366,92,63,16,0,34.3,true
38,Imst,2009,365,92,73,18,0,34.4,true
38,Imst,2010,365,92,53,23,2,35.8,true
38,Imst,2011,365,92,83,22,1,35.5,true
38,Imst,2012,366,92,74,23,3,36.6,true
38,Imst,2013,365,92,69,25,8,36.9,true
38,Imst,2014,365,92,47,11,0,34.9,true
38,Imst,2015,365,92,74,38,2,36.9,true
38,Imst,2016,366,92,67,15,1,35.2,true
38,Imst,2017,365,92,78,27,1,35.2,true
38,Imst,2018,365,92,92,22,0,34.2,true
38,Imst,2019,365,92,70,26,5,37.9,true
38,Imst,2020,366,92,69,18,1,35.4,true
38,Imst,2021,365,92,62,17,0,33.4,true
38,Imst,2022,365,92,85,29,3,36.0,true
38,Imst,2023,365,92,87,31,2,35.2,true
38,Imst,2024,366,92,77,30,0,34.2,true
38,Imst,2025,365,92,69,28,0,34.9,true
38,Imst,2026,242,91,82,41,4,36.6,true
175,Innsbruck Flughafen,1951,214,92,57,14,0,33.4,true
175,Innsbruck Flughafen,1952,366,92,64,19,3,35.8,true
175,Innsbruck Flughafen,1953,365,92,55,13,0,32.1,true
175,Innsbruck Flughafen,1954,365,92,46,4,0,31.2,true
175,Innsbruck Flughafen,1955,365,92,42,2,0,32.1,true
175,Innsbruck Flughafen,1956,366,92,52,6,0,32.4,true
175,Innsbruck Flughafen,1957,365,92,44,13,5,37.3,true
175,Innsbruck Flughafen,1958,365,92,75,11,0,34.1,true
175,Innsbruck Flughafen,1959,365,92,61,10,0,34.1,true
175,Innsbruck Flughafen,1960,366,92,48,9,0,33.8,true
175,Innsbruck Flughafen,1961,365,92,65,20,0,33.9,true
175,Innsbruck Flughafen,1962,365,92,61,16,0,34.9,true
175,Innsbruck Flughafen,1963,365,92,64,13,0,33.8,true
175,Innsbruck Flughafen,1964,366,92,67,19,0,33.7,true
175,Innsbruck Flughafen,1965,365,92,26,8,0,34.0,true
175,Innsbruck Flughafen,1966,365,92,41,3,0,31.3,true
175,Innsbruck Flughafen,1967,365,92,42,8,0,33.4,true
175,Innsbruck Flughafen,1968,366,92,35,4,0,32.5,true
175,Innsbruck Flughafen,1969,365,92,49,7,0,34.0,true
175,Innsbruck Flughafen,1970,365,92,45,4,0,31.1,true
175,Innsbruck Flughafen,1971,365,92,52,12,0,32.8,true
175,Innsbruck Flughafen,1972,366,92,36,7,0,33.6,true
175,Innsbruck Flughafen,1973,365,92,55,5,0,31.8,true
175,Innsbruck Flughafen,1974,365,92,49,5,0,33.7,true
175,Innsbruck Flughafen,1975,365,92,50,3,0,30.5,true
175,Innsbruck Flughafen,1976,366,92,52,12,0,33.3,true
175,Innsbruck Flughafen,1977,365,92,37,2,0,33.6,true
175,Innsbruck Flughafen,1978,365,92,41,4,0,30.6,true
175,Innsbruck Flughafen,1979,365,92,57,4,0,31.1,true
175,Innsbruck Flughafen,1980,366,92,38,7,0,33.6,true
175,Innsbruck Flughafen,1981,365,92,50,10,0,32.4,true
175,Innsbruck Flughafen,1982,365,92,67,12,0,32.1,true
175,Innsbruck Flughafen,1983,365,92,65,16,2,36.2,true
175,Innsbruck Flughafen,1984,366,92,42,10,1,37.7,true
175,Innsbruck Flughafen,1985,365,92,63,12,0,33.7,true
175,Innsbruck Flughafen,1986,365,92,63,8,0,34.6,true
175,Innsbruck Flughafen,1987,365,92,53,8,0,33.2,true
175,Innsbruck Flughafen,1988,366,92,54,9,0,34.3,true
175,Innsbruck Flughafen,1989,365,92,46,4,0,32.8,true
175,Innsbruck Flughafen,1990,365,92,60,7,0,31.5,true
175,Innsbruck Flughafen,1991,365,92,61,6,0,32.7,true
175,Innsbruck Flughafen,1992,366,92,70,17,0,34.7,true
175,Innsbruck Flughafen,1993,365,92,58,9,0,33.1,true
175,Innsbruck Flughafen,1994,365,92,67,22,0,33.0,true
175,Innsbruck Flughafen,1995,365,92,47,10,0,33.1,true
175,Innsbruck Flughafen,1996,366,92,39,8,0,32.9,true
175,Innsbruck Flughafen,1997,365,92,54,0,0,29.8,true
175,Innsbruck Flughafen,1998,365,92,50,11,0,33.8,true
175,Innsbruck Flughafen,1999,365,92,53,6,0,33.0,true
175,Innsbruck Flughafen,2000,366,92,65,13,0,32.5,true
175,Innsbruck Flughafen,2001,365,92,54,14,0,33.5,true
175,Innsbruck Flughafen,2002,365,92,58,13,0,34.5,true
175,Innsbruck Flughafen,2003,365,92,94,38,1,36.7,true
175,Innsbruck Flughafen,2004,366,92,57,7,0,32.4,true
175,Innsbruck Flughafen,2005,365,92,61,21,1,35.4,true
175,Innsbruck Flughafen,2006,365,92,65,22,0,34.1,true
175,Innsbruck Flughafen,2007,365,92,77,13,0,34.3,true
175,Innsbruck Flughafen,2008,366,92,69,14,0,34.1,true
175,Innsbruck Flughafen,2009,365,92,65,13,0,33.2,true
175,Innsbruck Flughafen,2010,365,92,49,18,0,34.5,true
175,Innsbruck Flughafen,2011,365,92,73,16,0,34.9,true
175,Innsbruck Flughafen,2012,366,92,61,19,0,33.8,true
175,Innsbruck Flughafen,2013,365,92,65,19,2,35.6,true
175,Innsbruck Flughafen,2014,365,92,46,7,0,33.8,true
175,Innsbruck Flughafen,2015,365,92,72,38,2,37.0,true
175,Innsbruck Flughafen,2016,366,92,65,13,0,34.2,true
175,Innsbruck Flughafen,2017,365,92,71,21,0,34.2,true
175,Innsbruck Flughafen,2018,365,92,89,23,0,34.5,true
175,Innsbruck Flughafen,2019,365,92,71,23,3,37.2,true
175,Innsbruck Flughafen,2020,366,92,66,16,1,35.3,true
175,Innsbruck Flughafen,2021,365,92,61,14,0,33.8,true
175,Innsbruck Flughafen,2022,365,92,84,25,2,35.3,true
175,Innsbruck Flughafen,2023,365,92,90,30,1,36.7,true
175,Innsbruck Flughafen,2024,366,92,85,28,0,33.4,true
175,Innsbruck Flughafen,2025,365,92,69,26,0,33.8,true
175,Innsbruck Flughafen,2026,242,91,80,40,6,37.3,true
39,Innsbruck Universität,1877,365,92,48,6,0,32.0,true
39,Innsbruck Universität,1878,365,92,7,0,0,29.8,true
39,Innsbruck Universität,1879,334,92,36,1,0,30.0,true
39,Innsbruck Universität,1880,366,92,32,3,0,30.5,true
39,Innsbruck Universität,1881,365,92,41,8,0,33.0,true
39,Innsbruck Universität,1882,365,92,27,1,0,30.5,true
39,Innsbruck Universität,1883,365,92,32,1,0,30.0,true
39,Innsbruck Universität,1884,366,92,37,3,0,32.5,true
39,Innsbruck Universität,1885,365,92,63,3,0,30.0,true
39,Innsbruck Universität,1886,365,92,34,2,0,32.0,true
39,Innsbruck Universität,1887,365,92,37,3,0,30.0,true
39,Innsbruck Universität,1888,366,92,20,3,0,32.0,true
39,Innsbruck Universität,1890,243,92,19,2,0,30.0,true
39,Innsbruck Universität,1894,365,92,41,4,0,32.5,true
39,Innsbruck Universität,1895,365,92,49,4,0,31.5,true
39,Innsbruck Universität,1896,366,92,31,1,0,31.7,true
39,Innsbruck Universität,1897,365,92,45,8,1,36.0,true
39,Innsbruck Universität,1898,365,92,42,3,0,32.1,true
39,Innsbruck Universität,1899,365,92,42,1,0,31.4,true
39,Innsbruck Universität,1900,365,92,40,9,0,32.2,true
39,Innsbruck Universität,1901,365,92,36,2,0,32.6,true
39,Innsbruck Universität,1902,365,92,39,6,0,30.9,true
39,Innsbruck Universität,1905,365,92,43,7,1,35.3,true
39,Innsbruck Universität,1906,365,92,54,14,1,35.1,true
39,Innsbruck Universität,1907,90,0,0,0,0,15.8,false
39,Innsbruck Universität,1908,366,92,63,15,0,32.7,true
39,Innsbruck Universität,1909,365,92,47,4,0,31.8,true
39,Innsbruck Universität,1910,365,92,47,7,0,32.9,true
39,Innsbruck Universität,1911,365,92,81,20,2,36.0,true
39,Innsbruck Universität,1912,366,92,40,6,0,31.6,true
39,Innsbruck Universität,1913,365,92,39,7,0,33.0,true
39,Innsbruck Universität,1914,365,92,49,5,0,31.4,true
39,Innsbruck Universität,1915,365,92,59,9,0,33.8,true
39,Innsbruck Universität,1916,366,92,43,5,0,31.0,true
39,Innsbruck Universität,1917,365,92,77,17,0,34.8,true
39,Innsbruck Universität,1918,365,92,44,9,1,35.8,true
39,Innsbruck Universität,1919,365,92,50,7,0,31.5,true
39,Innsbruck Universität,1920,366,92,51,10,1,35.1,true
39,Innsbruck Universität,1921,365,92,80,25,3,35.7,true
39,Innsbruck Universität,1922,365,92,64,17,0,33.9,true
39,Innsbruck Universität,1923,365,92,62,24,4,37.0,true
39,Innsbruck Universität,1924,366,92,60,16,0,34.2,true
39,Innsbruck Universität,1925,365,92,55,9,0,34.2,true
39,Innsbruck Universität,1926,365,92,51,5,0,33.9,true
39,Innsbruck Universität,1927,365,92,68,12,0,34.8,true
39,Innsbruck Universität,1928,366,92,71,25,4,36.5,true
39,Innsbruck Universität,1929,365,92,69,11,0,34.3,true
39,Innsbruck Universität,1930,365,92,65,13,0,33.9,true
39,Innsbruck Universität,1931,365,92,55,14,0,33.7,true
39,Innsbruck Universität,1932,366,92,68,16,0,34.0,true
39,Innsbruck Universität,1933,365,92,43,8,0,32.1,true
39,Innsbruck Universität,1934,365,92,57,9,0,32.5,true
39,Innsbruck Universität,1935,365,92,63,22,1,36.1,true
39,Innsbruck Universität,1936,366,92,50,9,0,33.9,true
39,Innsbruck Universität,1937,365,92,60,14,1,35.8,true
39,Innsbruck Universität,1938,365,92,49,22,0,34.5,true
39,Innsbruck Universität,1939,365,92,62,12,0,33.0,true
39,Innsbruck Universität,1940,366,92,45,4,0,31.1,true
39,Innsbruck Universität,1941,365,92,49,12,0,34.0,true
39,Innsbruck Universität,1942,365,92,72,12,0,32.8,true
39,Innsbruck Universität,1943,365,92,62,17,0,34.2,true
39,Innsbruck Universität,1944,366,92,56,19,0,32.7,true
39,Innsbruck Universität,1945,365,92,66,15,0,34.0,true
39,Innsbruck Universität,1946,365,92,65,15,0,33.6,true
39,Innsbruck Universität,1947,365,92,92,35,1,35.3,true
39,Innsbruck Universität,1948,366,92,44,6,0,31.4,true
39,Innsbruck Universität,1949,365,92,60,12,0,33.9,true
39,Innsbruck Universität,1950,365,92,68,20,2,35.9,true
39,Innsbruck Universität,1951,365,92,60,14,0,33.4,true
39,Innsbruck Universität,1952,366,92,60,15,3,36.0,true
39,Innsbruck Universität,1953,365,92,48,11,0,31.8,true
39,Innsbruck Universität,1954,365,92,38,2,0,30.3,true
39,Innsbruck Universität,1955,365,92,35,1,0,31.7,true
39,Innsbruck Universität,1956,366,92,45,5,0,31.6,true
39,Innsbruck Universität,1957,365,92,39,12,5,36.9,true
39,Innsbruck Universität,1958,365,92,68,7,0,33.5,true
39,Innsbruck Universität,1959,365,92,55,4,0,33.1,true
39,Innsbruck Universität,1960,366,92,41,6,0,32.5,true
39,Innsbruck Universität,1961,365,92,62,15,0,32.6,true
39,Innsbruck Universität,1962,365,92,55,14,0,34.3,true
39,Innsbruck Universität,1963,365,92,57,11,0,33.9,true
39,Innsbruck Universität,1964,366,92,59,13,0,32.7,true
39,Innsbruck Universität,1965,365,92,35,13,0,34.4,true
39,Innsbruck Universität,1966,365,92,41,6,0,32.5,true
39,Innsbruck Universität,1967,365,92,46,10,0,33.6,true
39,Innsbruck Universität,1968,366,92,36,8,0,33.1,true
39,Innsbruck Universität,1969,365,92,56,8,0,33.7,true
39,Innsbruck Universität,1970,365,92,48,7,0,32.2,true
39,Innsbruck Universität,1971,365,92,55,11,0,32.8,true
39,Innsbruck Universität,1972,366,92,38,10,0,33.4,true
39,Innsbruck Universität,1973,365,92,53,4,0,32.2,true
39,Innsbruck Universität,1974,365,92,54,6,0,34.2,true
39,Innsbruck Universität,1975,365,92,51,4,0,31.6,true
39,Innsbruck Universität,1976,366,92,55,12,0,33.3,true
39,Innsbruck Universität,1977,365,92,38,3,0,33.6,true
39,Innsbruck Universität,1978,365,92,40,1,0,30.2,true
39,Innsbruck Universität,1979,365,92,56,4,0,31.4,true
39,Innsbruck Universität,1980,366,92,40,7,0,34.1,true
39,Innsbruck Universität,1981,365,92,50,11,0,32.8,true
39,Innsbruck Universität,1982,365,92,67,11,0,32.0,true
39,Innsbruck Universität,1983,365,92,66,16,2,36.8,true
39,Innsbruck Universität,1984,366,92,40,9,1,37.4,true
39,Innsbruck Universität,1985,365,92,61,10,0,33.3,true
39,Innsbruck Universität,1986,365,92,61,8,0,34.4,true
39,Innsbruck Universität,1987,365,92,53,8,0,33.1,true
39,Innsbruck Universität,1988,366,92,55,10,0,34.6,true
39,Innsbruck Universität,1989,365,92,49,5,0,32.9,true
39,Innsbruck Universität,1990,365,92,65,15,0,32.8,true
39,Innsbruck Universität,1991,365,92,65,11,0,33.6,true
39,Innsbruck Universität,1992,366,92,73,23,4,35.5,true
39,Innsbruck Universität,1993,365,92,61,10,0,33.1,true
39,Innsbruck Universität,1994,365,92,75,31,0,34.3,true
39,Innsbruck Universität,1995,365,92,49,14,0,34.4,true
39,Innsbruck Universität,1996,366,92,48,11,0,33.2,true
39,Innsbruck Universität,1997,365,92,61,4,0,30.9,true
39,Innsbruck Universität,1998,365,92,58,19,0,34.4,true
39,Innsbruck Universität,1999,365,92,56,8,0,33.5,true
39,Innsbruck Universität,2000,366,92,69,17,0,33.3,true
39,Innsbruck Universität,2001,365,92,60,20,0,33.7,true
39,Innsbruck Universität,2002,365,92,69,19,2,36.3,true
39,Innsbruck Universität,2003,365,92,100,45,4,37.4,true
39,Innsbruck Universität,2004,366,92,65,18,0,33.0,true
39,Innsbruck Universität,2005,365,92,65,24,2,36.1,true
39,Innsbruck Universität,2006,365,92,72,33,1,35.4,true
39,Innsbruck Universität,2007,365,92,86,18,2,35.4,true
39,Innsbruck Universität,2008,366,92,73,20,0,34.1,true
39,Innsbruck Universität,2009,365,92,73,23,0,34.7,true
39,Innsbruck Universität,2010,365,92,59,26,2,35.6,true
39,Innsbruck Universität,2011,365,92,93,23,1,35.5,true
39,Innsbruck Universität,2012,366,92,77,24,1,35.4,true
39,Innsbruck Universität,2013,365,92,78,31,6,37.4,true
39,Innsbruck Universität,2014,365,92,58,16,3,35.7,true
39,Innsbruck Universität,2015,365,92,78,46,4,38.2,true
39,Innsbruck Universität,2016,366,92,76,19,1,35.4,true
39,Innsbruck Universität,2017,365,92,77,31,2,35.6,true
39,Innsbruck Universität,2018,365,92,103,36,2,36.0,true
39,Innsbruck Universität,2019,365,92,81,34,6,38.5,true
39,Innsbruck Universität,2020,366,92,77,23,3,36.3,true
39,Innsbruck Universität,2021,365,92,69,19,0,34.5,true
39,Innsbruck Universität,2022,365,92,98,33,3,37.0,true
39,Innsbruck Universität,2023,365,92,97,40,2,37.3,true
39,Innsbruck Universität,2024,366,92,95,35,0,34.9,true
39,Innsbruck Universität,2025,365,92,75,33,3,35.6,true
39,Innsbruck Universität,2026,242,91,88,47,13,38.7,true
40,Irdning-Gumpenstein,1953,31,0,0,0,0,10.0,false
40,Irdning-Gumpenstein,1954,364,92,34,1,0,30.0,true
40,Irdning-Gumpenstein,1955,365,92,32,1,0,31.0,true
40,Irdning-Gumpenstein,1956,366,92,50,3,0,31.0,true
40,Irdning-Gumpenstein,1957,365,92,44,11,2,36.0,true
40,Irdning-Gumpenstein,1958,365,92,58,11,0,32.0,true
40,Irdning-Gumpenstein,1959,365,92,51,5,0,32.0,true
40,Irdning-Gumpenstein,1960,366,92,41,5,0,32.0,true
40,Irdning-Gumpenstein,1961,365,92,53,12,0,32.0,true
40,Irdning-Gumpenstein,1962,365,92,42,7,0,34.5,true
40,Irdning-Gumpenstein,1963,365,92,52,6,0,31.5,true
40,Irdning-Gumpenstein,1964,366,92,51,7,0,31.4,true
40,Irdning-Gumpenstein,1965,365,92,26,6,0,32.6,true
40,Irdning-Gumpenstein,1966,365,92,36,4,0,31.5,true
40,Irdning-Gumpenstein,1967,365,92,41,10,0,32.6,true
40,Irdning-Gumpenstein,1968,366,92,36,6,0,33.8,true
40,Irdning-Gumpenstein,1969,365,92,45,8,0,32.2,true
40,Irdning-Gumpenstein,1970,365,92,44,3,0,30.7,true
40,Irdning-Gumpenstein,1971,365,92,44,10,0,33.2,true
40,Irdning-Gumpenstein,1972,366,92,35,7,0,32.7,true
40,Irdning-Gumpenstein,1973,365,92,54,4,0,32.0,true
40,Irdning-Gumpenstein,1974,365,92,49,9,0,33.2,true
40,Irdning-Gumpenstein,1975,365,92,52,2,0,30.2,true
40,Irdning-Gumpenstein,1976,366,92,45,7,0,32.6,true
40,Irdning-Gumpenstein,1977,365,92,45,3,0,31.5,true
40,Irdning-Gumpenstein,1978,365,92,37,0,0,29.3,true
40,Irdning-Gumpenstein,1979,365,92,46,1,0,30.1,true
40,Irdning-Gumpenstein,1980,366,92,30,4,0,33.0,true
40,Irdning-Gumpenstein,1981,365,92,38,5,0,32.9,true
40,Irdning-Gumpenstein,1982,365,92,57,3,0,30.3,true
40,Irdning-Gumpenstein,1983,365,92,59,9,0,34.0,true
40,Irdning-Gumpenstein,1984,366,92,27,6,0,34.0,true
40,Irdning-Gumpenstein,1985,365,92,46,7,0,31.4,true
40,Irdning-Gumpenstein,1986,365,92,55,5,0,32.7,true
40,Irdning-Gumpenstein,1987,365,92,45,3,0,32.1,true
40,Irdning-Gumpenstein,1988,366,92,40,6,0,32.1,true
40,Irdning-Gumpenstein,1989,365,92,35,0,0,29.9,true
40,Irdning-Gumpenstein,1990,365,92,46,4,0,32.3,true
40,Irdning-Gumpenstein,1991,365,92,41,6,0,31.9,true
40,Irdning-Gumpenstein,1992,366,92,61,20,0,33.9,true
40,Irdning-Gumpenstein,1993,365,92,51,8,0,31.1,true
40,Irdning-Gumpenstein,1994,365,92,63,18,0,33.7,true
40,Irdning-Gumpenstein,1995,365,92,43,11,0,34.1,true
40,Irdning-Gumpenstein,1996,366,92,33,7,0,32.7,true
40,Irdning-Gumpenstein,1997,365,92,54,1,0,30.2,true
40,Irdning-Gumpenstein,1998,365,92,53,13,0,33.0,true
40,Irdning-Gumpenstein,1999,365,92,48,8,0,32.9,true
40,Irdning-Gumpenstein,2000,366,92,64,13,0,33.1,true
40,Irdning-Gumpenstein,2001,365,92,45,7,0,31.8,true
40,Irdning-Gumpenstein,2002,365,92,45,7,0,32.8,true
40,Irdning-Gumpenstein,2003,365,92,75,24,0,34.1,true
40,Irdning-Gumpenstein,2004,366,92,39,1,0,31.8,true
40,Irdning-Gumpenstein,2005,365,92,35,8,0,33.4,true
40,Irdning-Gumpenstein,2006,365,92,47,14,0,34.3,true
40,Irdning-Gumpenstein,2007,365,92,46,9,0,34.1,true
40,Irdning-Gumpenstein,2008,366,92,56,7,0,32.5,true
40,Irdning-Gumpenstein,2009,365,92,46,8,0,34.6,true
40,Irdning-Gumpenstein,2010,365,92,42,15,0,33.2,true
40,Irdning-Gumpenstein,2011,365,92,44,9,0,34.8,true
40,Irdning-Gumpenstein,2012,366,92,55,13,0,33.5,true
40,Irdning-Gumpenstein,2013,365,92,50,17,1,35.1,true
40,Irdning-Gumpenstein,2014,365,92,30,6,0,33.4,true
40,Irdning-Gumpenstein,2015,365,92,59,28,1,35.0,true
40,Irdning-Gumpenstein,2016,366,92,54,8,0,32.5,true
40,Irdning-Gumpenstein,2017,365,92,62,11,0,33.4,true
40,Irdning-Gumpenstein,2018,365,92,74,12,0,31.9,true
40,Irdning-Gumpenstein,2019,365,92,61,16,2,35.7,true
40,Irdning-Gumpenstein,2020,366,92,51,10,0,32.7,true
40,Irdning-Gumpenstein,2021,365,92,51,14,0,31.4,true
40,Irdning-Gumpenstein,2022,365,92,62,10,0,33.7,true
40,Irdning-Gumpenstein,2023,365,92,58,17,0,33.4,true
40,Irdning-Gumpenstein,2024,366,92,71,21,0,32.9,true
40,Irdning-Gumpenstein,2025,365,92,57,19,0,33.1,true
40,Irdning-Gumpenstein,2026,242,91,66,25,2,35.3,true
193,Jauerling,1935,365,92,5,0,0,29.1,true
193,Jauerling,1938,365,92,7,0,0,26.8,true
193,Jauerling,1939,365,92,3,0,0,25.7,true
193,Jauerling,1940,366,92,1,0,0,25.0,true
193,Jauerling,1941,31,0,0,0,0,6.0,false
193,Jauerling,1950,351,92,16,3,0,31.7,true
193,Jauerling,1951,365,92,4,0,0,27.2,true
193,Jauerling,1952,335,61,5,0,0,29.9,false
193,Jauerling,1953,304,62,4,0,0,28.2,false
193,Jauerling,1954,365,92,9,0,0,26.6,true
193,Jauerling,1955,273,92,1,0,0,25.6,true
193,Jauerling,1956,92,0,0,0,0,22.4,false
193,Jauerling,1957,365,92,13,4,0,31.8,true
193,Jauerling,1958,365,92,7,0,0,29.0,true
193,Jauerling,1959,365,92,4,0,0,28.0,true
193,Jauerling,1960,305,92,2,0,0,26.8,true
193,Jauerling,1961,211,0,4,1,0,30.0,false
193,Jauerling,1962,120,0,0,0,0,22.4,false
193,Jauerling,1965,61,0,0,0,0,15.6,false
193,Jauerling,1966,89,0,0,0,0,20.6,false
193,Jauerling,1968,61,0,0,0,0,18.0,false
193,Jauerling,1969,245,92,6,0,0,29.0,true
193,Jauerling,1970,365,92,7,0,0,28.0,true
193,Jauerling,1971,365,92,18,1,0,33.5,true
193,Jauerling,1972,366,92,7,0,0,29.0,true
193,Jauerling,1973,365,92,12,0,0,28.6,true
193,Jauerling,1974,365,92,10,2,0,31.5,true
193,Jauerling,1975,365,92,2,0,0,26.0,true
193,Jauerling,1976,366,92,8,0,0,29.8,true
193,Jauerling,1977,365,92,4,0,0,26.5,true
193,Jauerling,1978,365,92,0,0,0,24.5,true
193,Jauerling,1979,365,92,5,0,0,27.0,true
193,Jauerling,1980,366,92,3,0,0,26.2,true
193,Jauerling,1981,365,92,11,0,0,28.5,true
193,Jauerling,1982,365,92,6,0,0,28.2,true
193,Jauerling,1983,365,92,15,2,0,32.0,true
193,Jauerling,1984,366,92,8,0,0,29.6,true
193,Jauerling,1985,365,92,6,0,0,28.0,true
193,Jauerling,1986,365,92,13,0,0,29.0,true
193,Jauerling,1987,365,92,6,0,0,27.6,true
193,Jauerling,1988,366,92,18,0,0,29.4,true
193,Jauerling,1989,365,92,7,0,0,27.0,true
193,Jauerling,1990,365,92,12,0,0,28.0,true
193,Jauerling,1991,365,92,10,0,0,28.5,true
193,Jauerling,1992,366,92,27,8,0,32.2,true
193,Jauerling,1993,365,92,19,2,0,31.0,true
193,Jauerling,1994,365,92,28,0,0,29.6,true
193,Jauerling,1995,365,92,11,1,0,30.6,true
193,Jauerling,1996,366,92,2,0,0,25.7,true
193,Jauerling,1997,365,92,1,0,0,26.1,true
193,Jauerling,1998,365,92,14,2,0,31.3,true
193,Jauerling,1999,365,92,6,0,0,28.2,true
193,Jauerling,2000,366,92,16,1,0,30.4,true
193,Jauerling,2001,365,92,10,0,0,27.8,true
193,Jauerling,2002,365,92,11,0,0,29.2,true
193,Jauerling,2003,365,92,29,2,0,31.4,true
193,Jauerling,2004,366,92,4,0,0,28.0,true
193,Jauerling,2005,365,92,7,0,0,28.4,true
193,Jauerling,2006,365,92,17,0,0,28.4,true
193,Jauerling,2007,365,92,16,0,0,29.5,true
193,Jauerling,2008,366,92,4,0,0,26.8,true
193,Jauerling,2009,365,92,9,0,0,28.4,true
193,Jauerling,2010,365,92,16,0,0,28.4,true
193,Jauerling,2011,365,92,12,2,0,30.8,true
193,Jauerling,2012,366,92,22,1,0,31.5,true
193,Jauerling,2013,365,92,19,4,0,31.8,true
193,Jauerling,2014,365,92,8,0,0,27.8,true
193,Jauerling,2015,365,92,38,11,0,32.2,true
193,Jauerling,2016,366,92,9,0,0,28.8,true
193,Jauerling,2017,365,92,27,2,0,31.8,true
193,Jauerling,2018,365,92,21,1,0,30.3,true
193,Jauerling,2019,365,92,26,2,0,32.0,true
193,Jauerling,2020,366,92,14,0,0,28.8,true
193,Jauerling,2021,365,92,17,0,0,28.0,true
193,Jauerling,2022,365,92,21,0,0,29.5,true
193,Jauerling,2023,365,92,24,1,0,31.0,true
193,Jauerling,2024,366,92,35,1,0,30.1,true
193,Jauerling,2025,365,92,21,1,0,30.1,true
193,Jauerling,2026,242,91,37,10,0,34.8,true
42,Jenbach,1955,275,92,38,1,0,31.3,true
42,Jenbach,1956,366,92,41,3,0,31.8,true
42,Jenbach,1957,365,92,39,10,1,37.3,true
42,Jenbach,1958,365,92,61,11,0,32.5,true
42,Jenbach,1959,365,92,48,4,0,32.8,true
42,Jenbach,1960,366,92,40,4,0,32.4,true
42,Jenbach,1961,365,92,50,8,0,32.3,true
42,Jenbach,1962,365,92,50,10,1,35.1,true
42,Jenbach,1963,365,92,52,8,0,33.8,true
42,Jenbach,1964,366,92,53,7,0,31.1,true
42,Jenbach,1965,365,92,30,7,0,34.6,true
42,Jenbach,1966,365,92,38,5,0,31.6,true
42,Jenbach,1967,365,92,42,7,0,34.1,true
42,Jenbach,1968,366,92,35,3,0,31.4,true
42,Jenbach,1969,365,92,45,6,0,32.5,true
42,Jenbach,1970,365,92,40,1,0,30.0,true
42,Jenbach,1971,365,92,45,13,0,33.1,true
42,Jenbach,1972,366,92,36,6,0,33.6,true
42,Jenbach,1973,365,92,50,3,0,31.3,true
42,Jenbach,1974,365,92,36,4,0,33.0,true
42,Jenbach,1975,365,92,49,1,0,30.5,true
42,Jenbach,1976,366,92,50,10,0,34.0,true
42,Jenbach,1977,365,92,42,2,0,34.0,true
42,Jenbach,1978,365,92,27,0,0,29.6,true
42,Jenbach,1979,365,92,51,3,0,30.4,true
42,Jenbach,1980,366,92,32,6,0,34.1,true
42,Jenbach,1981,365,92,46,5,0,32.0,true
42,Jenbach,1982,365,92,58,5,0,31.3,true
42,Jenbach,1983,365,92,57,9,0,34.0,true
42,Jenbach,1984,366,92,28,6,1,36.2,true
42,Jenbach,1985,365,92,49,10,0,32.0,true
42,Jenbach,1986,365,92,62,6,0,32.8,true
42,Jenbach,1987,365,92,52,5,0,32.4,true
42,Jenbach,1988,366,92,51,8,0,33.0,true
42,Jenbach,1989,365,92,40,1,0,32.8,true
42,Jenbach,1990,365,92,56,7,0,31.6,true
42,Jenbach,1991,365,92,55,9,0,34.0,true
42,Jenbach,1992,366,92,68,16,0,33.8,true
42,Jenbach,1993,365,92,55,7,0,33.2,true
42,Jenbach,1994,365,92,65,23,0,33.7,true
42,Jenbach,1995,365,92,48,12,0,34.1,true
42,Jenbach,1996,366,92,34,4,0,32.0,true
42,Jenbach,1997,365,92,58,0,0,29.7,true
42,Jenbach,1998,365,92,55,11,1,35.4,true
42,Jenbach,1999,365,92,50,5,0,34.1,true
42,Jenbach,2000,366,92,66,9,0,33.5,true
42,Jenbach,2001,365,92,53,14,1,35.0,true
42,Jenbach,2002,365,92,54,13,2,35.5,true
42,Jenbach,2003,365,92,93,34,2,36.9,true
42,Jenbach,2004,366,92,52,8,0,32.4,true
42,Jenbach,2005,365,92,51,17,0,33.7,true
42,Jenbach,2006,365,92,66,23,0,34.7,true
42,Jenbach,2007,365,92,66,9,1,35.1,true
42,Jenbach,2008,366,92,65,14,0,33.1,true
42,Jenbach,2009,365,92,59,10,0,34.2,true
42,Jenbach,2010,365,92,52,18,0,33.1,true
42,Jenbach,2011,365,92,73,13,1,35.6,true
42,Jenbach,2012,366,92,66,17,0,34.1,true
42,Jenbach,2013,365,92,61,21,5,36.4,true
42,Jenbach,2014,365,92,45,10,0,34.3,true
42,Jenbach,2015,365,92,73,37,2,36.4,true
42,Jenbach,2016,366,92,67,12,0,33.2,true
42,Jenbach,2017,365,92,70,21,1,36.0,true
42,Jenbach,2018,365,92,97,23,0,34.2,true
42,Jenbach,2019,365,92,71,23,3,38.0,true
42,Jenbach,2020,366,92,62,12,0,33.8,true
42,Jenbach,2021,294,92,59,10,0,33.8,true
42,Jenbach,2024,258,92,67,21,0,33.8,true
42,Jenbach,2025,365,92,64,20,0,34.0,true
42,Jenbach,2026,242,91,76,38,5,37.2,true
43,Kals,1951,245,92,7,0,0,26.6,true
43,Kals,1952,366,92,15,0,0,29.1,true
43,Kals,1953,365,92,2,0,0,25.6,true
43,Kals,1954,365,92,0,0,0,24.4,true
43,Kals,1955,365,92,2,0,0,26.8,true
43,Kals,1956,366,92,5,0,0,26.4,true
43,Kals,1957,365,92,8,1,0,30.0,true
43,Kals,1958,345,92,7,0,0,27.4,true
43,Kals,1959,356,92,4,0,0,26.0,true
43,Kals,1960,366,92,6,0,0,28.1,true
43,Kals,1961,365,92,12,0,0,26.6,true
43,Kals,1962,365,92,8,0,0,27.0,true
43,Kals,1963,365,92,6,0,0,26.5,true
43,Kals,1964,366,92,6,0,0,26.1,true
43,Kals,1965,365,92,7,0,0,28.5,true
43,Kals,1966,365,92,6,0,0,28.1,true
43,Kals,1967,365,92,8,0,0,27.8,true
43,Kals,1968,366,92,7,1,0,30.0,true
43,Kals,1969,365,92,11,0,0,28.0,true
43,Kals,1970,365,92,6,0,0,27.0,true
43,Kals,1971,365,92,10,0,0,27.8,true
43,Kals,1972,366,92,11,1,0,30.0,true
43,Kals,1973,365,92,15,0,0,27.5,true
43,Kals,1974,365,92,9,0,0,27.8,true
43,Kals,1975,365,92,5,0,0,27.2,true
43,Kals,1976,366,92,8,0,0,26.9,true
43,Kals,1977,365,92,2,0,0,27.0,true
43,Kals,1978,365,92,1,0,0,25.8,true
43,Kals,1979,365,92,2,0,0,25.2,true
43,Kals,1980,366,92,7,0,0,28.7,true
43,Kals,1981,365,92,7,0,0,27.8,true
43,Kals,1982,365,92,4,0,0,26.1,true
43,Kals,1983,365,92,12,3,0,31.2,true
43,Kals,1984,366,92,10,1,0,30.0,true
43,Kals,1985,365,92,9,0,0,27.0,true
43,Kals,1986,365,92,5,0,0,26.6,true
43,Kals,1987,365,92,8,0,0,27.0,true
43,Kals,1988,366,92,9,0,0,27.5,true
43,Kals,1989,365,92,3,0,0,25.5,true
43,Kals,1990,365,92,11,0,0,27.5,true
43,Kals,1991,365,92,9,0,0,27.4,true
43,Kals,1992,152,0,0,0,0,20.6,false
43,Kals,1993,245,92,18,0,0,27.7,true
43,Kals,1994,365,92,24,0,0,29.5,true
43,Kals,1995,365,92,14,0,0,29.0,true
43,Kals,1996,366,92,11,0,0,27.6,true
43,Kals,1997,365,92,4,0,0,26.1,true
43,Kals,1998,365,92,16,0,0,28.6,true
43,Kals,1999,365,92,8,0,0,27.4,true
43,Kals,2000,366,92,18,0,0,28.2,true
43,Kals,2001,365,92,23,0,0,28.4,true
43,Kals,2002,365,92,13,0,0,29.9,true
43,Kals,2003,365,92,42,2,0,31.1,true
43,Kals,2004,366,92,11,0,0,27.6,true
43,Kals,2005,365,92,20,0,0,29.8,true
43,Kals,2006,365,92,25,1,0,30.5,true
43,Kals,2007,365,92,11,1,0,30.0,true
43,Kals,2008,366,92,6,0,0,26.1,true
43,Kals,2009,365,92,13,0,0,26.6,true
43,Kals,2010,365,92,22,0,0,29.4,true
43,Kals,2011,365,92,13,0,0,29.6,true
43,Kals,2012,366,92,15,0,0,28.5,true
43,Kals,2013,365,92,21,1,0,30.4,true
43,Kals,2014,365,92,6,0,0,28.5,true
43,Kals,2015,365,92,29,0,0,29.8,true
43,Kals,2016,366,92,8,0,0,28.1,true
43,Kals,2017,365,92,22,0,0,28.8,true
43,Kals,2018,365,92,14,0,0,27.9,true
43,Kals,2019,365,92,23,2,0,31.3,true
43,Kals,2020,366,92,13,0,0,28.0,true
43,Kals,2021,365,92,14,0,0,27.0,true
43,Kals,2022,365,92,24,0,0,28.4,true
43,Kals,2023,365,92,27,2,0,30.5,true
43,Kals,2024,366,92,31,0,0,29.6,true
43,Kals,2025,365,92,24,0,0,29.9,true
43,Kals,2026,242,91,39,2,0,30.7,true
44,Kalwang,1966,31,0,0,0,0,7.6,false
44,Kalwang,1967,365,92,33,4,0,31.3,true
44,Kalwang,1968,366,92,25,3,0,31.8,true
44,Kalwang,1969,365,92,30,2,0,31.3,true
44,Kalwang,1970,365,92,32,1,0,30.1,true
44,Kalwang,1971,365,92,26,1,0,32.2,true
44,Kalwang,1972,366,92,22,5,0,31.0,true
44,Kalwang,1973,365,92,29,1,0,31.0,true
44,Kalwang,1974,365,92,25,4,0,31.4,true
44,Kalwang,1975,365,92,16,0,0,28.9,true
44,Kalwang,1976,366,92,18,1,0,31.0,true
44,Kalwang,1977,365,92,17,0,0,29.2,true
44,Kalwang,1978,365,92,11,0,0,26.5,true
44,Kalwang,1979,365,92,23,0,0,28.5,true
44,Kalwang,1980,366,92,18,3,0,31.8,true
44,Kalwang,1981,365,92,24,2,0,32.0,true
44,Kalwang,1982,365,92,26,1,0,30.0,true
44,Kalwang,1983,365,92,41,7,1,35.0,true
44,Kalwang,1984,366,92,20,4,0,33.5,true
44,Kalwang,1985,365,92,31,1,0,31.0,true
44,Kalwang,1986,365,92,41,0,0,29.5,true
44,Kalwang,1987,365,92,34,1,0,30.5,true
44,Kalwang,1988,366,92,31,5,0,32.0,true
44,Kalwang,1989,59,0,0,0,0,12.0,false
44,Kalwang,1994,275,92,44,4,0,31.6,true
44,Kalwang,1995,365,92,29,2,0,32.4,true
44,Kalwang,1996,366,92,20,0,0,29.6,true
44,Kalwang,1997,365,92,13,0,0,27.4,true
44,Kalwang,1998,365,92,32,2,0,30.7,true
44,Kalwang,1999,365,92,23,1,0,30.7,true
44,Kalwang,2000,366,92,40,5,0,32.1,true
44,Kalwang,2001,365,92,34,1,0,30.8,true
44,Kalwang,2002,365,92,31,4,0,32.9,true
44,Kalwang,2003,365,92,64,20,0,33.8,true
44,Kalwang,2004,366,92,30,2,0,31.1,true
44,Kalwang,2005,365,92,30,3,0,31.5,true
44,Kalwang,2006,365,92,45,6,0,31.5,true
44,Kalwang,2007,365,92,40,7,0,33.6,true
44,Kalwang,2008,366,92,43,4,0,31.4,true
44,Kalwang,2009,365,92,36,3,0,32.1,true
44,Kalwang,2010,365,92,36,8,0,32.5,true
44,Kalwang,2011,365,92,36,8,0,32.8,true
44,Kalwang,2012,366,92,49,6,0,31.8,true
44,Kalwang,2013,365,92,44,17,1,35.4,true
44,Kalwang,2014,365,92,24,3,0,31.0,true
44,Kalwang,2015,365,92,54,18,0,33.5,true
44,Kalwang,2016,366,92,45,0,0,29.5,true
44,Kalwang,2017,365,92,53,7,0,31.8,true
44,Kalwang,2018,365,92,52,4,0,31.9,true
44,Kalwang,2019,365,92,56,14,0,33.7,true
44,Kalwang,2020,366,92,41,4,0,31.5,true
44,Kalwang,2021,365,92,45,9,0,31.6,true
44,Kalwang,2022,365,92,50,9,0,32.5,true
44,Kalwang,2023,365,92,49,9,0,32.8,true
44,Kalwang,2024,366,92,65,12,0,32.3,true
44,Kalwang,2025,365,92,51,15,0,31.8,true
44,Kalwang,2026,242,91,61,19,1,35.7,true
122,Kanzelhöhe,1938,363,92,0,0,0,24.8,true
122,Kanzelhöhe,1939,365,92,1,0,0,26.0,true
122,Kanzelhöhe,1940,366,92,0,0,0,23.0,true
122,Kanzelhöhe,1941,365,92,0,0,0,23.2,true
122,Kanzelhöhe,1942,365,92,0,0,0,23.3,true
122,Kanzelhöhe,1943,143,31,1,0,0,25.0,false
122,Kanzelhöhe,1948,366,92,0,0,0,20.0,true
122,Kanzelhöhe,1949,365,92,0,0,0,23.1,true
122,Kanzelhöhe,1950,365,92,5,0,0,29.4,true
122,Kanzelhöhe,1951,365,92,5,0,0,26.0,true
122,Kanzelhöhe,1952,366,92,12,0,0,28.5,true
122,Kanzelhöhe,1953,275,92,0,0,0,24.3,true
122,Kanzelhöhe,1954,365,92,0,0,0,22.7,true
122,Kanzelhöhe,1955,365,92,1,0,0,25.3,true
122,Kanzelhöhe,1956,366,92,0,0,0,24.0,true
122,Kanzelhöhe,1957,365,92,6,0,0,28.0,true
122,Kanzelhöhe,1958,365,92,1,0,0,25.1,true
122,Kanzelhöhe,1959,365,92,0,0,0,24.2,true
122,Kanzelhöhe,1960,366,92,1,0,0,25.0,true
122,Kanzelhöhe,1961,329,61,4,0,0,26.0,false
122,Kanzelhöhe,1962,365,92,4,0,0,26.0,true
122,Kanzelhöhe,1963,365,92,0,0,0,24.7,true
122,Kanzelhöhe,1964,366,92,0,0,0,24.8,true
122,Kanzelhöhe,1965,365,92,4,0,0,25.9,true
122,Kanzelhöhe,1966,365,92,1,0,0,25.6,true
122,Kanzelhöhe,1967,365,92,1,0,0,25.0,true
122,Kanzelhöhe,1968,366,92,3,0,0,26.8,true
122,Kanzelhöhe,1969,365,92,0,0,0,24.2,true
122,Kanzelhöhe,1970,365,92,0,0,0,24.6,true
122,Kanzelhöhe,1971,365,92,1,0,0,25.8,true
122,Kanzelhöhe,1972,366,92,1,0,0,25.1,true
122,Kanzelhöhe,1973,365,92,2,0,0,25.2,true
122,Kanzelhöhe,1974,365,92,4,0,0,26.5,true
122,Kanzelhöhe,1975,365,92,2,0,0,27.0,true
122,Kanzelhöhe,1976,366,92,4,0,0,27.1,true
122,Kanzelhöhe,1977,365,92,0,0,0,23.0,true
122,Kanzelhöhe,1978,365,92,0,0,0,23.0,true
122,Kanzelhöhe,1979,365,92,0,0,0,22.5,true
122,Kanzelhöhe,1980,366,92,0,0,0,24.7,true
122,Kanzelhöhe,1981,365,92,3,0,0,25.2,true
122,Kanzelhöhe,1982,365,92,0,0,0,24.0,true
122,Kanzelhöhe,1983,365,92,10,1,0,30.5,true
122,Kanzelhöhe,1984,366,92,4,0,0,27.5,true
122,Kanzelhöhe,1985,365,92,0,0,0,24.2,true
122,Kanzelhöhe,1986,365,92,4,0,0,27.9,true
122,Kanzelhöhe,1987,365,92,0,0,0,24.5,true
122,Kanzelhöhe,1988,366,92,5,0,0,26.0,true
122,Kanzelhöhe,1989,365,92,0,0,0,23.6,true
122,Kanzelhöhe,1990,365,92,1,0,0,25.0,true
122,Kanzelhöhe,1991,365,92,1,0,0,25.0,true
122,Kanzelhöhe,1992,366,92,18,0,0,28.3,true
122,Kanzelhöhe,1993,365,92,0,0,0,24.4,true
122,Kanzelhöhe,1994,365,92,6,0,0,25.6,true
122,Kanzelhöhe,1995,365,92,3,0,0,26.5,true
122,Kanzelhöhe,1996,366,92,3,0,0,26.5,true
122,Kanzelhöhe,1997,365,92,0,0,0,22.8,true
122,Kanzelhöhe,1998,365,92,11,0,0,26.5,true
122,Kanzelhöhe,1999,365,92,1,0,0,27.0,true
122,Kanzelhöhe,2000,366,92,8,0,0,26.6,true
122,Kanzelhöhe,2001,365,92,6,0,0,26.4,true
122,Kanzelhöhe,2002,362,92,9,0,0,29.4,true
122,Kanzelhöhe,2003,365,92,23,1,0,30.2,true
122,Kanzelhöhe,2004,366,92,2,0,0,25.9,true
122,Kanzelhöhe,2005,365,92,7,0,0,27.0,true
122,Kanzelhöhe,2006,365,92,18,0,0,29.9,true
122,Kanzelhöhe,2007,365,92,9,0,0,27.1,true
122,Kanzelhöhe,2008,366,92,1,0,0,26.3,true
122,Kanzelhöhe,2009,365,92,2,0,0,25.3,true
122,Kanzelhöhe,2010,365,92,11,0,0,27.7,true
122,Kanzelhöhe,2011,365,92,6,0,0,27.8,true
122,Kanzelhöhe,2012,366,92,12,0,0,27.5,true
122,Kanzelhöhe,2013,365,92,16,2,0,31.3,true
122,Kanzelhöhe,2014,365,92,4,0,0,26.3,true
122,Kanzelhöhe,2015,365,92,11,0,0,27.1,true
122,Kanzelhöhe,2016,366,92,3,0,0,25.5,true
122,Kanzelhöhe,2017,365,92,7,0,0,27.5,true
122,Kanzelhöhe,2018,365,92,4,0,0,26.1,true
122,Kanzelhöhe,2019,365,92,10,0,0,29.2,true
122,Kanzelhöhe,2020,366,92,4,0,0,25.6,true
122,Kanzelhöhe,2021,365,92,4,0,0,25.7,true
122,Kanzelhöhe,2022,365,92,8,0,0,28.0,true
122,Kanzelhöhe,2023,365,92,10,0,0,26.3,true
122,Kanzelhöhe,2024,366,92,11,0,0,25.8,true
122,Kanzelhöhe,2025,365,92,13,0,0,28.5,true
122,Kanzelhöhe,2026,242,91,20,0,0,29.5,true
118,Kitzbühel,1936,274,92,28,3,0,30.0,true
118,Kitzbühel,1938,179,57,14,0,0,29.1,false
118,Kitzbühel,1939,365,92,20,0,0,29.5,true
118,Kitzbühel,1940,366,92,10,0,0,28.0,true
118,Kitzbühel,1943,334,92,36,6,0,32.5,true
118,Kitzbühel,1944,332,92,37,4,0,30.5,true
118,Kitzbühel,1945,59,0,0,0,0,11.0,false
118,Kitzbühel,1947,365,92,64,20,0,33.0,true
118,Kitzbühel,1948,366,92,38,0,0,29.4,true
118,Kitzbühel,1949,365,92,41,4,0,31.0,true
118,Kitzbühel,1950,365,92,53,8,0,32.0,true
118,Kitzbühel,1951,273,61,29,2,0,30.5,false
118,Kitzbühel,1957,176,86,39,9,2,36.0,false
118,Kitzbühel,1958,365,92,43,6,0,32.5,true
118,Kitzbühel,1959,365,92,28,2,0,31.2,true
118,Kitzbühel,1960,366,92,28,3,0,33.0,true
118,Kitzbühel,1961,365,92,44,1,0,31.0,true
118,Kitzbühel,1962,365,92,39,4,0,33.5,true
118,Kitzbühel,1963,365,92,34,4,0,32.2,true
118,Kitzbühel,1964,366,92,40,3,0,30.6,true
118,Kitzbühel,1965,365,92,24,5,0,33.9,true
118,Kitzbühel,1966,365,92,28,2,0,32.0,true
118,Kitzbühel,1967,365,92,32,3,0,32.1,true
118,Kitzbühel,1968,366,92,24,4,0,31.0,true
118,Kitzbühel,1969,365,92,34,4,0,31.9,true
118,Kitzbühel,1970,365,92,35,1,0,30.0,true
118,Kitzbühel,1971,365,92,35,6,0,33.3,true
118,Kitzbühel,1972,366,92,27,6,0,33.3,true
118,Kitzbühel,1973,243,92,30,1,0,31.0,true
118,Kitzbühel,1974,214,92,15,3,0,31.0,true
118,Kitzbühel,1978,153,31,8,0,0,29.8,false
118,Kitzbühel,1979,365,92,41,1,0,30.0,true
118,Kitzbühel,1980,366,92,33,4,0,34.8,true
118,Kitzbühel,1981,365,92,38,5,0,31.8,true
118,Kitzbühel,1982,365,92,51,2,0,30.3,true
118,Kitzbühel,1983,365,92,57,11,1,36.3,true
118,Kitzbühel,1984,366,92,26,6,1,35.9,true
118,Kitzbühel,1985,365,92,48,10,0,31.8,true
118,Kitzbühel,1986,365,92,53,5,0,33.4,true
118,Kitzbühel,1987,365,92,44,7,0,31.4,true
118,Kitzbühel,1988,366,92,35,3,0,32.1,true
118,Kitzbühel,1989,365,92,23,1,0,31.3,true
118,Kitzbühel,1990,365,92,38,4,0,30.4,true
118,Kitzbühel,1991,365,92,41,5,0,31.8,true
118,Kitzbühel,1992,366,92,53,14,0,34.0,true
118,Kitzbühel,1993,365,92,45,5,0,32.0,true
118,Kitzbühel,1994,365,92,57,17,0,33.0,true
118,Kitzbühel,1995,365,92,41,7,0,33.0,true
118,Kitzbühel,1996,366,92,34,4,0,32.0,true
118,Kitzbühel,1997,365,92,48,0,0,29.5,true
118,Kitzbühel,1998,365,92,48,12,0,34.3,true
118,Kitzbühel,1999,365,92,40,4,0,33.0,true
118,Kitzbühel,2000,366,92,60,12,0,33.2,true
118,Kitzbühel,2001,365,92,43,8,0,33.2,true
118,Kitzbühel,2002,365,92,43,8,0,34.0,true
118,Kitzbühel,2003,365,92,80,26,1,35.2,true
118,Kitzbühel,2004,366,92,47,2,0,31.0,true
118,Kitzbühel,2005,365,92,44,12,0,34.4,true
118,Kitzbühel,2006,365,92,58,12,0,32.8,true
118,Kitzbühel,2007,365,92,56,8,0,34.6,true
118,Kitzbühel,2008,366,92,59,9,0,32.5,true
118,Kitzbühel,2009,365,92,55,9,1,35.3,true
118,Kitzbühel,2010,365,92,48,16,0,34.1,true
118,Kitzbühel,2011,365,92,61,17,0,34.2,true
118,Kitzbühel,2012,366,92,62,17,0,34.4,true
118,Kitzbühel,2013,365,92,58,19,3,35.9,true
118,Kitzbühel,2014,122,0,0,0,0,21.3,false
118,Kitzbühel,2015,365,92,60,26,1,35.2,true
118,Kitzbühel,2016,366,92,49,7,0,32.5,true
118,Kitzbühel,2017,365,92,61,9,1,35.0,true
118,Kitzbühel,2018,365,92,71,8,0,32.0,true
118,Kitzbühel,2019,365,92,61,18,1,35.5,true
118,Kitzbühel,2020,366,92,49,7,0,33.4,true
118,Kitzbühel,2021,365,92,51,10,0,32.8,true
118,Kitzbühel,2022,365,92,61,12,0,33.8,true
118,Kitzbühel,2023,365,92,59,19,0,34.4,true
118,Kitzbühel,2024,366,92,63,18,0,34.5,true
118,Kitzbühel,2025,365,92,56,18,0,33.6,true
118,Kitzbühel,2026,235,84,67,30,2,35.7,false
48,Klagenfurt Flughafen,1952,184,62,43,18,0,34.6,false
48,Klagenfurt Flughafen,1953,365,92,47,2,0,30.4,true
48,Klagenfurt Flughafen,1954,365,92,40,0,0,29.5,true
48,Klagenfurt Flughafen,1955,365,92,36,3,0,31.4,true
48,Klagenfurt Flughafen,1956,366,92,40,0,0,29.9,true
48,Klagenfurt Flughafen,1957,365,92,34,10,0,34.4,true
48,Klagenfurt Flughafen,1958,365,92,52,6,0,31.7,true
48,Klagenfurt Flughafen,1959,365,92,43,0,0,29.9,true
48,Klagenfurt Flughafen,1960,366,92,36,3,0,30.3,true
48,Klagenfurt Flughafen,1961,365,92,56,11,0,33.3,true
48,Klagenfurt Flughafen,1962,365,92,44,4,0,31.9,true
48,Klagenfurt Flughafen,1963,365,92,48,11,0,32.5,true
48,Klagenfurt Flughafen,1964,366,92,54,5,0,30.4,true
48,Klagenfurt Flughafen,1965,365,92,33,5,0,32.5,true
48,Klagenfurt Flughafen,1966,365,92,42,5,0,31.1,true
48,Klagenfurt Flughafen,1967,365,92,48,12,0,33.2,true
48,Klagenfurt Flughafen,1968,366,92,30,6,0,33.7,true
48,Klagenfurt Flughafen,1969,365,92,49,5,0,31.9,true
48,Klagenfurt Flughafen,1970,365,92,52,7,0,30.9,true
48,Klagenfurt Flughafen,1971,365,92,53,8,0,34.4,true
48,Klagenfurt Flughafen,1972,366,92,47,9,0,32.1,true
48,Klagenfurt Flughafen,1973,365,92,56,1,0,31.1,true
48,Klagenfurt Flughafen,1974,365,92,41,6,0,31.5,true
48,Klagenfurt Flughafen,1975,365,92,53,1,0,30.4,true
48,Klagenfurt Flughafen,1976,366,92,45,8,0,33.2,true
48,Klagenfurt Flughafen,1977,365,92,39,2,0,31.2,true
48,Klagenfurt Flughafen,1978,365,92,34,0,0,29.7,true
48,Klagenfurt Flughafen,1979,365,92,61,2,0,30.0,true
48,Klagenfurt Flughafen,1980,366,92,35,5,0,33.1,true
48,Klagenfurt Flughafen,1981,365,92,55,10,0,32.0,true
48,Klagenfurt Flughafen,1982,365,92,64,5,0,32.0,true
48,Klagenfurt Flughafen,1983,365,92,61,13,1,35.0,true
48,Klagenfurt Flughafen,1984,366,92,39,6,1,35.8,true
48,Klagenfurt Flughafen,1985,365,92,59,2,0,31.2,true
48,Klagenfurt Flughafen,1986,365,92,66,11,0,32.1,true
48,Klagenfurt Flughafen,1987,365,92,59,4,0,31.2,true
48,Klagenfurt Flughafen,1988,366,92,51,19,0,33.0,true
48,Klagenfurt Flughafen,1989,365,92,31,0,0,29.2,true
48,Klagenfurt Flughafen,1990,365,92,48,4,0,30.9,true
48,Klagenfurt Flughafen,1991,365,92,61,7,0,33.3,true
48,Klagenfurt Flughafen,1992,366,92,71,28,2,35.5,true
48,Klagenfurt Flughafen,1993,365,92,65,17,0,32.6,true
48,Klagenfurt Flughafen,1994,365,92,83,29,0,34.5,true
48,Klagenfurt Flughafen,1995,365,92,57,15,0,34.2,true
48,Klagenfurt Flughafen,1996,366,92,52,7,0,33.0,true
48,Klagenfurt Flughafen,1997,365,92,67,0,0,29.5,true
48,Klagenfurt Flughafen,1998,365,92,63,20,0,32.8,true
48,Klagenfurt Flughafen,1999,365,92,54,8,0,33.0,true
48,Klagenfurt Flughafen,2000,366,92,65,15,0,34.0,true
48,Klagenfurt Flughafen,2001,365,92,70,22,0,33.0,true
48,Klagenfurt Flughafen,2002,365,92,62,13,1,35.3,true
48,Klagenfurt Flughafen,2003,365,92,99,40,2,36.6,true
48,Klagenfurt Flughafen,2004,366,92,53,8,0,32.0,true
48,Klagenfurt Flughafen,2005,365,92,59,15,0,33.4,true
48,Klagenfurt Flughafen,2006,365,92,64,29,2,35.6,true
48,Klagenfurt Flughafen,2007,365,92,74,20,4,35.8,true
48,Klagenfurt Flughafen,2008,366,92,81,11,0,32.2,true
48,Klagenfurt Flughafen,2009,365,92,76,16,0,32.7,true
48,Klagenfurt Flughafen,2010,365,92,67,23,3,35.7,true
48,Klagenfurt Flughafen,2011,365,92,84,19,0,34.2,true
48,Klagenfurt Flughafen,2012,366,92,86,28,0,34.9,true
48,Klagenfurt Flughafen,2013,365,92,76,28,10,38.1,true
48,Klagenfurt Flughafen,2014,365,92,57,8,0,34.2,true
48,Klagenfurt Flughafen,2015,365,92,75,34,1,35.3,true
48,Klagenfurt Flughafen,2016,366,92,77,9,0,33.0,true
48,Klagenfurt Flughafen,2017,365,92,79,29,0,34.4,true
48,Klagenfurt Flughafen,2018,365,92,93,25,0,34.1,true
48,Klagenfurt Flughafen,2019,365,92,82,29,2,37.1,true
48,Klagenfurt Flughafen,2020,366,92,70,13,0,33.5,true
48,Klagenfurt Flughafen,2021,365,92,76,23,0,33.0,true
48,Klagenfurt Flughafen,2022,365,92,95,32,2,36.1,true
48,Klagenfurt Flughafen,2023,365,92,74,21,0,34.0,true
48,Klagenfurt Flughafen,2024,366,92,85,38,0,33.7,true
48,Klagenfurt Flughafen,2025,365,92,83,33,3,37.9,true
48,Klagenfurt Flughafen,2026,242,91,88,49,8,37.3,true
157,Kollerschlag,1947,184,62,33,5,0,31.0,false
157,Kollerschlag,1948,366,92,18,1,0,30.0,true
157,Kollerschlag,1949,365,92,24,2,0,31.0,true
157,Kollerschlag,1950,365,92,34,4,0,34.0,true
157,Kollerschlag,1951,365,92,25,0,0,29.0,true
157,Kollerschlag,1952,366,92,26,7,0,31.7,true
157,Kollerschlag,1953,365,92,20,0,0,29.4,true
157,Kollerschlag,1954,365,92,13,0,0,27.0,true
157,Kollerschlag,1955,365,92,6,0,0,27.0,true
157,Kollerschlag,1956,366,92,10,0,0,26.5,true
157,Kollerschlag,1957,365,92,18,5,0,33.9,true
157,Kollerschlag,1958,365,92,17,0,0,29.9,true
157,Kollerschlag,1959,365,92,12,1,0,30.0,true
157,Kollerschlag,1960,366,92,10,0,0,29.4,true
157,Kollerschlag,1961,365,92,20,0,0,29.5,true
157,Kollerschlag,1962,365,92,20,1,0,30.3,true
157,Kollerschlag,1963,365,92,18,1,0,30.2,true
157,Kollerschlag,1964,366,92,26,1,0,30.0,true
157,Kollerschlag,1965,365,92,14,2,0,31.5,true
157,Kollerschlag,1966,365,92,14,0,0,29.7,true
157,Kollerschlag,1967,365,92,22,1,0,30.2,true
157,Kollerschlag,1968,366,92,15,0,0,28.5,true
157,Kollerschlag,1969,365,92,18,0,0,29.5,true
157,Kollerschlag,1970,365,92,18,0,0,27.5,true
157,Kollerschlag,1971,365,92,27,2,0,32.0,true
157,Kollerschlag,1972,366,92,19,2,0,31.0,true
157,Kollerschlag,1973,365,92,21,0,0,28.5,true
157,Kollerschlag,1974,365,92,12,1,0,31.0,true
157,Kollerschlag,1975,365,92,13,0,0,28.7,true
157,Kollerschlag,1976,366,92,25,1,0,30.6,true
157,Kollerschlag,1977,365,92,15,0,0,28.0,true
157,Kollerschlag,1978,365,92,8,0,0,27.0,true
157,Kollerschlag,1979,365,92,26,0,0,28.5,true
157,Kollerschlag,1980,366,92,12,2,0,31.0,true
157,Kollerschlag,1981,365,92,25,2,0,31.0,true
157,Kollerschlag,1982,365,92,30,0,0,28.0,true
157,Kollerschlag,1983,365,92,42,6,2,35.5,true
157,Kollerschlag,1984,366,92,14,1,0,32.7,true
157,Kollerschlag,1985,365,92,22,2,0,30.5,true
157,Kollerschlag,1986,365,92,25,1,0,30.0,true
157,Kollerschlag,1987,365,92,17,0,0,29.3,true
157,Kollerschlag,1988,366,92,23,2,0,31.0,true
157,Kollerschlag,1989,365,92,14,0,0,29.5,true
157,Kollerschlag,1990,365,92,24,0,0,28.8,true
157,Kollerschlag,1991,365,92,17,0,0,29.9,true
157,Kollerschlag,1992,366,92,33,8,0,33.5,true
157,Kollerschlag,1993,365,92,27,0,0,29.5,true
157,Kollerschlag,1994,365,92,40,11,0,31.5,true
157,Kollerschlag,1995,365,92,32,2,0,31.5,true
157,Kollerschlag,1996,366,92,19,1,0,30.0,true
157,Kollerschlag,1997,365,92,23,0,0,29.6,true
157,Kollerschlag,1998,365,92,31,3,0,32.6,true
157,Kollerschlag,1999,365,92,24,2,0,32.5,true
157,Kollerschlag,2000,321,92,33,6,0,31.5,true
157,Kollerschlag,2001,365,92,33,1,0,31.0,true
157,Kollerschlag,2002,167,0,0,0,0,19.5,false
157,Kollerschlag,2003,365,92,58,13,0,33.1,true
157,Kollerschlag,2004,366,92,26,1,0,30.2,true
157,Kollerschlag,2005,365,92,26,4,0,32.5,true
157,Kollerschlag,2006,365,92,35,7,0,31.5,true
157,Kollerschlag,2007,365,92,31,5,0,31.6,true
157,Kollerschlag,2008,357,83,28,0,0,29.2,false
157,Kollerschlag,2009,365,92,23,1,0,32.3,true
157,Kollerschlag,2010,365,92,26,4,0,30.5,true
157,Kollerschlag,2011,365,92,29,4,0,31.2,true
157,Kollerschlag,2012,366,92,33,2,0,32.3,true
157,Kollerschlag,2013,365,92,28,13,0,33.0,true
157,Kollerschlag,2014,365,92,22,3,0,31.8,true
157,Kollerschlag,2015,365,92,50,18,0,33.2,true
157,Kollerschlag,2016,366,92,26,1,0,30.3,true
157,Kollerschlag,2017,365,92,44,2,0,32.8,true
157,Kollerschlag,2018,365,92,46,4,0,31.4,true
157,Kollerschlag,2019,365,92,42,8,0,32.2,true
157,Kollerschlag,2020,366,92,23,2,0,31.1,true
157,Kollerschlag,2021,365,92,30,0,0,29.7,true
157,Kollerschlag,2022,365,92,36,7,0,31.8,true
157,Kollerschlag,2023,365,92,43,8,0,32.8,true
157,Kollerschlag,2024,366,92,54,6,0,31.8,true
157,Kollerschlag,2025,365,92,34,6,0,31.8,true
157,Kollerschlag,2026,242,91,49,15,0,34.5,true
46,Krems,1936,366,92,34,0,0,29.2,true
46,Krems,1937,365,92,30,0,0,29.2,true
46,Krems,1938,334,92,39,3,0,31.2,true
46,Krems,1939,365,92,32,1,0,31.0,true
46,Krems,1940,366,92,17,0,0,28.2,true
46,Krems,1943,365,92,61,16,4,37.0,true
46,Krems,1944,366,92,50,10,0,31.2,true
46,Krems,1945,365,92,77,19,1,36.5,true
46,Krems,1946,365,92,68,19,1,35.5,true
46,Krems,1947,365,92,90,31,2,35.5,true
46,Krems,1948,366,92,56,8,0,32.0,true
46,Krems,1949,365,92,55,10,0,33.7,true
46,Krems,1950,365,92,69,17,3,37.4,true
46,Krems,1951,365,92,49,4,0,31.6,true
46,Krems,1952,366,92,57,15,1,35.7,true
46,Krems,1953,365,92,57,7,0,32.9,true
46,Krems,1954,365,92,57,9,0,31.0,true
46,Krems,1955,365,92,43,1,0,32.8,true
46,Krems,1956,366,92,53,3,0,32.9,true
46,Krems,1957,365,92,53,10,4,38.0,true
46,Krems,1958,365,92,54,7,0,34.0,true
46,Krems,1959,365,92,43,5,0,33.0,true
46,Krems,1960,366,92,37,4,0,31.4,true
46,Krems,1961,365,92,54,18,0,34.0,true
46,Krems,1962,365,92,58,11,0,33.1,true
46,Krems,1963,365,92,63,17,0,34.5,true
46,Krems,1964,366,92,61,11,0,32.2,true
46,Krems,1965,365,92,36,9,0,32.5,true
46,Krems,1966,365,92,40,6,0,32.0,true
46,Krems,1967,365,92,61,17,0,33.0,true
46,Krems,1968,366,92,47,14,2,35.5,true
46,Krems,1969,365,92,61,11,0,32.6,true
46,Krems,1970,365,92,48,10,0,32.0,true
46,Krems,1971,365,92,63,22,1,36.4,true
46,Krems,1972,366,92,46,14,0,33.5,true
46,Krems,1973,365,92,66,14,0,33.5,true
46,Krems,1974,365,92,48,14,3,36.0,true
46,Krems,1975,365,92,67,2,0,30.4,true
46,Krems,1976,366,92,54,10,0,34.5,true
46,Krems,1977,365,92,60,8,0,31.5,true
46,Krems,1978,365,92,46,1,0,31.0,true
46,Krems,1979,365,92,63,8,0,31.5,true
46,Krems,1980,366,92,36,4,0,31.5,true
46,Krems,1981,365,92,58,12,0,33.1,true
46,Krems,1982,335,92,72,8,0,33.5,true
46,Krems,1983,365,92,72,22,1,36.0,true
46,Krems,1984,366,92,37,9,0,33.5,true
46,Krems,1985,365,92,50,7,0,32.4,true
46,Krems,1986,365,92,66,12,0,33.2,true
46,Krems,1987,365,92,57,7,0,33.3,true
46,Krems,1988,366,92,56,15,1,35.1,true
46,Krems,1989,365,92,46,4,0,32.0,true
46,Krems,1990,365,92,53,12,0,32.3,true
46,Krems,1991,365,92,49,9,0,33.1,true
46,Krems,1992,366,92,64,28,7,36.5,true
46,Krems,1993,365,92,64,13,0,33.4,true
46,Krems,1994,365,92,78,32,2,35.2,true
46,Krems,1995,365,92,64,16,1,35.7,true
46,Krems,1996,366,92,48,4,0,30.8,true
46,Krems,1997,365,92,36,0,0,29.6,true
46,Krems,1998,365,92,64,20,1,36.3,true
46,Krems,1999,365,92,58,8,0,33.0,true
46,Krems,2000,366,92,75,24,2,36.8,true
46,Krems,2001,365,92,67,18,0,34.3,true
46,Krems,2002,365,92,72,16,1,36.1,true
46,Krems,2003,365,92,105,39,2,37.9,true
46,Krems,2004,366,92,58,13,0,32.8,true
46,Krems,2005,365,92,65,12,1,35.3,true
46,Krems,2006,365,92,61,21,0,34.2,true
46,Krems,2007,365,92,82,21,3,36.1,true
46,Krems,2008,366,92,67,8,0,33.0,true
46,Krems,2009,365,92,71,14,0,33.3,true
46,Krems,2010,365,92,57,19,0,34.2,true
46,Krems,2011,365,92,82,21,1,38.2,true
46,Krems,2012,366,92,88,33,2,36.2,true
46,Krems,2013,365,92,65,22,4,37.4,true
46,Krems,2014,365,92,56,11,0,34.2,true
46,Krems,2015,365,92,84,43,17,38.3,true
46,Krems,2016,366,92,85,20,1,36.0,true
46,Krems,2017,365,92,84,38,3,37.6,true
46,Krems,2018,365,92,109,34,2,36.6,true
46,Krems,2019,365,92,90,34,5,38.8,true
46,Krems,2020,366,92,77,18,1,35.0,true
46,Krems,2021,365,92,82,19,0,34.5,true
46,Krems,2022,365,92,84,29,1,35.3,true
46,Krems,2023,365,92,94,36,4,35.7,true
46,Krems,2024,366,92,99,41,0,34.3,true
46,Krems,2025,365,92,83,28,2,36.4,true
46,Krems,2026,242,91,96,51,15,40.2,true
204,Kremsmünster,1876,366,92,19,0,0,28.2,true
204,Kremsmünster,1877,365,92,29,0,0,29.7,true
204,Kremsmünster,1878,365,92,7,0,0,28.0,true
204,Kremsmünster,1879,365,92,25,1,0,30.0,true
204,Kremsmünster,1880,366,92,26,1,0,30.3,true
204,Kremsmünster,1881,365,92,35,7,0,32.0,true
204,Kremsmünster,1882,365,92,19,1,0,30.0,true
204,Kremsmünster,1883,365,92,32,3,0,31.8,true
204,Kremsmünster,1884,366,92,28,5,0,31.4,true
204,Kremsmünster,1885,365,92,36,0,0,29.4,true
204,Kremsmünster,1886,365,92,39,4,0,31.8,true
204,Kremsmünster,1887,365,92,38,0,0,29.9,true
204,Kremsmünster,1888,366,92,23,0,0,28.8,true
204,Kremsmünster,1889,365,92,26,2,0,31.2,true
204,Kremsmünster,1890,365,92,19,0,0,29.2,true
204,Kremsmünster,1891,365,92,18,1,0,31.5,true
204,Kremsmünster,1892,366,92,53,17,3,35.9,true
204,Kremsmünster,1893,365,92,45,6,0,32.4,true
204,Kremsmünster,1894,365,92,33,7,0,33.8,true
204,Kremsmünster,1895,365,92,47,13,0,32.2,true
204,Kremsmünster,1896,366,92,31,4,0,31.8,true
204,Kremsmünster,1897,365,92,40,6,0,33.5,true
204,Kremsmünster,1898,365,92,41,10,0,31.5,true
204,Kremsmünster,1899,365,92,37,4,0,31.6,true
204,Kremsmünster,1900,365,92,51,12,0,33.1,true
204,Kremsmünster,1901,365,92,47,4,0,31.3,true
204,Kremsmünster,1902,365,92,34,7,0,31.5,true
204,Kremsmünster,1903,365,92,35,3,0,31.1,true
204,Kremsmünster,1904,366,92,57,18,0,33.8,true
204,Kremsmünster,1905,365,92,60,15,0,34.5,true
204,Kremsmünster,1906,365,92,41,6,0,34.0,true
204,Kremsmünster,1907,365,92,46,5,0,33.5,true
204,Kremsmünster,1908,366,92,45,9,0,33.3,true
204,Kremsmünster,1909,365,92,8,0,0,27.3,true
204,Kremsmünster,1910,365,92,9,0,0,27.2,true
204,Kremsmünster,1911,365,92,36,4,0,32.0,true
204,Kremsmünster,1912,366,92,6,0,0,27.0,true
204,Kremsmünster,1913,365,92,4,0,0,25.6,true
204,Kremsmünster,1914,365,92,11,0,0,27.4,true
204,Kremsmünster,1915,365,92,15,0,0,29.0,true
204,Kremsmünster,1916,366,92,12,0,0,26.0,true
204,Kremsmünster,1917,365,92,31,1,0,30.8,true
204,Kremsmünster,1918,365,92,11,0,0,29.0,true
204,Kremsmünster,1919,365,92,10,0,0,29.6,true
204,Kremsmünster,1920,366,92,17,0,0,29.4,true
204,Kremsmünster,1921,365,92,35,5,0,31.3,true
204,Kremsmünster,1922,365,92,16,1,0,30.0,true
204,Kremsmünster,1923,365,92,20,0,0,29.8,true
204,Kremsmünster,1924,366,92,10,0,0,28.4,true
204,Kremsmünster,1925,365,92,12,0,0,28.2,true
204,Kremsmünster,1926,365,92,6,0,0,27.4,true
204,Kremsmünster,1927,365,92,18,0,0,29.4,true
204,Kremsmünster,1928,366,92,33,1,0,30.4,true
204,Kremsmünster,1929,365,92,27,0,0,29.8,true
204,Kremsmünster,1930,365,92,21,2,0,31.0,true
204,Kremsmünster,1931,365,92,28,0,0,28.5,true
204,Kremsmünster,1932,366,92,25,0,0,28.6,true
204,Kremsmünster,1933,365,92,16,0,0,29.0,true
204,Kremsmünster,1934,365,92,20,0,0,29.4,true
204,Kremsmünster,1935,365,92,29,2,0,31.2,true
204,Kremsmünster,1936,366,92,15,0,0,28.4,true
204,Kremsmünster,1937,365,92,25,0,0,29.4,true
204,Kremsmünster,1938,365,92,22,0,0,28.8,true
204,Kremsmünster,1939,365,92,17,1,0,30.0,true
204,Kremsmünster,1940,366,92,9,0,0,29.0,true
204,Kremsmünster,1941,365,92,20,0,0,28.5,true
204,Kremsmünster,1942,365,92,27,0,0,28.0,true
204,Kremsmünster,1943,365,92,21,4,0,32.5,true
204,Kremsmünster,1944,366,92,24,0,0,29.5,true
204,Kremsmünster,1945,365,92,38,1,0,31.2,true
204,Kremsmünster,1946,365,92,35,4,0,32.0,true
204,Kremsmünster,1947,365,92,46,6,0,31.1,true
204,Kremsmünster,1948,366,92,10,0,0,27.5,true
204,Kremsmünster,1949,365,92,12,0,0,28.7,true
204,Kremsmünster,1950,365,92,32,5,0,33.3,true
204,Kremsmünster,1951,365,92,24,0,0,29.0,true
204,Kremsmünster,1952,366,92,28,2,0,31.1,true
204,Kremsmünster,1953,365,92,12,0,0,28.4,true
204,Kremsmünster,1954,365,92,15,0,0,26.5,true
204,Kremsmünster,1955,365,92,7,0,0,27.4,true
204,Kremsmünster,1956,366,92,8,0,0,26.5,true
204,Kremsmünster,1957,365,92,22,5,0,33.0,true
204,Kremsmünster,1958,365,92,19,0,0,29.4,true
204,Kremsmünster,1959,365,92,13,0,0,29.3,true
204,Kremsmünster,1960,366,92,12,0,0,26.8,true
204,Kremsmünster,1961,365,92,22,0,0,28.5,true
204,Kremsmünster,1962,365,92,22,0,0,29.0,true
204,Kremsmünster,1963,365,92,21,0,0,29.5,true
204,Kremsmünster,1964,366,92,21,0,0,28.8,true
204,Kremsmünster,1965,365,92,15,0,0,29.3,true
204,Kremsmünster,1966,365,92,18,0,0,28.6,true
204,Kremsmünster,1967,365,92,29,1,0,30.7,true
204,Kremsmünster,1968,366,92,22,1,0,30.1,true
204,Kremsmünster,1969,365,92,25,0,0,29.8,true
204,Kremsmünster,1970,365,92,25,0,0,29.4,true
204,Kremsmünster,1971,365,92,33,2,0,31.9,true
204,Kremsmünster,1972,366,92,23,1,0,30.1,true
204,Kremsmünster,1973,365,92,28,5,0,31.0,true
204,Kremsmünster,1974,365,92,22,4,0,33.1,true
204,Kremsmünster,1975,365,92,23,0,0,27.1,true
204,Kremsmünster,1976,366,92,30,3,0,30.7,true
204,Kremsmünster,1977,365,92,25,0,0,28.9,true
204,Kremsmünster,1978,365,92,10,0,0,27.8,true
204,Kremsmünster,1979,365,92,27,0,0,28.4,true
204,Kremsmünster,1980,366,92,11,0,0,28.6,true
204,Kremsmünster,1981,365,92,30,1,0,30.1,true
204,Kremsmünster,1982,365,92,26,0,0,28.6,true
204,Kremsmünster,1983,365,92,52,6,0,34.3,true
204,Kremsmünster,1984,366,92,17,1,0,31.5,true
204,Kremsmünster,1985,365,92,30,2,0,30.4,true
204,Kremsmünster,1986,365,92,41,2,0,30.9,true
204,Kremsmünster,1987,365,92,26,0,0,29.6,true
204,Kremsmünster,1988,366,92,31,2,0,33.0,true
204,Kremsmünster,1989,365,92,31,1,0,32.9,true
204,Kremsmünster,1990,365,92,38,0,0,29.5,true
204,Kremsmünster,1991,365,92,29,1,0,31.1,true
204,Kremsmünster,1992,366,92,47,15,0,33.2,true
204,Kremsmünster,1993,365,92,35,1,0,30.5,true
204,Kremsmünster,1994,365,92,55,15,0,31.9,true
204,Kremsmünster,1995,365,92,44,6,0,33.0,true
204,Kremsmünster,1996,366,92,28,0,0,29.5,true
204,Kremsmünster,1997,365,92,42,1,0,31.3,true
204,Kremsmünster,1998,365,92,50,6,0,33.2,true
204,Kremsmünster,1999,365,92,34,2,0,32.2,true
204,Kremsmünster,2000,366,92,51,7,0,32.1,true
204,Kremsmünster,2001,365,92,44,5,0,31.6,true
204,Kremsmünster,2002,365,92,47,8,0,31.9,true
204,Kremsmünster,2003,365,92,69,18,0,33.5,true
204,Kremsmünster,2004,366,92,34,0,0,29.0,true
204,Kremsmünster,2005,365,92,33,3,0,32.4,true
204,Kremsmünster,2006,365,92,44,7,0,32.4,true
204,Kremsmünster,2007,365,92,53,6,0,32.3,true
204,Kremsmünster,2008,366,92,51,3,0,30.8,true
204,Kremsmünster,2009,365,92,55,8,0,34.9,true
204,Kremsmünster,2010,365,92,44,17,0,32.8,true
204,Kremsmünster,2011,365,92,64,11,1,36.4,true
204,Kremsmünster,2012,366,92,63,15,1,35.0,true
204,Kremsmünster,2013,365,92,62,24,5,36.3,true
204,Kremsmünster,2014,365,92,48,9,0,34.1,true
204,Kremsmünster,2015,365,92,67,38,8,36.3,true
204,Kremsmünster,2016,366,92,67,8,0,33.6,true
204,Kremsmünster,2017,365,92,67,22,1,35.0,true
204,Kremsmünster,2018,365,92,94,29,1,35.7,true
204,Kremsmünster,2019,365,92,73,20,5,36.0,true
204,Kremsmünster,2020,366,92,62,14,0,33.1,true
204,Kremsmünster,2021,365,92,63,11,0,33.1,true
204,Kremsmünster,2022,365,92,76,17,0,34.8,true
204,Kremsmünster,2023,365,92,72,26,0,34.5,true
204,Kremsmünster,2024,366,92,85,32,0,33.6,true
204,Kremsmünster,2025,365,92,69,17,0,33.0,true
204,Kremsmünster,2026,242,91,78,38,8,38.7,true
47,Krimml,1953,200,78,19,0,0,29.5,false
47,Krimml,1954,365,92,11,0,0,27.6,true
47,Krimml,1955,365,92,3,0,0,27.5,true
47,Krimml,1956,366,92,12,0,0,29.4,true
47,Krimml,1957,365,92,18,4,0,32.0,true
47,Krimml,1958,365,92,16,0,0,29.0,true
47,Krimml,1959,365,92,8,0,0,28.3,true
47,Krimml,1960,366,92,12,0,0,29.8,true
47,Krimml,1961,365,92,19,0,0,29.2,true
47,Krimml,1962,365,92,17,1,0,30.0,true
47,Krimml,1963,365,92,16,0,0,29.0,true
47,Krimml,1964,366,92,18,0,0,28.2,true
47,Krimml,1965,365,92,16,0,0,29.2,true
47,Krimml,1966,365,92,12,0,0,29.5,true
47,Krimml,1967,365,92,22,0,0,29.2,true
47,Krimml,1968,366,92,12,0,0,29.4,true
47,Krimml,1969,365,92,12,0,0,29.2,true
47,Krimml,1970,365,92,17,0,0,27.8,true
47,Krimml,1971,365,92,21,2,0,30.5,true
47,Krimml,1972,366,92,13,1,0,30.8,true
47,Krimml,1973,365,92,19,0,0,28.2,true
47,Krimml,1974,365,92,11,0,0,29.6,true
47,Krimml,1975,365,92,7,0,0,29.0,true
47,Krimml,1976,366,92,10,0,0,28.8,true
47,Krimml,1977,365,92,5,0,0,29.0,true
47,Krimml,1978,365,92,3,0,0,25.8,true
47,Krimml,1979,273,92,14,0,0,28.8,true
47,Krimml,1983,45,0,0,0,0,12.1,false
47,Krimml,1984,357,92,11,3,0,32.5,true
47,Krimml,1985,365,92,24,0,0,29.2,true
47,Krimml,1986,365,92,22,0,0,29.4,true
47,Krimml,1987,365,92,22,0,0,29.4,true
47,Krimml,1988,366,92,21,1,0,30.1,true
47,Krimml,1989,365,92,11,0,0,29.4,true
47,Krimml,1990,365,92,29,1,0,30.0,true
47,Krimml,1991,365,92,18,1,0,30.1,true
47,Krimml,1992,366,92,31,5,0,32.4,true
47,Krimml,1993,365,92,22,1,0,30.5,true
47,Krimml,1994,365,92,41,2,0,30.5,true
47,Krimml,1995,365,92,24,2,1,35.0,true
47,Krimml,1996,366,92,19,0,0,29.9,true
47,Krimml,1997,365,92,19,0,0,26.3,true
47,Krimml,1998,365,92,31,2,0,31.1,true
47,Krimml,1999,365,92,20,1,0,30.3,true
47,Krimml,2000,366,92,35,2,0,30.2,true
47,Krimml,2001,365,92,26,1,0,31.0,true
47,Krimml,2002,365,92,29,4,0,32.0,true
47,Krimml,2003,365,92,54,7,0,32.5,true
47,Krimml,2004,366,92,25,0,0,29.2,true
47,Krimml,2005,365,92,27,2,0,33.1,true
47,Krimml,2006,365,92,42,1,0,30.4,true
47,Krimml,2007,365,92,32,5,0,32.6,true
47,Krimml,2008,366,92,30,1,0,31.4,true
47,Krimml,2009,365,92,36,1,0,30.9,true
47,Krimml,2010,365,92,34,6,0,31.3,true
47,Krimml,2011,365,92,32,6,0,31.9,true
47,Krimml,2012,366,92,41,6,0,32.2,true
47,Krimml,2013,365,92,39,13,0,33.2,true
47,Krimml,2014,365,92,18,4,0,31.3,true
47,Krimml,2015,365,92,49,10,0,32.2,true
47,Krimml,2016,366,92,31,4,0,31.2,true
47,Krimml,2017,365,92,44,2,0,32.2,true
47,Krimml,2018,365,92,39,0,0,29.9,true
47,Krimml,2019,365,92,43,9,1,35.0,true
47,Krimml,2020,366,92,33,1,0,31.4,true
47,Krimml,2021,365,92,34,3,0,30.7,true
47,Krimml,2022,365,92,39,7,0,32.2,true
47,Krimml,2023,365,92,45,9,0,32.0,true
47,Krimml,2024,366,92,48,8,0,31.4,true
47,Krimml,2025,365,92,43,6,0,31.8,true
47,Krimml,2026,242,91,53,15,0,33.9,true
142,Kufstein,1937,38,0,0,0,0,6.6,false
142,Kufstein,1938,327,92,48,6,0,32.0,true
142,Kufstein,1939,365,92,47,3,0,30.5,true
142,Kufstein,1940,366,92,33,1,0,30.0,true
142,Kufstein,1941,365,92,38,5,0,33.0,true
142,Kufstein,1942,365,92,53,5,0,31.0,true
142,Kufstein,1943,120,0,2,0,0,26.0,false
142,Kufstein,1945,75,0,0,0,0,22.0,false
142,Kufstein,1946,360,87,40,9,0,33.2,false
142,Kufstein,1947,365,92,66,26,1,35.0,true
142,Kufstein,1948,366,92,38,1,0,32.3,true
142,Kufstein,1949,365,92,46,5,0,32.9,true
142,Kufstein,1950,365,92,55,14,0,33.4,true
142,Kufstein,1951,365,92,42,3,0,32.0,true
142,Kufstein,1952,366,92,48,10,0,34.0,true
142,Kufstein,1953,365,92,40,4,0,33.8,true
142,Kufstein,1954,365,92,24,1,0,30.0,true
142,Kufstein,1955,365,92,23,0,0,29.8,true
142,Kufstein,1956,366,92,33,0,0,28.9,true
142,Kufstein,1957,365,92,30,8,0,34.7,true
142,Kufstein,1958,365,92,43,5,0,32.1,true
142,Kufstein,1959,365,92,36,3,0,30.7,true
142,Kufstein,1960,366,92,27,1,0,30.5,true
142,Kufstein,1961,365,92,40,0,0,29.9,true
142,Kufstein,1962,365,92,37,2,0,32.4,true
142,Kufstein,1963,365,92,30,4,0,31.7,true
142,Kufstein,1964,366,92,37,4,0,30.2,true
142,Kufstein,1965,365,92,24,4,0,34.3,true
142,Kufstein,1966,365,92,27,1,0,30.7,true
142,Kufstein,1967,365,92,37,4,1,35.2,true
142,Kufstein,1968,366,92,30,1,0,30.2,true
142,Kufstein,1969,365,92,37,3,0,30.8,true
142,Kufstein,1970,365,92,39,1,0,30.8,true
142,Kufstein,1971,365,92,40,7,0,31.7,true
142,Kufstein,1972,366,92,30,4,0,34.8,true
142,Kufstein,1973,365,92,38,3,0,30.4,true
142,Kufstein,1974,365,92,28,6,0,32.9,true
142,Kufstein,1975,365,92,40,0,0,29.6,true
142,Kufstein,1976,366,92,39,3,0,31.8,true
142,Kufstein,1977,365,92,31,2,0,32.3,true
142,Kufstein,1978,365,92,26,0,0,29.4,true
142,Kufstein,1979,365,92,35,2,0,30.6,true
142,Kufstein,1980,366,92,24,3,0,34.8,true
142,Kufstein,1981,365,92,40,3,0,30.7,true
142,Kufstein,1982,365,92,43,2,0,30.7,true
142,Kufstein,1983,365,92,54,9,1,35.5,true
142,Kufstein,1984,366,92,19,3,1,36.0,true
142,Kufstein,1985,365,92,37,4,0,32.5,true
142,Kufstein,1986,365,92,51,3,0,31.3,true
142,Kufstein,1987,365,92,41,2,0,30.8,true
142,Kufstein,1988,366,92,38,2,0,32.8,true
142,Kufstein,1989,365,92,26,1,0,32.0,true
142,Kufstein,1990,365,92,41,4,0,30.8,true
142,Kufstein,1991,365,92,40,4,0,32.9,true
142,Kufstein,1992,366,92,62,17,0,33.7,true
142,Kufstein,1993,365,92,44,5,0,30.6,true
142,Kufstein,1994,365,92,60,18,0,33.7,true
142,Kufstein,1995,365,92,44,9,0,34.8,true
142,Kufstein,1996,366,92,44,3,0,31.6,true
142,Kufstein,1997,365,92,47,2,0,30.2,true
142,Kufstein,1998,365,92,51,10,0,33.7,true
142,Kufstein,1999,365,92,46,4,0,34.8,true
142,Kufstein,2000,366,92,58,9,0,32.9,true
142,Kufstein,2001,365,92,51,13,0,31.8,true
142,Kufstein,2002,365,92,56,11,1,35.0,true
142,Kufstein,2003,365,92,94,32,1,36.9,true
142,Kufstein,2004,366,92,54,6,0,31.3,true
142,Kufstein,2005,365,92,52,14,0,33.3,true
142,Kufstein,2006,365,92,56,22,0,34.2,true
142,Kufstein,2007,365,92,64,11,1,36.4,true
142,Kufstein,2008,366,92,66,13,0,33.9,true
142,Kufstein,2009,365,92,49,4,1,35.7,true
142,Kufstein,2010,365,92,47,11,0,32.5,true
142,Kufstein,2011,365,92,59,9,0,34.6,true
142,Kufstein,2012,366,92,60,12,0,33.8,true
142,Kufstein,2013,365,92,51,17,5,36.8,true
142,Kufstein,2014,365,92,40,9,0,33.0,true
142,Kufstein,2015,365,92,61,33,1,36.1,true
142,Kufstein,2016,366,92,61,8,0,32.1,true
142,Kufstein,2017,365,92,67,13,1,36.2,true
142,Kufstein,2018,365,92,80,18,0,34.0,true
142,Kufstein,2019,365,92,63,17,2,36.0,true
142,Kufstein,2020,366,92,56,7,0,32.8,true
142,Kufstein,2021,365,92,51,8,0,33.2,true
142,Kufstein,2022,365,92,67,17,0,34.6,true
142,Kufstein,2023,365,92,66,21,1,36.5,true
142,Kufstein,2024,366,92,74,11,0,34.0,true
142,Kufstein,2025,365,92,62,17,0,33.6,true
142,Kufstein,2026,242,91,76,35,5,37.0,true
152,Laa an der Thaya Kläranlage,1952,366,92,73,24,3,37.0,true
152,Laa an der Thaya Kläranlage,1953,365,92,69,10,0,32.2,true
152,Laa an der Thaya Kläranlage,1954,365,92,54,9,0,31.5,true
152,Laa an der Thaya Kläranlage,1955,365,92,49,2,0,30.5,true
152,Laa an der Thaya Kläranlage,1956,366,92,71,13,0,33.3,true
152,Laa an der Thaya Kläranlage,1957,365,92,63,14,5,39.2,true
152,Laa an der Thaya Kläranlage,1958,365,92,57,12,0,33.4,true
152,Laa an der Thaya Kläranlage,1959,365,92,55,6,0,33.2,true
152,Laa an der Thaya Kläranlage,1960,366,92,42,3,0,32.2,true
152,Laa an der Thaya Kläranlage,1961,365,92,55,19,0,34.0,true
152,Laa an der Thaya Kläranlage,1962,365,92,58,16,0,33.5,true
152,Laa an der Thaya Kläranlage,1963,365,92,68,17,0,34.4,true
152,Laa an der Thaya Kläranlage,1964,366,92,64,20,0,33.5,true
152,Laa an der Thaya Kläranlage,1965,365,92,35,8,0,32.5,true
152,Laa an der Thaya Kläranlage,1966,365,92,51,5,0,32.6,true
152,Laa an der Thaya Kläranlage,1967,365,92,63,21,0,34.5,true
152,Laa an der Thaya Kläranlage,1968,366,92,47,10,0,34.2,true
152,Laa an der Thaya Kläranlage,1969,365,92,60,9,1,35.0,true
152,Laa an der Thaya Kläranlage,1970,365,92,46,7,0,32.0,true
152,Laa an der Thaya Kläranlage,1971,365,92,61,21,1,36.4,true
152,Laa an der Thaya Kläranlage,1972,366,92,47,15,0,32.8,true
152,Laa an der Thaya Kläranlage,1973,365,92,79,17,0,33.6,true
152,Laa an der Thaya Kläranlage,1974,365,92,47,12,2,36.2,true
152,Laa an der Thaya Kläranlage,1975,365,92,75,9,0,31.5,true
152,Laa an der Thaya Kläranlage,1976,366,92,73,17,1,35.2,true
152,Laa an der Thaya Kläranlage,1977,365,92,68,8,0,32.0,true
152,Laa an der Thaya Kläranlage,1978,365,92,44,3,0,31.2,true
152,Laa an der Thaya Kläranlage,1979,365,92,63,7,0,32.6,true
152,Laa an der Thaya Kläranlage,1980,366,92,32,3,0,31.2,true
152,Laa an der Thaya Kläranlage,1981,365,92,58,17,0,33.2,true
152,Laa an der Thaya Kläranlage,1982,365,92,74,4,0,32.8,true
152,Laa an der Thaya Kläranlage,1983,365,92,78,23,1,36.0,true
152,Laa an der Thaya Kläranlage,1984,366,92,36,7,0,34.0,true
152,Laa an der Thaya Kläranlage,1985,365,92,58,7,0,32.7,true
152,Laa an der Thaya Kläranlage,1986,365,92,63,11,0,33.1,true
152,Laa an der Thaya Kläranlage,1987,365,92,49,5,0,32.7,true
152,Laa an der Thaya Kläranlage,1988,366,92,56,16,2,36.5,true
152,Laa an der Thaya Kläranlage,1989,365,92,51,7,0,33.0,true
152,Laa an der Thaya Kläranlage,1990,365,92,53,12,0,33.0,true
152,Laa an der Thaya Kläranlage,1991,365,92,56,11,0,33.8,true
152,Laa an der Thaya Kläranlage,1992,366,92,77,28,5,36.6,true
152,Laa an der Thaya Kläranlage,1993,365,92,73,15,0,33.6,true
152,Laa an der Thaya Kläranlage,1994,365,92,75,33,2,35.5,true
152,Laa an der Thaya Kläranlage,1995,365,92,70,21,0,34.7,true
152,Laa an der Thaya Kläranlage,1996,366,92,47,6,0,31.5,true
152,Laa an der Thaya Kläranlage,1997,365,92,69,5,0,32.2,true
152,Laa an der Thaya Kläranlage,1998,365,92,63,23,1,36.5,true
152,Laa an der Thaya Kläranlage,1999,365,92,68,10,0,34.7,true
152,Laa an der Thaya Kläranlage,2000,366,92,77,25,2,37.0,true
152,Laa an der Thaya Kläranlage,2001,365,92,65,20,1,35.3,true
152,Laa an der Thaya Kläranlage,2002,365,92,73,14,0,34.5,true
152,Laa an der Thaya Kläranlage,2003,365,92,102,43,2,38.0,true
152,Laa an der Thaya Kläranlage,2004,366,92,58,13,0,33.0,true
152,Laa an der Thaya Kläranlage,2005,365,92,69,11,1,35.6,true
152,Laa an der Thaya Kläranlage,2006,365,92,62,25,1,35.1,true
152,Laa an der Thaya Kläranlage,2007,365,92,83,32,4,37.3,true
152,Laa an der Thaya Kläranlage,2008,366,92,77,15,0,33.2,true
152,Laa an der Thaya Kläranlage,2009,365,92,71,14,0,33.8,true
152,Laa an der Thaya Kläranlage,2010,365,92,57,16,0,34.6,true
152,Laa an der Thaya Kläranlage,2011,365,92,81,19,1,35.2,true
152,Laa an der Thaya Kläranlage,2012,366,92,96,34,1,37.5,true
152,Laa an der Thaya Kläranlage,2013,365,92,64,25,7,38.7,true
152,Laa an der Thaya Kläranlage,2014,365,92,67,19,1,35.1,true
152,Laa an der Thaya Kläranlage,2015,365,92,75,45,19,37.3,true
152,Laa an der Thaya Kläranlage,2016,366,92,88,15,1,35.0,true
152,Laa an der Thaya Kläranlage,2017,365,92,86,35,2,37.7,true
152,Laa an der Thaya Kläranlage,2018,365,92,109,33,1,35.3,true
152,Laa an der Thaya Kläranlage,2019,365,92,87,34,3,37.3,true
152,Laa an der Thaya Kläranlage,2020,366,92,75,24,1,36.1,true
152,Laa an der Thaya Kläranlage,2021,365,92,82,22,1,35.6,true
152,Laa an der Thaya Kläranlage,2022,365,92,85,30,3,36.4,true
152,Laa an der Thaya Kläranlage,2023,365,92,90,33,3,35.9,true
152,Laa an der Thaya Kläranlage,2024,366,92,100,46,4,35.4,true
152,Laa an der Thaya Kläranlage,2025,365,92,80,29,3,36.1,true
152,Laa an der Thaya Kläranlage,2026,242,91,93,45,14,40.0,true
50,Landeck,1946,334,92,32,6,0,33.0,true
50,Landeck,1947,365,92,65,17,0,34.3,true
50,Landeck,1948,366,92,35,2,0,30.5,true
50,Landeck,1949,365,92,52,12,0,33.4,true
50,Landeck,1950,365,92,72,22,0,34.6,true
50,Landeck,1951,365,92,58,16,0,33.0,true
50,Landeck,1952,366,92,66,19,6,37.9,true
50,Landeck,1953,365,92,52,17,0,33.0,true
50,Landeck,1954,365,92,41,4,0,31.4,true
50,Landeck,1955,365,92,40,4,0,33.5,true
50,Landeck,1956,366,92,44,8,0,33.0,true
50,Landeck,1957,365,92,36,11,4,36.4,true
50,Landeck,1958,365,92,67,9,0,34.2,true
50,Landeck,1959,365,92,52,7,0,33.0,true
50,Landeck,1960,366,92,37,6,0,32.4,true
50,Landeck,1961,365,92,66,23,0,33.1,true
50,Landeck,1962,365,92,56,15,1,35.8,true
50,Landeck,1963,365,92,49,10,0,34.8,true
50,Landeck,1964,366,92,59,17,0,33.3,true
50,Landeck,1965,365,92,33,11,0,34.2,true
50,Landeck,1966,365,92,44,7,0,32.3,true
50,Landeck,1967,365,92,52,13,0,32.7,true
50,Landeck,1968,366,92,45,10,0,34.0,true
50,Landeck,1969,365,92,61,11,0,34.1,true
50,Landeck,1970,365,92,48,14,0,33.1,true
50,Landeck,1971,365,92,52,15,0,33.0,true
50,Landeck,1972,366,92,42,11,0,34.5,true
50,Landeck,1973,365,92,59,16,0,33.0,true
50,Landeck,1974,365,92,54,11,0,33.8,true
50,Landeck,1975,365,92,56,7,0,33.5,true
50,Landeck,1976,366,92,59,18,0,33.9,true
50,Landeck,1977,365,92,42,5,0,32.6,true
50,Landeck,1978,365,92,48,1,0,30.1,true
50,Landeck,1979,365,92,53,5,0,31.6,true
50,Landeck,1980,366,92,38,9,0,32.9,true
50,Landeck,1981,365,92,48,14,0,31.8,true
50,Landeck,1982,365,92,63,12,0,32.2,true
50,Landeck,1983,365,92,63,14,5,37.2,true
50,Landeck,1984,366,92,43,11,1,36.0,true
50,Landeck,1985,365,92,68,14,0,34.0,true
50,Landeck,1986,365,92,60,5,0,32.1,true
50,Landeck,1987,365,92,50,10,0,32.8,true
50,Landeck,1988,366,92,45,10,0,32.5,true
50,Landeck,1989,365,92,38,3,0,31.7,true
50,Landeck,1990,365,92,53,9,0,32.7,true
50,Landeck,1991,365,92,68,16,0,32.8,true
50,Landeck,1992,366,92,66,21,1,35.5,true
50,Landeck,1993,365,92,49,6,0,32.2,true
50,Landeck,1994,365,92,59,16,0,33.7,true
50,Landeck,1995,365,92,41,8,0,32.3,true
50,Landeck,1996,366,92,36,4,0,30.8,true
50,Landeck,1997,365,92,44,1,0,30.5,true
50,Landeck,1998,365,92,52,11,0,33.6,true
50,Landeck,1999,365,92,38,3,0,31.2,true
50,Landeck,2000,366,92,46,5,0,31.5,true
50,Landeck,2001,365,92,43,7,0,32.1,true
50,Landeck,2002,365,92,45,9,0,33.3,true
50,Landeck,2003,365,92,86,33,2,35.8,true
50,Landeck,2004,366,92,48,7,0,31.7,true
50,Landeck,2005,365,92,50,13,0,34.6,true
50,Landeck,2006,365,92,59,20,0,33.2,true
50,Landeck,2007,365,92,52,8,0,32.8,true
50,Landeck,2008,366,92,52,6,0,31.8,true
50,Landeck,2009,365,92,57,10,0,32.9,true
50,Landeck,2010,365,92,53,21,3,36.1,true
50,Landeck,2011,365,92,77,18,0,34.0,true
50,Landeck,2012,366,92,73,19,1,35.6,true
50,Landeck,2013,365,92,66,21,3,35.6,true
50,Landeck,2014,365,92,35,9,0,33.9,true
50,Landeck,2015,365,92,71,33,2,35.5,true
50,Landeck,2016,366,92,60,14,0,33.6,true
50,Landeck,2017,365,92,73,24,0,34.7,true
50,Landeck,2018,365,92,94,36,1,35.3,true
50,Landeck,2019,365,92,70,25,6,37.2,true
50,Landeck,2020,366,92,64,14,0,34.3,true
50,Landeck,2021,365,92,60,15,0,33.2,true
50,Landeck,2022,365,92,87,28,0,34.8,true
50,Landeck,2023,365,92,76,26,1,35.7,true
50,Landeck,2024,366,92,73,21,0,34.3,true
50,Landeck,2025,365,92,63,25,0,34.3,true
50,Landeck,2026,242,91,80,36,6,37.7,true
51,Langenlebarn,1963,365,92,61,15,0,34.6,true
51,Langenlebarn,1964,366,92,59,13,0,33.6,true
51,Langenlebarn,1965,365,92,34,9,0,33.0,true
51,Langenlebarn,1966,365,92,47,5,0,32.3,true
51,Langenlebarn,1967,365,92,64,18,0,34.0,true
51,Langenlebarn,1968,366,92,53,11,0,34.4,true
51,Langenlebarn,1969,365,92,60,10,0,33.2,true
51,Langenlebarn,1970,365,92,52,7,0,32.0,true
51,Langenlebarn,1971,365,92,66,22,1,36.7,true
51,Langenlebarn,1972,366,92,41,11,0,32.6,true
51,Langenlebarn,1973,365,92,60,11,0,33.5,true
51,Langenlebarn,1974,365,92,48,11,1,36.9,true
51,Langenlebarn,1975,364,91,61,2,0,30.0,false
51,Langenlebarn,1976,364,92,45,8,0,34.3,true
51,Langenlebarn,1977,364,92,56,3,0,31.2,true
51,Langenlebarn,1978,365,92,39,2,0,30.7,true
51,Langenlebarn,1979,364,92,59,6,0,31.9,true
51,Langenlebarn,1980,366,92,32,4,0,30.9,true
51,Langenlebarn,1981,365,92,59,12,0,32.8,true
51,Langenlebarn,1982,365,92,69,8,0,33.2,true
51,Langenlebarn,1983,365,92,76,22,1,37.2,true
51,Langenlebarn,1984,366,92,40,7,0,33.8,true
51,Langenlebarn,1985,365,92,51,6,0,32.4,true
51,Langenlebarn,1986,365,92,64,11,0,32.9,true
51,Langenlebarn,1987,365,92,55,5,0,32.6,true
51,Langenlebarn,1988,366,92,55,14,1,35.0,true
51,Langenlebarn,1989,365,92,49,5,0,32.1,true
51,Langenlebarn,1990,365,92,56,12,0,33.3,true
51,Langenlebarn,1991,365,92,56,10,0,34.1,true
51,Langenlebarn,1992,366,92,75,31,8,37.8,true
51,Langenlebarn,1993,365,92,67,20,0,33.9,true
51,Langenlebarn,1994,365,92,87,35,5,35.5,true
51,Langenlebarn,1995,365,92,68,23,1,35.5,true
51,Langenlebarn,1996,366,92,49,8,0,31.4,true
51,Langenlebarn,1997,365,92,65,4,0,31.9,true
51,Langenlebarn,1998,365,92,65,24,2,36.9,true
51,Langenlebarn,1999,365,92,60,10,1,35.0,true
51,Langenlebarn,2000,366,92,83,29,4,37.2,true
51,Langenlebarn,2001,365,92,68,24,1,36.2,true
51,Langenlebarn,2002,365,92,77,15,1,35.1,true
51,Langenlebarn,2003,365,92,109,44,5,37.4,true
51,Langenlebarn,2004,366,92,60,14,0,33.7,true
51,Langenlebarn,2005,365,92,70,11,1,35.4,true
51,Langenlebarn,2006,365,92,63,26,3,36.8,true
51,Langenlebarn,2007,365,92,86,33,7,36.9,true
51,Langenlebarn,2008,366,92,79,13,0,32.2,true
51,Langenlebarn,2009,365,92,83,17,0,33.4,true
51,Langenlebarn,2010,365,92,61,23,0,34.6,true
51,Langenlebarn,2011,365,92,83,19,2,36.2,true
51,Langenlebarn,2012,366,92,89,32,1,37.4,true
51,Langenlebarn,2013,365,92,68,25,8,38.9,true
51,Langenlebarn,2014,365,92,64,18,0,34.4,true
51,Langenlebarn,2015,365,92,85,49,18,38.3,true
51,Langenlebarn,2016,366,92,94,21,1,35.9,true
51,Langenlebarn,2017,365,92,90,40,2,37.3,true
51,Langenlebarn,2018,365,92,114,41,2,36.1,true
51,Langenlebarn,2019,365,92,89,42,6,38.6,true
51,Langenlebarn,2020,366,92,85,22,1,35.1,true
51,Langenlebarn,2021,365,92,83,24,2,36.8,true
51,Langenlebarn,2022,365,92,95,37,6,37.1,true
51,Langenlebarn,2023,365,92,101,41,7,36.6,true
51,Langenlebarn,2024,366,92,104,49,8,36.3,true
51,Langenlebarn,2025,365,92,82,27,3,36.9,true
51,Langenlebarn,2026,242,91,92,54,19,40.7,true
52,Langenlois,1965,365,92,38,9,0,33.0,true
52,Langenlois,1966,334,61,31,3,0,32.0,false
52,Langenlois,1967,365,92,58,15,0,33.0,true
52,Langenlois,1968,366,92,47,12,0,34.0,true
52,Langenlois,1969,365,92,63,10,0,33.4,true
52,Langenlois,1970,365,92,47,7,0,32.5,true
52,Langenlois,1971,365,92,63,21,1,36.5,true
52,Langenlois,1972,366,92,45,14,0,33.5,true
52,Langenlois,1973,365,92,68,12,0,33.2,true
52,Langenlois,1974,365,92,51,11,1,36.0,true
52,Langenlois,1975,365,92,69,2,0,30.6,true
52,Langenlois,1976,366,92,50,15,0,34.0,true
52,Langenlois,1977,365,92,53,5,0,31.6,true
52,Langenlois,1978,365,92,37,2,0,30.4,true
52,Langenlois,1979,365,92,51,3,0,31.6,true
52,Langenlois,1980,366,92,29,3,0,30.7,true
52,Langenlois,1981,365,92,53,14,0,33.7,true
52,Langenlois,1982,365,92,63,5,0,34.2,true
52,Langenlois,1983,365,92,73,22,2,35.0,true
52,Langenlois,1984,366,92,37,8,0,34.0,true
52,Langenlois,1985,365,92,55,9,0,33.0,true
52,Langenlois,1986,365,92,60,12,0,32.2,true
52,Langenlois,1987,365,92,53,5,0,32.0,true
52,Langenlois,1988,366,92,52,16,1,35.6,true
52,Langenlois,1989,365,92,60,7,0,32.2,true
52,Langenlois,1990,365,92,53,12,0,32.4,true
52,Langenlois,1991,365,92,54,8,0,32.6,true
52,Langenlois,1992,366,92,71,27,5,36.5,true
52,Langenlois,1993,365,92,65,13,0,33.6,true
52,Langenlois,1994,365,92,77,29,1,35.1,true
52,Langenlois,1995,365,92,66,16,1,35.5,true
52,Langenlois,1996,366,92,46,4,0,31.8,true
52,Langenlois,1997,365,92,67,2,0,31.2,true
52,Langenlois,1998,365,92,65,23,1,36.0,true
52,Langenlois,1999,365,92,63,9,0,32.9,true
52,Langenlois,2000,366,92,71,24,1,36.4,true
52,Langenlois,2001,365,92,68,18,0,34.9,true
52,Langenlois,2002,365,92,74,17,1,36.0,true
52,Langenlois,2003,365,92,102,41,3,38.3,true
52,Langenlois,2004,366,92,56,13,0,33.1,true
52,Langenlois,2005,365,92,70,10,1,35.7,true
52,Langenlois,2006,365,92,58,22,0,34.4,true
52,Langenlois,2007,365,92,80,26,3,37.1,true
52,Langenlois,2008,366,92,76,12,0,33.1,true
52,Langenlois,2009,365,92,75,15,0,33.6,true
52,Langenlois,2010,365,92,54,22,0,34.3,true
52,Langenlois,2011,365,92,86,20,2,38.1,true
52,Langenlois,2012,366,92,89,35,2,36.6,true
52,Langenlois,2013,365,92,69,26,5,37.3,true
52,Langenlois,2014,365,92,60,12,0,34.2,true
52,Langenlois,2015,365,92,83,44,14,37.4,true
52,Langenlois,2016,366,92,84,13,1,35.0,true
52,Langenlois,2017,365,92,87,33,2,36.3,true
52,Langenlois,2018,365,92,113,34,2,36.3,true
52,Langenlois,2019,365,92,90,35,4,37.5,true
52,Langenlois,2020,366,92,76,21,1,35.4,true
52,Langenlois,2021,365,92,84,21,0,34.5,true
52,Langenlois,2022,365,92,90,29,1,35.1,true
52,Langenlois,2023,365,92,97,32,4,35.4,true
52,Langenlois,2024,366,92,103,45,0,34.6,true
52,Langenlois,2025,365,92,82,26,1,36.0,true
52,Langenlois,2026,242,91,97,48,15,40.2,true
67,Leiser Berge,1948,366,92,39,2,0,31.0,true
67,Leiser Berge,1949,365,92,42,6,0,32.2,true
67,Leiser Berge,1950,365,92,58,10,3,35.4,true
67,Leiser Berge,1951,365,92,48,2,0,31.8,true
67,Leiser Berge,1952,366,92,50,14,2,36.0,true
67,Leiser Berge,1953,365,92,46,5,0,30.8,true
67,Leiser Berge,1954,365,92,38,0,0,29.8,true
67,Leiser Berge,1955,365,92,29,0,0,29.8,true
67,Leiser Berge,1956,366,92,30,1,0,30.8,true
67,Leiser Berge,1957,365,92,36,9,2,36.8,true
67,Leiser Berge,1958,365,92,41,7,0,31.2,true
67,Leiser Berge,1959,365,92,21,1,0,30.4,true
67,Leiser Berge,1960,366,92,20,0,0,29.6,true
67,Leiser Berge,1961,365,92,41,4,0,32.6,true
67,Leiser Berge,1962,365,92,38,2,0,30.4,true
67,Leiser Berge,1963,365,92,26,7,0,32.4,true
67,Leiser Berge,1964,366,92,46,3,0,31.8,true
67,Leiser Berge,1965,365,92,20,2,0,30.8,true
67,Leiser Berge,1966,365,92,21,1,0,30.0,true
67,Leiser Berge,1967,365,92,42,8,0,32.6,true
67,Leiser Berge,1968,366,92,33,6,0,32.8,true
67,Leiser Berge,1969,365,92,39,4,0,32.0,true
67,Leiser Berge,1970,365,92,36,2,0,30.2,true
67,Leiser Berge,1971,365,92,42,9,0,34.6,true
67,Leiser Berge,1972,366,92,28,3,0,30.6,true
67,Leiser Berge,1973,365,92,40,3,0,31.2,true
67,Leiser Berge,1974,365,92,25,5,0,34.7,true
67,Leiser Berge,1975,365,92,36,0,0,28.6,true
67,Leiser Berge,1976,366,92,31,7,0,33.1,true
67,Leiser Berge,1977,365,92,34,0,0,29.6,true
67,Leiser Berge,1978,365,92,23,0,0,29.0,true
67,Leiser Berge,1979,365,92,38,3,0,30.6,true
67,Leiser Berge,1980,366,92,21,0,0,29.9,true
67,Leiser Berge,1981,365,92,37,2,0,31.2,true
67,Leiser Berge,1982,365,92,37,1,0,30.7,true
67,Leiser Berge,1983,365,92,62,8,0,34.8,true
67,Leiser Berge,1984,366,92,17,4,0,31.9,true
67,Leiser Berge,1985,365,92,35,4,0,30.9,true
67,Leiser Berge,1986,365,92,45,4,0,31.8,true
67,Leiser Berge,1987,365,92,34,2,0,31.8,true
67,Leiser Berge,1988,366,92,37,12,0,34.2,true
67,Leiser Berge,1989,365,92,32,2,0,31.1,true
67,Leiser Berge,1990,365,92,42,6,0,31.2,true
67,Leiser Berge,1991,365,92,42,4,0,32.1,true
67,Leiser Berge,1992,366,92,54,23,5,36.1,true
67,Leiser Berge,1993,365,92,45,9,0,31.9,true
67,Leiser Berge,1994,365,92,56,22,0,32.9,true
67,Leiser Berge,1995,365,92,48,6,0,32.8,true
67,Leiser Berge,1996,366,92,26,0,0,29.1,true
67,Leiser Berge,1997,243,92,40,1,0,30.1,true
67,Leiser Berge,1998,214,92,38,10,0,34.2,true
67,Leiser Berge,1999,365,92,25,2,0,31.9,true
67,Leiser Berge,2000,366,92,47,13,0,34.8,true
67,Leiser Berge,2001,365,92,39,4,0,33.1,true
67,Leiser Berge,2002,365,92,46,3,0,31.6,true
67,Leiser Berge,2003,365,92,71,21,1,36.2,true
67,Leiser Berge,2004,366,92,37,2,0,31.4,true
67,Leiser Berge,2005,365,92,24,3,0,31.1,true
67,Leiser Berge,2006,365,92,36,9,0,32.1,true
67,Leiser Berge,2007,365,92,55,11,1,36.3,true
67,Leiser Berge,2008,366,92,42,1,0,30.5,true
67,Leiser Berge,2009,365,92,46,3,0,30.9,true
67,Leiser Berge,2010,365,92,37,5,0,32.3,true
67,Leiser Berge,2011,365,92,44,6,0,32.3,true
67,Leiser Berge,2012,366,92,65,14,0,34.4,true
67,Leiser Berge,2013,365,92,43,15,2,36.0,true
67,Leiser Berge,2014,365,92,36,3,0,32.1,true
67,Leiser Berge,2015,365,92,58,28,2,35.5,true
67,Leiser Berge,2016,366,92,47,1,0,31.3,true
67,Leiser Berge,2017,365,92,64,15,1,35.9,true
67,Leiser Berge,2018,365,92,81,20,0,32.8,true
67,Leiser Berge,2019,365,92,62,14,0,34.0,true
67,Leiser Berge,2020,366,92,54,9,0,32.6,true
67,Leiser Berge,2021,365,92,59,10,0,32.3,true
67,Leiser Berge,2022,365,92,58,21,0,34.7,true
67,Leiser Berge,2023,365,92,68,16,0,34.7,true
67,Leiser Berge,2024,366,92,74,23,0,32.7,true
67,Leiser Berge,2025,365,92,52,13,1,35.3,true
67,Leiser Berge,2026,242,91,72,29,8,37.0,true
55,Lienz,1934,365,92,43,2,0,31.1,true
55,Lienz,1935,365,92,51,6,0,33.8,true
55,Lienz,1938,365,92,39,0,0,29.4,true
55,Lienz,1939,304,92,36,0,0,29.3,true
55,Lienz,1940,274,30,5,0,0,28.0,false
55,Lienz,1943,365,92,63,11,0,33.5,true
55,Lienz,1944,183,92,38,4,0,34.0,true
55,Lienz,1946,31,0,0,0,0,4.2,false
55,Lienz,1947,365,92,77,24,2,36.0,true
55,Lienz,1948,366,92,41,0,0,29.7,true
55,Lienz,1949,365,92,58,4,0,31.9,true
55,Lienz,1950,365,92,67,13,1,35.2,true
55,Lienz,1951,365,92,58,4,0,31.7,true
55,Lienz,1952,366,92,51,14,1,35.7,true
55,Lienz,1953,365,92,42,1,0,30.5,true
55,Lienz,1954,365,92,31,0,0,28.5,true
55,Lienz,1955,365,92,42,3,0,32.1,true
55,Lienz,1956,366,92,39,4,0,32.7,true
55,Lienz,1957,365,92,34,6,0,34.7,true
55,Lienz,1958,365,92,50,2,0,30.7,true
55,Lienz,1959,365,92,42,1,0,30.1,true
55,Lienz,1960,366,92,26,3,0,30.8,true
55,Lienz,1961,365,92,58,8,0,32.4,true
55,Lienz,1962,365,92,46,5,0,32.0,true
55,Lienz,1963,365,92,51,3,0,30.4,true
55,Lienz,1964,366,92,53,4,0,32.5,true
55,Lienz,1965,365,92,29,6,0,31.6,true
55,Lienz,1966,365,92,40,3,0,34.2,true
55,Lienz,1967,365,92,44,5,0,32.8,true
55,Lienz,1968,366,92,25,7,0,32.3,true
55,Lienz,1969,365,92,44,9,0,32.5,true
55,Lienz,1970,365,92,52,2,0,31.1,true
55,Lienz,1971,365,92,50,9,0,31.7,true
55,Lienz,1972,366,92,38,9,0,31.3,true
55,Lienz,1973,365,92,53,3,0,31.3,true
55,Lienz,1974,365,92,40,5,0,32.8,true
55,Lienz,1975,365,92,51,3,0,30.2,true
55,Lienz,1976,366,92,45,8,0,32.1,true
55,Lienz,1977,365,92,35,2,0,30.2,true
55,Lienz,1978,365,92,38,0,0,28.9,true
55,Lienz,1979,365,92,55,0,0,29.6,true
55,Lienz,1980,366,92,37,4,0,32.0,true
55,Lienz,1981,365,92,41,8,0,33.0,true
55,Lienz,1982,365,92,66,4,0,31.3,true
55,Lienz,1983,365,92,64,15,3,37.7,true
55,Lienz,1984,366,92,44,7,0,34.6,true
55,Lienz,1985,365,92,64,6,0,31.8,true
55,Lienz,1986,365,92,57,8,0,32.2,true
55,Lienz,1987,365,92,41,2,0,31.2,true
55,Lienz,1988,366,92,39,3,0,31.1,true
55,Lienz,1989,365,92,29,0,0,29.7,true
55,Lienz,1990,365,92,40,4,0,31.3,true
55,Lienz,1991,365,92,49,2,0,33.3,true
55,Lienz,1992,366,92,53,17,0,33.7,true
55,Lienz,1993,365,92,48,1,0,30.0,true
55,Lienz,1994,365,92,62,16,0,34.8,true
55,Lienz,1995,365,92,47,6,0,32.0,true
55,Lienz,1996,366,92,38,5,0,31.3,true
55,Lienz,1997,365,92,49,0,0,29.3,true
55,Lienz,1998,365,92,52,12,0,33.0,true
55,Lienz,1999,365,92,43,4,0,31.1,true
55,Lienz,2000,366,92,53,6,0,31.6,true
55,Lienz,2001,365,92,63,17,0,33.1,true
55,Lienz,2002,365,92,61,12,0,33.2,true
55,Lienz,2003,365,92,96,37,1,37.0,true
55,Lienz,2004,366,92,56,6,0,32.1,true
55,Lienz,2005,365,92,59,16,0,33.4,true
55,Lienz,2006,365,92,62,24,2,35.4,true
55,Lienz,2007,365,92,65,11,0,33.8,true
55,Lienz,2008,366,92,66,7,0,31.3,true
55,Lienz,2009,365,92,69,11,0,32.2,true
55,Lienz,2010,365,92,59,26,0,34.6,true
55,Lienz,2011,365,92,70,16,0,33.8,true
55,Lienz,2012,366,92,75,17,0,33.6,true
55,Lienz,2013,365,92,69,31,8,38.9,true
55,Lienz,2014,365,92,45,8,0,33.2,true
55,Lienz,2015,365,92,64,30,0,33.7,true
55,Lienz,2016,366,92,63,9,0,32.6,true
55,Lienz,2017,365,92,73,21,0,34.5,true
55,Lienz,2018,365,92,88,20,0,34.7,true
55,Lienz,2019,365,92,79,21,2,36.7,true
55,Lienz,2020,366,92,56,9,0,33.8,true
55,Lienz,2021,365,92,66,10,0,32.5,true
55,Lienz,2022,365,92,89,24,0,34.2,true
55,Lienz,2023,365,92,77,23,0,33.9,true
55,Lienz,2024,366,92,80,34,0,34.5,true
55,Lienz,2025,365,92,75,26,0,34.1,true
55,Lienz,2026,242,91,91,50,2,36.1,true
56,Linz Stadt,1931,365,92,47,2,0,30.0,true
56,Linz Stadt,1932,366,92,45,2,0,30.4,true
56,Linz Stadt,1933,365,92,20,1,0,30.0,true
56,Linz Stadt,1934,365,92,51,5,0,32.0,true
56,Linz Stadt,1935,365,92,60,10,0,34.0,true
56,Linz Stadt,1936,366,92,37,3,0,31.4,true
56,Linz Stadt,1937,365,92,55,2,0,32.2,true
56,Linz Stadt,1938,212,61,34,3,0,32.3,false
56,Linz Stadt,1939,306,92,57,7,0,31.9,true
56,Linz Stadt,1940,352,78,20,1,0,30.4,false
56,Linz Stadt,1943,365,92,39,10,2,36.2,true
56,Linz Stadt,1944,366,92,41,8,0,32.1,true
56,Linz Stadt,1945,59,0,0,0,0,12.2,false
56,Linz Stadt,1948,225,92,35,5,0,31.4,true
56,Linz Stadt,1949,365,92,44,9,0,32.5,true
56,Linz Stadt,1950,365,92,68,16,4,37.6,true
56,Linz Stadt,1951,365,92,56,7,0,33.7,true
56,Linz Stadt,1952,366,92,58,14,0,34.0,true
56,Linz Stadt,1953,365,92,61,8,0,33.4,true
56,Linz Stadt,1954,365,92,41,8,0,30.8,true
56,Linz Stadt,1955,365,92,46,3,0,30.8,true
56,Linz Stadt,1956,366,92,47,1,0,30.0,true
56,Linz Stadt,1957,365,92,45,14,4,37.4,true
56,Linz Stadt,1958,365,92,50,6,0,32.5,true
56,Linz Stadt,1959,365,92,47,4,0,32.3,true
56,Linz Stadt,1960,366,92,36,1,0,30.7,true
56,Linz Stadt,1961,365,92,48,8,0,31.8,true
56,Linz Stadt,1962,365,92,40,4,0,31.5,true
56,Linz Stadt,1963,365,92,47,8,0,32.1,true
56,Linz Stadt,1964,366,92,49,3,0,31.5,true
56,Linz Stadt,1965,365,92,19,1,0,31.0,true
56,Linz Stadt,1966,365,92,35,1,0,30.5,true
56,Linz Stadt,1967,365,92,47,8,0,32.5,true
56,Linz Stadt,1968,366,92,43,5,0,31.6,true
56,Linz Stadt,1969,365,92,52,7,0,32.0,true
56,Linz Stadt,1970,365,92,42,3,0,30.8,true
56,Linz Stadt,1971,335,92,60,20,2,36.2,true
56,Linz Stadt,1972,366,92,46,15,0,34.7,true
56,Linz Stadt,1973,334,92,67,11,0,32.4,true
56,Linz Stadt,1974,22,0,0,0,0,14.5,false
56,Linz Stadt,1975,365,92,46,0,0,29.2,true
56,Linz Stadt,1976,366,92,46,7,0,33.3,true
56,Linz Stadt,1977,365,92,35,2,0,30.3,true
56,Linz Stadt,1978,365,92,31,0,0,29.5,true
56,Linz Stadt,1979,365,92,42,6,0,31.0,true
56,Linz Stadt,1980,366,92,27,2,0,31.0,true
56,Linz Stadt,1981,365,92,40,5,0,32.2,true
56,Linz Stadt,1982,365,92,54,5,0,30.8,true
56,Linz Stadt,1983,365,92,62,12,1,36.2,true
56,Linz Stadt,1984,366,92,31,4,1,35.2,true
56,Linz Stadt,1985,365,92,49,6,0,32.6,true
56,Linz Stadt,1986,365,92,62,7,0,32.4,true
56,Linz Stadt,1987,365,92,54,4,0,32.5,true
56,Linz Stadt,1988,366,92,49,10,1,35.5,true
56,Linz Stadt,1989,365,92,46,4,0,32.5,true
56,Linz Stadt,1990,365,92,50,6,0,31.5,true
56,Linz Stadt,1991,365,92,56,4,0,32.8,true
56,Linz Stadt,1992,366,92,67,20,1,35.9,true
56,Linz Stadt,1993,365,92,53,7,0,31.8,true
56,Linz Stadt,1994,365,92,64,27,0,34.7,true
56,Linz Stadt,1995,365,92,54,13,0,34.7,true
56,Linz Stadt,1996,366,92,42,4,0,32.1,true
56,Linz Stadt,1997,365,92,58,4,0,33.3,true
56,Linz Stadt,1998,365,92,58,12,1,36.1,true
56,Linz Stadt,1999,365,92,52,8,1,35.2,true
56,Linz Stadt,2000,366,92,65,17,0,34.2,true
56,Linz Stadt,2001,365,92,55,14,0,33.8,true
56,Linz Stadt,2002,365,92,68,13,0,34.4,true
56,Linz Stadt,2003,365,92,93,29,1,36.0,true
56,Linz Stadt,2004,366,92,49,7,0,31.6,true
56,Linz Stadt,2005,365,92,51,10,0,34.8,true
56,Linz Stadt,2006,365,92,60,18,0,33.9,true
56,Linz Stadt,2007,365,92,72,14,1,35.0,true
56,Linz Stadt,2008,366,92,67,13,0,32.7,true
56,Linz Stadt,2009,365,92,58,8,1,35.0,true
56,Linz Stadt,2010,365,92,48,19,0,33.8,true
56,Linz Stadt,2011,365,92,69,14,2,36.4,true
56,Linz Stadt,2012,366,92,71,19,0,34.6,true
56,Linz Stadt,2013,365,92,66,22,5,36.3,true
56,Linz Stadt,2014,365,92,53,11,1,35.3,true
56,Linz Stadt,2015,365,92,74,42,9,36.6,true
56,Linz Stadt,2016,366,92,77,8,0,33.5,true
56,Linz Stadt,2017,365,92,75,23,1,36.5,true
56,Linz Stadt,2018,365,92,102,34,1,36.0,true
56,Linz Stadt,2019,365,92,78,26,2,35.2,true
56,Linz Stadt,2020,366,92,68,14,0,33.6,true
56,Linz Stadt,2021,365,92,68,13,0,33.5,true
56,Linz Stadt,2022,365,92,79,20,0,34.5,true
56,Linz Stadt,2023,365,92,79,32,1,35.4,true
56,Linz Stadt,2024,366,92,93,38,0,34.6,true
56,Linz Stadt,2025,365,92,70,19,0,34.3,true
56,Linz Stadt,2026,242,91,84,44,10,38.5,true
57,Litschau,1954,184,62,15,0,0,28.1,false
57,Litschau,1955,365,92,11,0,0,28.8,true
57,Litschau,1956,366,92,20,0,0,29.0,true
57,Litschau,1957,365,92,25,7,2,35.4,true
57,Litschau,1958,365,92,29,4,0,30.6,true
57,Litschau,1959,298,92,21,2,0,31.1,true
57,Litschau,1960,366,92,13,0,0,28.0,true
57,Litschau,1961,243,92,22,3,0,31.5,true
57,Litschau,1962,184,62,20,2,0,31.2,false
57,Litschau,1963,365,92,22,3,0,31.6,true
57,Litschau,1964,366,92,34,1,0,30.6,true
57,Litschau,1965,365,92,15,3,0,30.5,true
57,Litschau,1966,365,92,20,2,0,30.5,true
57,Litschau,1967,365,92,41,6,0,31.1,true
57,Litschau,1968,366,92,29,3,0,32.5,true
57,Litschau,1969,365,92,25,1,0,31.8,true
57,Litschau,1970,365,92,25,0,0,28.1,true
57,Litschau,1971,365,92,31,1,0,33.1,true
57,Litschau,1972,366,92,21,2,0,31.1,true
57,Litschau,1973,337,92,31,5,0,31.5,true
57,Litschau,1974,365,92,20,5,0,34.0,true
57,Litschau,1975,365,92,23,0,0,27.6,true
57,Litschau,1976,366,92,24,5,0,31.6,true
57,Litschau,1977,365,92,18,0,0,27.2,true
57,Litschau,1978,365,92,11,0,0,27.2,true
57,Litschau,1979,334,92,24,0,0,29.0,true
57,Litschau,1980,335,92,13,0,0,28.5,true
57,Litschau,1981,365,92,26,0,0,29.9,true
57,Litschau,1982,365,92,29,0,0,29.0,true
57,Litschau,1983,365,92,47,3,1,36.0,true
57,Litschau,1984,366,92,12,1,0,31.6,true
57,Litschau,1985,365,92,24,2,0,30.1,true
57,Litschau,1986,365,92,30,1,0,31.1,true
57,Litschau,1987,365,92,34,2,0,30.6,true
57,Litschau,1988,366,92,23,3,0,32.5,true
57,Litschau,1989,365,92,19,0,0,29.5,true
57,Litschau,1990,365,92,29,3,0,30.7,true
57,Litschau,1991,365,92,22,2,0,31.4,true
57,Litschau,1992,366,92,40,14,0,33.8,true
57,Litschau,1993,365,92,24,2,0,31.4,true
57,Litschau,1994,365,92,48,14,0,33.4,true
57,Litschau,1995,365,92,36,2,0,33.3,true
57,Litschau,1996,366,92,19,0,0,29.3,true
57,Litschau,1997,365,92,28,0,0,29.8,true
57,Litschau,1998,365,92,38,8,0,33.6,true
57,Litschau,1999,365,92,22,3,0,30.9,true
57,Litschau,2000,366,92,40,9,0,33.0,true
57,Litschau,2001,365,92,29,3,0,31.0,true
57,Litschau,2002,365,92,37,5,0,31.3,true
57,Litschau,2003,365,92,64,18,1,36.0,true
57,Litschau,2004,366,92,31,1,0,30.8,true
57,Litschau,2005,365,92,25,4,0,32.6,true
57,Litschau,2006,365,92,38,7,0,32.0,true
57,Litschau,2007,365,92,52,9,0,34.3,true
57,Litschau,2008,366,92,34,1,0,31.3,true
57,Litschau,2009,365,92,39,4,0,33.1,true
57,Litschau,2010,365,92,36,11,0,32.3,true
57,Litschau,2011,365,92,30,4,0,34.2,true
57,Litschau,2012,366,92,46,8,1,35.3,true
57,Litschau,2013,365,92,41,13,2,35.2,true
57,Litschau,2014,365,92,33,4,0,33.0,true
57,Litschau,2015,365,92,59,32,2,35.5,true
57,Litschau,2016,366,92,50,4,0,32.9,true
57,Litschau,2017,365,92,60,12,0,34.5,true
57,Litschau,2018,365,92,62,13,0,33.1,true
57,Litschau,2019,365,92,57,13,0,34.7,true
57,Litschau,2020,366,92,44,3,0,32.0,true
57,Litschau,2021,365,92,40,2,0,31.4,true
57,Litschau,2022,365,92,54,12,0,33.6,true
57,Litschau,2023,365,92,62,14,0,34.1,true
57,Litschau,2024,366,92,66,19,0,33.0,true
57,Litschau,2025,365,92,50,15,0,32.8,true
57,Litschau,2026,242,91,67,25,7,38.1,true
206,Loibl Tunnel,1959,365,92,2,0,0,25.5,true
206,Loibl Tunnel,1960,366,92,1,0,0,25.4,true
206,Loibl Tunnel,1961,365,92,7,0,0,27.4,true
206,Loibl Tunnel,1962,365,92,9,0,0,26.8,true
206,Loibl Tunnel,1963,365,92,3,0,0,26.2,true
206,Loibl Tunnel,1964,366,92,5,0,0,26.9,true
206,Loibl Tunnel,1965,365,92,8,0,0,28.0,true
206,Loibl Tunnel,1966,365,92,5,0,0,28.0,true
206,Loibl Tunnel,1967,365,92,7,0,0,26.5,true
206,Loibl Tunnel,1968,366,92,7,0,0,28.5,true
206,Loibl Tunnel,1969,365,92,4,0,0,27.0,true
206,Loibl Tunnel,1970,365,92,4,0,0,26.6,true
206,Loibl Tunnel,1971,365,92,12,0,0,28.5,true
206,Loibl Tunnel,1972,366,92,6,0,0,26.5,true
206,Loibl Tunnel,1973,365,92,1,0,0,25.2,true
206,Loibl Tunnel,1974,365,92,5,0,0,27.5,true
206,Loibl Tunnel,1975,365,92,1,0,0,25.8,true
206,Loibl Tunnel,1976,366,92,5,0,0,26.5,true
206,Loibl Tunnel,1977,365,92,0,0,0,24.2,true
206,Loibl Tunnel,1978,365,92,0,0,0,24.0,true
206,Loibl Tunnel,1979,365,92,0,0,0,24.4,true
206,Loibl Tunnel,1980,366,92,4,0,0,25.6,true
206,Loibl Tunnel,1981,365,92,3,0,0,27.4,true
206,Loibl Tunnel,1982,365,92,2,0,0,25.7,true
206,Loibl Tunnel,1983,365,92,14,2,0,32.8,true
206,Loibl Tunnel,1984,366,92,4,0,0,28.8,true
206,Loibl Tunnel,1985,365,92,5,0,0,26.7,true
206,Loibl Tunnel,1986,365,92,5,0,0,26.2,true
206,Loibl Tunnel,1987,365,92,2,0,0,25.4,true
206,Loibl Tunnel,1988,366,92,6,0,0,26.8,true
206,Loibl Tunnel,1989,365,92,0,0,0,24.2,true
206,Loibl Tunnel,1990,365,92,0,0,0,24.8,true
206,Loibl Tunnel,1991,365,92,2,0,0,27.8,true
206,Loibl Tunnel,1992,366,92,15,0,0,29.2,true
206,Loibl Tunnel,1993,365,92,7,0,0,25.8,true
206,Loibl Tunnel,1994,365,92,12,0,0,28.2,true
206,Loibl Tunnel,1995,365,92,2,0,0,26.4,true
206,Loibl Tunnel,1996,366,92,2,0,0,25.9,true
206,Loibl Tunnel,1997,365,92,0,0,0,23.2,true
206,Loibl Tunnel,1998,365,92,13,0,0,27.5,true
206,Loibl Tunnel,1999,365,92,3,0,0,27.0,true
206,Loibl Tunnel,2000,366,92,9,0,0,27.0,true
206,Loibl Tunnel,2001,365,92,9,0,0,26.5,true
206,Loibl Tunnel,2002,365,92,9,0,0,27.0,true
206,Loibl Tunnel,2003,365,92,32,0,0,29.5,true
206,Loibl Tunnel,2004,366,92,4,0,0,26.2,true
206,Loibl Tunnel,2005,365,92,9,0,0,27.4,true
206,Loibl Tunnel,2006,365,92,18,0,0,28.8,true
206,Loibl Tunnel,2007,365,92,10,0,0,29.0,true
206,Loibl Tunnel,2008,366,92,4,0,0,27.0,true
206,Loibl Tunnel,2009,365,92,5,0,0,26.4,true
206,Loibl Tunnel,2010,365,92,11,0,0,26.9,true
206,Loibl Tunnel,2011,365,92,12,0,0,28.9,true
206,Loibl Tunnel,2012,366,92,17,0,0,28.4,true
206,Loibl Tunnel,2013,365,92,17,2,0,31.0,true
206,Loibl Tunnel,2014,365,92,3,0,0,26.4,true
206,Loibl Tunnel,2015,365,92,23,0,0,28.9,true
206,Loibl Tunnel,2016,366,92,3,0,0,25.6,true
206,Loibl Tunnel,2017,365,92,18,0,0,29.6,true
206,Loibl Tunnel,2018,365,92,12,0,0,27.4,true
206,Loibl Tunnel,2019,365,92,15,1,0,31.6,true
206,Loibl Tunnel,2020,366,92,4,0,0,26.9,true
206,Loibl Tunnel,2021,365,92,10,0,0,27.4,true
206,Loibl Tunnel,2022,365,92,17,0,0,29.2,true
206,Loibl Tunnel,2023,365,92,17,0,0,27.7,true
206,Loibl Tunnel,2024,366,92,25,0,0,27.7,true
206,Loibl Tunnel,2025,365,92,20,0,0,28.7,true
206,Loibl Tunnel,2026,242,91,36,1,0,30.2,true
59,Mariazell/St.Sebastian Flugfeld,1948,349,92,26,3,0,30.0,true
59,Mariazell/St.Sebastian Flugfeld,1949,181,30,5,1,0,30.0,false
59,Mariazell/St.Sebastian Flugfeld,1950,334,92,47,9,0,34.0,true
59,Mariazell/St.Sebastian Flugfeld,1951,275,92,41,1,0,30.0,true
59,Mariazell/St.Sebastian Flugfeld,1952,365,92,42,13,1,37.0,true
59,Mariazell/St.Sebastian Flugfeld,1953,365,92,46,6,0,33.0,true
59,Mariazell/St.Sebastian Flugfeld,1954,365,92,32,2,0,30.0,true
59,Mariazell/St.Sebastian Flugfeld,1955,365,92,21,1,0,30.0,true
59,Mariazell/St.Sebastian Flugfeld,1956,304,30,14,2,0,30.0,false
59,Mariazell/St.Sebastian Flugfeld,1957,365,92,34,6,1,35.0,true
59,Mariazell/St.Sebastian Flugfeld,1958,365,92,40,7,0,31.0,true
59,Mariazell/St.Sebastian Flugfeld,1959,365,92,23,4,1,35.0,true
59,Mariazell/St.Sebastian Flugfeld,1960,366,92,23,4,0,30.0,true
59,Mariazell/St.Sebastian Flugfeld,1961,365,92,37,4,0,32.0,true
59,Mariazell/St.Sebastian Flugfeld,1962,365,92,25,5,0,33.0,true
59,Mariazell/St.Sebastian Flugfeld,1963,365,92,33,3,0,32.0,true
59,Mariazell/St.Sebastian Flugfeld,1964,366,92,34,1,0,30.0,true
59,Mariazell/St.Sebastian Flugfeld,1965,365,92,17,3,0,30.0,true
59,Mariazell/St.Sebastian Flugfeld,1966,365,92,18,0,0,29.0,true
59,Mariazell/St.Sebastian Flugfeld,1967,365,92,25,2,0,30.0,true
59,Mariazell/St.Sebastian Flugfeld,1968,365,91,19,0,0,29.0,false
59,Mariazell/St.Sebastian Flugfeld,1969,347,91,16,2,0,31.0,false
59,Mariazell/St.Sebastian Flugfeld,1970,365,92,26,0,0,29.0,true
59,Mariazell/St.Sebastian Flugfeld,1971,365,92,23,1,0,31.7,true
59,Mariazell/St.Sebastian Flugfeld,1972,366,92,17,2,0,30.1,true
59,Mariazell/St.Sebastian Flugfeld,1973,365,92,20,2,0,30.5,true
59,Mariazell/St.Sebastian Flugfeld,1974,365,92,15,3,0,31.0,true
59,Mariazell/St.Sebastian Flugfeld,1975,365,92,13,0,0,29.6,true
59,Mariazell/St.Sebastian Flugfeld,1976,366,92,11,1,0,30.0,true
59,Mariazell/St.Sebastian Flugfeld,1977,365,92,11,0,0,27.4,true
59,Mariazell/St.Sebastian Flugfeld,1978,365,92,4,0,0,25.9,true
59,Mariazell/St.Sebastian Flugfeld,1979,365,92,19,0,0,28.3,true
59,Mariazell/St.Sebastian Flugfeld,1980,366,92,12,1,0,31.4,true
59,Mariazell/St.Sebastian Flugfeld,1981,365,92,21,1,0,31.4,true
59,Mariazell/St.Sebastian Flugfeld,1982,365,92,25,0,0,29.2,true
59,Mariazell/St.Sebastian Flugfeld,1983,365,92,33,3,0,33.4,true
59,Mariazell/St.Sebastian Flugfeld,1984,366,92,13,3,0,33.8,true
59,Mariazell/St.Sebastian Flugfeld,1985,365,92,22,1,0,31.0,true
59,Mariazell/St.Sebastian Flugfeld,1986,365,92,28,1,0,30.2,true
59,Mariazell/St.Sebastian Flugfeld,1987,365,92,24,0,0,29.1,true
59,Mariazell/St.Sebastian Flugfeld,1988,366,92,21,3,0,31.5,true
59,Mariazell/St.Sebastian Flugfeld,1989,365,92,11,0,0,27.8,true
59,Mariazell/St.Sebastian Flugfeld,1990,365,92,18,0,0,27.7,true
59,Mariazell/St.Sebastian Flugfeld,1991,365,92,10,0,0,29.3,true
59,Mariazell/St.Sebastian Flugfeld,1992,366,92,31,10,0,31.5,true
59,Mariazell/St.Sebastian Flugfeld,1993,365,92,20,1,0,30.0,true
59,Mariazell/St.Sebastian Flugfeld,1994,365,92,37,3,0,31.3,true
59,Mariazell/St.Sebastian Flugfeld,1995,365,92,23,1,0,30.7,true
59,Mariazell/St.Sebastian Flugfeld,1996,366,92,15,0,0,29.8,true
59,Mariazell/St.Sebastian Flugfeld,1997,365,92,9,0,0,28.3,true
59,Mariazell/St.Sebastian Flugfeld,1998,365,92,32,1,0,30.8,true
59,Mariazell/St.Sebastian Flugfeld,1999,365,92,14,1,0,31.3,true
59,Mariazell/St.Sebastian Flugfeld,2000,366,92,30,3,0,31.3,true
59,Mariazell/St.Sebastian Flugfeld,2001,365,92,23,0,0,29.3,true
59,Mariazell/St.Sebastian Flugfeld,2002,365,92,20,0,0,29.9,true
59,Mariazell/St.Sebastian Flugfeld,2003,365,92,51,5,0,31.4,true
59,Mariazell/St.Sebastian Flugfeld,2004,366,92,18,0,0,28.0,true
59,Mariazell/St.Sebastian Flugfeld,2005,365,92,17,2,0,31.2,true
59,Mariazell/St.Sebastian Flugfeld,2006,365,92,31,2,0,30.3,true
59,Mariazell/St.Sebastian Flugfeld,2007,365,92,24,5,0,32.1,true
59,Mariazell/St.Sebastian Flugfeld,2008,366,92,31,1,0,30.7,true
59,Mariazell/St.Sebastian Flugfeld,2009,365,92,25,1,0,30.9,true
59,Mariazell/St.Sebastian Flugfeld,2010,365,92,23,3,0,30.6,true
59,Mariazell/St.Sebastian Flugfeld,2011,365,92,25,2,0,32.1,true
59,Mariazell/St.Sebastian Flugfeld,2012,366,92,39,3,0,32.8,true
59,Mariazell/St.Sebastian Flugfeld,2013,365,92,28,9,0,33.1,true
59,Mariazell/St.Sebastian Flugfeld,2014,365,92,15,1,0,30.6,true
59,Mariazell/St.Sebastian Flugfeld,2015,365,92,48,12,0,32.8,true
59,Mariazell/St.Sebastian Flugfeld,2016,366,92,30,0,0,29.3,true
59,Mariazell/St.Sebastian Flugfeld,2017,365,92,41,2,0,31.3,true
59,Mariazell/St.Sebastian Flugfeld,2018,365,92,30,0,0,29.1,true
59,Mariazell/St.Sebastian Flugfeld,2019,365,92,40,6,0,32.5,true
59,Mariazell/St.Sebastian Flugfeld,2020,366,92,23,2,0,30.8,true
59,Mariazell/St.Sebastian Flugfeld,2021,365,92,32,2,0,30.2,true
59,Mariazell/St.Sebastian Flugfeld,2022,365,92,31,3,0,30.8,true
59,Mariazell/St.Sebastian Flugfeld,2023,365,92,41,7,0,31.5,true
59,Mariazell/St.Sebastian Flugfeld,2024,366,92,48,2,0,30.6,true
59,Mariazell/St.Sebastian Flugfeld,2025,365,92,35,3,0,30.8,true
59,Mariazell/St.Sebastian Flugfeld,2026,242,91,50,14,0,33.8,true
60,Mattsee,1949,197,75,27,4,0,31.8,false
60,Mattsee,1950,365,92,50,11,0,34.1,true
60,Mattsee,1951,365,92,36,0,0,29.9,true
60,Mattsee,1952,366,92,46,11,0,34.0,true
60,Mattsee,1953,365,92,36,1,0,31.7,true
60,Mattsee,1954,365,92,26,0,0,29.0,true
60,Mattsee,1955,365,92,14,0,0,29.8,true
60,Mattsee,1956,366,92,22,1,0,31.3,true
60,Mattsee,1957,365,92,22,6,0,34.5,true
60,Mattsee,1958,365,92,25,1,0,30.5,true
60,Mattsee,1959,365,92,22,2,0,30.2,true
60,Mattsee,1960,366,92,13,0,0,29.2,true
60,Mattsee,1961,365,92,27,0,0,29.3,true
60,Mattsee,1962,365,92,28,1,0,31.2,true
60,Mattsee,1963,365,92,20,0,0,29.5,true
60,Mattsee,1964,366,92,29,0,0,29.5,true
60,Mattsee,1965,352,85,16,1,0,30.8,false
60,Mattsee,1966,350,82,25,1,0,30.5,false
60,Mattsee,1967,353,92,33,2,0,32.4,true
60,Mattsee,1968,306,57,23,0,0,29.5,false
60,Mattsee,1969,290,30,8,1,0,30.0,false
60,Mattsee,1970,291,30,15,0,0,29.6,false
60,Mattsee,1971,365,92,39,6,0,32.6,true
60,Mattsee,1972,366,92,32,5,0,31.5,true
60,Mattsee,1973,365,92,38,2,0,30.5,true
60,Mattsee,1974,365,92,38,5,0,32.8,true
60,Mattsee,1975,365,92,43,1,0,30.0,true
60,Mattsee,1976,366,92,49,8,0,33.0,true
60,Mattsee,1977,365,92,34,0,0,29.0,true
60,Mattsee,1978,365,92,32,0,0,29.0,true
60,Mattsee,1979,365,92,53,2,0,31.0,true
60,Mattsee,1980,366,92,30,3,0,32.2,true
60,Mattsee,1981,365,92,46,4,0,30.5,true
60,Mattsee,1982,365,92,59,0,0,29.5,true
60,Mattsee,1983,365,92,72,9,1,36.2,true
60,Mattsee,1984,366,92,25,5,0,33.0,true
60,Mattsee,1985,365,92,58,6,0,32.0,true
60,Mattsee,1986,334,92,41,1,0,30.5,true
60,Mattsee,1987,365,92,30,0,0,29.9,true
60,Mattsee,1988,366,92,28,2,0,32.9,true
60,Mattsee,1989,365,92,20,0,0,28.9,true
60,Mattsee,1990,365,92,34,1,0,30.0,true
60,Mattsee,1991,365,92,29,3,0,31.8,true
60,Mattsee,1992,358,92,44,14,0,33.9,true
60,Mattsee,1993,365,92,37,1,0,31.5,true
60,Mattsee,1994,365,92,51,19,0,34.0,true
60,Mattsee,1995,365,92,39,3,0,32.3,true
60,Mattsee,1996,366,92,28,1,0,31.2,true
60,Mattsee,1997,365,92,38,0,0,28.5,true
60,Mattsee,1998,365,92,40,6,0,33.0,true
60,Mattsee,1999,321,92,40,2,0,33.2,true
60,Mattsee,2000,366,92,48,8,0,32.3,true
60,Mattsee,2001,365,92,43,4,0,31.6,true
60,Mattsee,2002,365,92,45,8,0,33.7,true
60,Mattsee,2003,365,92,90,34,1,35.4,true
60,Mattsee,2004,366,92,35,1,0,31.0,true
60,Mattsee,2005,365,92,35,6,0,33.2,true
60,Mattsee,2006,365,92,45,15,0,33.5,true
60,Mattsee,2007,365,92,42,6,0,32.8,true
60,Mattsee,2008,366,92,49,5,0,32.0,true
60,Mattsee,2009,365,92,32,1,0,34.5,true
60,Mattsee,2010,365,92,42,10,0,32.6,true
60,Mattsee,2011,365,92,50,7,0,32.1,true
60,Mattsee,2012,366,92,48,6,0,33.4,true
60,Mattsee,2013,365,92,48,17,1,35.5,true
60,Mattsee,2014,358,92,35,7,0,33.5,true
60,Mattsee,2015,359,86,54,23,0,33.2,false
60,Mattsee,2016,366,92,45,2,0,31.8,true
60,Mattsee,2017,365,92,62,8,0,32.4,true
60,Mattsee,2018,365,92,79,18,0,33.4,true
60,Mattsee,2019,365,92,64,15,1,35.5,true
60,Mattsee,2020,366,92,54,9,0,33.1,true
60,Mattsee,2021,365,92,55,7,0,32.0,true
60,Mattsee,2022,365,92,75,15,1,35.1,true
60,Mattsee,2023,365,92,64,19,0,34.8,true
60,Mattsee,2024,366,92,69,11,0,32.0,true
60,Mattsee,2025,365,92,55,15,0,32.7,true
60,Mattsee,2026,242,91,73,26,5,36.0,true
61,Mayrhofen,1936,366,92,48,9,0,32.5,true
61,Mayrhofen,1937,365,92,57,10,0,33.1,true
61,Mayrhofen,1938,365,92,52,10,0,32.8,true
61,Mayrhofen,1939,365,92,57,10,0,32.0,true
61,Mayrhofen,1940,366,92,30,1,0,30.1,true
61,Mayrhofen,1941,365,92,40,9,0,32.5,true
61,Mayrhofen,1942,365,92,63,9,0,31.9,true
61,Mayrhofen,1943,365,92,58,13,1,36.0,true
61,Mayrhofen,1944,366,92,48,19,0,34.1,true
61,Mayrhofen,1945,365,92,71,23,0,34.1,true
61,Mayrhofen,1946,365,92,61,13,0,33.0,true
61,Mayrhofen,1947,365,92,77,37,1,35.1,true
61,Mayrhofen,1948,366,92,41,9,0,31.0,true
61,Mayrhofen,1949,365,92,52,12,0,33.5,true
61,Mayrhofen,1950,365,92,69,19,0,34.9,true
61,Mayrhofen,1951,365,92,57,13,0,32.2,true
61,Mayrhofen,1952,366,92,53,14,3,36.5,true
61,Mayrhofen,1953,365,92,48,12,0,32.0,true
61,Mayrhofen,1954,365,92,35,2,0,30.0,true
61,Mayrhofen,1955,365,92,31,1,0,31.5,true
61,Mayrhofen,1956,366,92,34,4,0,30.7,true
61,Mayrhofen,1957,365,92,35,10,2,35.2,true
61,Mayrhofen,1958,365,92,52,6,0,30.6,true
61,Mayrhofen,1959,365,92,39,4,0,32.5,true
61,Mayrhofen,1960,366,92,36,3,0,30.8,true
61,Mayrhofen,1961,365,92,45,6,0,32.0,true
61,Mayrhofen,1962,365,92,34,6,0,33.0,true
61,Mayrhofen,1963,365,92,39,6,0,32.7,true
61,Mayrhofen,1964,366,92,43,5,0,31.2,true
61,Mayrhofen,1965,365,92,24,5,0,32.6,true
61,Mayrhofen,1966,365,92,35,2,0,30.0,true
61,Mayrhofen,1967,365,92,41,6,0,32.0,true
61,Mayrhofen,1968,366,92,32,6,0,31.2,true
61,Mayrhofen,1969,365,92,43,7,0,32.0,true
61,Mayrhofen,1970,365,92,39,1,0,30.2,true
61,Mayrhofen,1971,365,92,47,9,0,33.0,true
61,Mayrhofen,1972,366,92,35,7,0,33.0,true
61,Mayrhofen,1973,365,92,47,3,0,30.4,true
61,Mayrhofen,1974,365,92,37,4,0,31.2,true
61,Mayrhofen,1975,365,92,47,0,0,29.6,true
61,Mayrhofen,1976,366,92,45,8,0,32.8,true
61,Mayrhofen,1977,365,92,26,1,0,32.3,true
61,Mayrhofen,1978,365,92,26,0,0,29.5,true
61,Mayrhofen,1979,365,92,34,2,0,30.4,true
61,Mayrhofen,1980,366,92,25,5,0,33.2,true
61,Mayrhofen,1981,365,92,41,8,0,32.0,true
61,Mayrhofen,1982,365,92,72,14,0,33.0,true
61,Mayrhofen,1983,365,92,69,21,3,36.0,true
61,Mayrhofen,1984,366,92,39,9,1,36.0,true
61,Mayrhofen,1985,365,92,57,16,0,32.6,true
61,Mayrhofen,1986,365,92,56,5,0,33.0,true
61,Mayrhofen,1987,365,92,45,5,0,32.5,true
61,Mayrhofen,1988,366,92,48,7,0,33.0,true
61,Mayrhofen,1989,365,92,40,3,0,31.0,true
61,Mayrhofen,1990,365,92,62,12,0,32.0,true
61,Mayrhofen,1991,365,92,42,6,0,32.7,true
61,Mayrhofen,1992,363,92,51,13,0,34.2,true
61,Mayrhofen,1993,365,92,47,5,0,32.7,true
61,Mayrhofen,1994,365,92,58,15,0,33.3,true
61,Mayrhofen,1995,365,92,39,9,0,32.5,true
61,Mayrhofen,1996,366,92,32,4,0,31.9,true
61,Mayrhofen,1997,365,92,39,0,0,28.8,true
61,Mayrhofen,1998,365,92,41,9,0,33.8,true
61,Mayrhofen,1999,365,92,31,4,0,33.1,true
61,Mayrhofen,2000,366,92,53,10,0,32.8,true
61,Mayrhofen,2001,365,92,41,8,0,33.0,true
61,Mayrhofen,2002,365,92,43,9,0,34.8,true
61,Mayrhofen,2003,365,92,84,27,0,34.5,true
61,Mayrhofen,2004,366,92,41,4,0,30.7,true
61,Mayrhofen,2005,365,92,44,12,0,33.0,true
61,Mayrhofen,2006,365,92,47,10,0,33.0,true
61,Mayrhofen,2007,365,92,46,9,0,33.8,true
61,Mayrhofen,2008,366,92,58,12,0,31.8,true
61,Mayrhofen,2009,365,92,57,10,0,33.6,true
61,Mayrhofen,2010,365,92,47,21,0,34.7,true
61,Mayrhofen,2011,365,92,63,13,1,35.2,true
61,Mayrhofen,2012,366,92,56,14,0,33.5,true
61,Mayrhofen,2013,365,92,61,20,4,36.5,true
61,Mayrhofen,2014,365,92,36,6,0,34.5,true
61,Mayrhofen,2015,365,92,68,31,1,35.2,true
61,Mayrhofen,2016,366,92,56,10,0,34.0,true
61,Mayrhofen,2017,365,92,61,17,1,35.0,true
61,Mayrhofen,2018,365,92,90,21,0,33.8,true
61,Mayrhofen,2019,365,92,66,21,5,37.0,true
61,Mayrhofen,2020,366,92,67,14,0,34.2,true
61,Mayrhofen,2021,365,92,63,15,0,33.3,true
61,Mayrhofen,2022,365,92,75,22,3,36.3,true
61,Mayrhofen,2023,365,92,76,26,1,35.2,true
61,Mayrhofen,2024,366,92,79,26,0,34.3,true
61,Mayrhofen,2025,365,92,66,26,1,35.3,true
61,Mayrhofen,2026,240,89,79,38,6,37.5,false
163,Mondsee,1936,366,92,26,0,0,29.0,true
163,Mondsee,1937,365,92,43,1,0,31.8,true
163,Mondsee,1938,365,92,36,2,0,30.0,true
163,Mondsee,1939,365,92,25,1,0,30.2,true
163,Mondsee,1940,366,92,22,0,0,29.8,true
163,Mondsee,1941,365,92,24,1,0,30.0,true
163,Mondsee,1942,365,92,32,1,0,30.1,true
163,Mondsee,1943,365,92,26,6,0,33.0,true
163,Mondsee,1944,366,92,33,4,0,34.1,true
163,Mondsee,1945,28,0,0,0,0,15.2,false
163,Mondsee,1946,92,0,0,0,0,19.8,false
163,Mondsee,1947,365,92,56,12,0,31.8,true
163,Mondsee,1948,366,92,30,1,0,31.6,true
163,Mondsee,1949,273,92,21,1,0,31.5,true
163,Mondsee,1950,74,17,20,5,0,32.5,false
163,Mondsee,1951,365,92,44,3,0,31.0,true
163,Mondsee,1952,366,92,50,11,0,34.0,true
163,Mondsee,1953,365,92,47,4,0,32.5,true
163,Mondsee,1954,365,92,37,1,0,30.6,true
163,Mondsee,1955,365,92,31,1,0,30.3,true
163,Mondsee,1956,366,92,32,1,0,30.4,true
163,Mondsee,1957,365,92,31,8,2,35.5,true
163,Mondsee,1958,365,92,41,3,0,32.1,true
163,Mondsee,1959,365,92,41,4,0,32.1,true
163,Mondsee,1960,366,92,32,3,0,31.2,true
163,Mondsee,1961,365,92,48,5,0,31.2,true
163,Mondsee,1962,365,92,47,9,0,32.3,true
163,Mondsee,1963,365,92,43,8,0,32.1,true
163,Mondsee,1964,366,92,47,5,0,31.2,true
163,Mondsee,1965,365,92,27,5,0,31.5,true
163,Mondsee,1966,365,92,35,4,0,31.4,true
163,Mondsee,1967,365,92,46,9,0,33.1,true
163,Mondsee,1968,366,92,38,4,0,31.0,true
163,Mondsee,1969,365,92,40,5,0,31.5,true
163,Mondsee,1970,365,92,40,2,0,31.0,true
163,Mondsee,1971,365,92,41,8,0,34.0,true
163,Mondsee,1972,366,92,34,6,0,33.5,true
163,Mondsee,1973,365,92,47,3,0,31.6,true
163,Mondsee,1974,365,92,34,5,0,33.0,true
163,Mondsee,1975,365,92,57,2,0,30.5,true
163,Mondsee,1976,366,92,55,9,0,33.7,true
163,Mondsee,1977,365,92,49,5,0,31.8,true
163,Mondsee,1978,365,92,44,2,0,31.2,true
163,Mondsee,1979,365,92,60,7,0,32.5,true
163,Mondsee,1980,366,92,26,2,0,31.0,true
163,Mondsee,1981,365,92,44,3,0,31.2,true
163,Mondsee,1982,365,92,51,1,0,30.3,true
163,Mondsee,1983,365,92,67,12,0,34.4,true
163,Mondsee,1984,366,92,25,2,0,32.0,true
163,Mondsee,1985,365,92,52,12,0,32.6,true
163,Mondsee,1986,365,92,59,5,0,31.0,true
163,Mondsee,1987,365,92,49,3,0,31.6,true
163,Mondsee,1988,366,92,48,10,0,32.8,true
163,Mondsee,1989,365,92,35,1,0,30.0,true
163,Mondsee,1990,365,92,41,4,0,30.8,true
163,Mondsee,1991,365,92,37,3,0,32.4,true
163,Mondsee,1992,366,92,55,19,0,34.8,true
163,Mondsee,1993,365,92,43,5,0,31.4,true
163,Mondsee,1994,365,92,56,22,0,34.0,true
163,Mondsee,1995,365,92,46,5,0,33.2,true
163,Mondsee,1996,366,92,32,3,0,31.6,true
163,Mondsee,1997,365,92,45,2,0,30.6,true
163,Mondsee,1998,365,92,49,8,0,33.5,true
163,Mondsee,1999,365,92,39,4,0,33.6,true
163,Mondsee,2000,366,92,54,10,0,32.6,true
163,Mondsee,2001,365,92,47,4,0,31.4,true
163,Mondsee,2002,365,92,52,10,0,33.4,true
163,Mondsee,2003,365,92,84,29,1,35.5,true
163,Mondsee,2004,366,92,43,3,0,30.8,true
163,Mondsee,2005,365,92,43,6,0,32.8,true
163,Mondsee,2006,365,92,54,13,0,33.6,true
163,Mondsee,2007,365,92,57,7,0,33.0,true
163,Mondsee,2008,366,92,57,7,0,32.3,true
163,Mondsee,2009,365,92,40,3,1,35.4,true
163,Mondsee,2010,365,92,45,12,0,32.3,true
163,Mondsee,2011,365,92,57,8,0,34.5,true
163,Mondsee,2012,366,92,55,11,0,34.5,true
163,Mondsee,2013,365,92,53,19,2,36.4,true
163,Mondsee,2014,365,92,36,8,0,33.5,true
163,Mondsee,2015,365,92,63,32,1,35.3,true
163,Mondsee,2016,366,92,64,8,0,33.1,true
163,Mondsee,2017,365,92,64,17,0,34.6,true
163,Mondsee,2018,365,92,87,21,0,33.6,true
163,Mondsee,2019,365,92,66,17,1,36.0,true
163,Mondsee,2020,366,92,57,10,0,33.0,true
163,Mondsee,2021,365,92,55,10,0,32.6,true
163,Mondsee,2022,365,92,71,13,0,34.9,true
163,Mondsee,2023,365,92,67,20,1,35.1,true
163,Mondsee,2024,366,92,73,23,0,33.2,true
163,Mondsee,2025,365,92,61,15,0,33.5,true
163,Mondsee,2026,242,91,77,34,6,37.2,true
63,Mönichkirchen,1954,153,31,0,0,0,24.3,false
63,Mönichkirchen,1955,365,92,0,0,0,24.5,true
63,Mönichkirchen,1956,366,92,0,0,0,24.5,true
63,Mönichkirchen,1957,365,92,8,1,0,30.5,true
63,Mönichkirchen,1958,365,92,7,0,0,25.8,true
63,Mönichkirchen,1959,335,92,2,0,0,26.7,true
63,Mönichkirchen,1960,215,31,3,0,0,26.5,false
63,Mönichkirchen,1961,341,68,4,0,0,26.2,false
63,Mönichkirchen,1962,365,92,5,0,0,27.4,true
63,Mönichkirchen,1963,365,92,6,0,0,26.2,true
63,Mönichkirchen,1964,366,92,5,0,0,27.6,true
63,Mönichkirchen,1965,365,92,4,0,0,28.2,true
63,Mönichkirchen,1966,365,92,1,0,0,25.3,true
63,Mönichkirchen,1967,365,92,8,0,0,26.5,true
63,Mönichkirchen,1968,366,92,3,0,0,28.4,true
63,Mönichkirchen,1969,365,92,5,0,0,27.9,true
63,Mönichkirchen,1970,334,92,2,0,0,25.7,true
63,Mönichkirchen,1971,365,92,4,0,0,28.5,true
63,Mönichkirchen,1972,366,92,4,0,0,25.6,true
63,Mönichkirchen,1973,365,92,5,0,0,25.6,true
63,Mönichkirchen,1974,365,92,7,0,0,27.0,true
63,Mönichkirchen,1975,365,92,1,0,0,25.4,true
63,Mönichkirchen,1976,366,92,4,0,0,27.0,true
63,Mönichkirchen,1977,365,92,1,0,0,25.0,true
63,Mönichkirchen,1978,365,92,0,0,0,24.8,true
63,Mönichkirchen,1979,365,92,0,0,0,24.4,true
63,Mönichkirchen,1980,366,92,1,0,0,25.0,true
63,Mönichkirchen,1981,365,92,4,0,0,26.2,true
63,Mönichkirchen,1982,365,92,1,0,0,26.4,true
63,Mönichkirchen,1983,365,92,9,1,0,30.2,true
63,Mönichkirchen,1984,366,92,2,0,0,27.8,true
63,Mönichkirchen,1985,365,92,2,0,0,26.2,true
63,Mönichkirchen,1986,365,92,0,0,0,24.5,true
63,Mönichkirchen,1987,365,92,2,0,0,26.6,true
63,Mönichkirchen,1988,366,92,10,0,0,27.5,true
63,Mönichkirchen,1989,365,92,0,0,0,24.4,true
63,Mönichkirchen,1990,365,92,1,0,0,25.6,true
63,Mönichkirchen,1991,365,92,2,0,0,25.9,true
63,Mönichkirchen,1992,366,92,20,1,0,30.2,true
63,Mönichkirchen,1993,365,92,3,0,0,26.6,true
63,Mönichkirchen,1994,365,92,19,0,0,26.9,true
63,Mönichkirchen,1995,365,92,0,0,0,24.8,true
63,Mönichkirchen,1996,366,92,3,0,0,25.8,true
63,Mönichkirchen,1997,365,92,0,0,0,24.0,true
63,Mönichkirchen,1998,365,92,11,0,0,27.5,true
63,Mönichkirchen,1999,365,92,4,0,0,26.9,true
63,Mönichkirchen,2000,366,92,12,0,0,28.7,true
63,Mönichkirchen,2001,365,92,12,0,0,26.7,true
63,Mönichkirchen,2002,365,92,7,0,0,27.9,true
63,Mönichkirchen,2003,365,92,23,2,0,31.2,true
63,Mönichkirchen,2004,366,92,3,0,0,26.6,true
63,Mönichkirchen,2005,365,92,7,0,0,26.8,true
63,Mönichkirchen,2006,365,92,15,0,0,27.7,true
63,Mönichkirchen,2007,365,92,10,0,0,29.4,true
63,Mönichkirchen,2008,366,92,4,0,0,27.9,true
63,Mönichkirchen,2009,365,92,8,0,0,28.1,true
63,Mönichkirchen,2010,365,92,12,1,0,30.3,true
63,Mönichkirchen,2011,365,92,10,0,0,29.1,true
63,Mönichkirchen,2012,366,92,20,0,0,29.5,true
63,Mönichkirchen,2013,365,92,20,4,0,31.0,true
63,Mönichkirchen,2014,365,92,3,0,0,28.5,true
63,Mönichkirchen,2015,365,92,32,0,0,29.6,true
63,Mönichkirchen,2016,366,92,4,0,0,26.1,true
63,Mönichkirchen,2017,365,92,19,0,0,28.7,true
63,Mönichkirchen,2018,365,92,13,0,0,26.6,true
63,Mönichkirchen,2019,365,92,22,1,0,30.0,true
63,Mönichkirchen,2020,366,92,7,0,0,27.1,true
63,Mönichkirchen,2021,365,92,16,0,0,27.6,true
63,Mönichkirchen,2022,365,92,20,0,0,28.7,true
63,Mönichkirchen,2023,365,92,17,0,0,28.7,true
63,Mönichkirchen,2024,366,92,31,0,0,28.0,true
63,Mönichkirchen,2025,365,92,19,0,0,28.9,true
63,Mönichkirchen,2026,242,91,36,5,0,31.6,true
167,Mürzzuschlag,1948,366,92,27,1,0,30.0,true
167,Mürzzuschlag,1949,365,92,27,1,0,30.0,true
167,Mürzzuschlag,1950,365,92,51,9,0,34.0,true
167,Mürzzuschlag,1951,365,92,35,1,0,30.0,true
167,Mürzzuschlag,1952,366,92,37,9,0,33.0,true
167,Mürzzuschlag,1953,365,92,34,1,0,30.0,true
167,Mürzzuschlag,1954,365,92,27,0,0,29.0,true
167,Mürzzuschlag,1955,365,92,17,1,0,31.0,true
167,Mürzzuschlag,1956,366,92,25,2,0,30.0,true
167,Mürzzuschlag,1957,365,92,31,5,0,34.0,true
167,Mürzzuschlag,1958,365,92,29,2,0,30.4,true
167,Mürzzuschlag,1959,365,92,14,0,0,28.6,true
167,Mürzzuschlag,1960,366,92,16,2,0,30.5,true
167,Mürzzuschlag,1961,365,92,38,1,0,30.0,true
167,Mürzzuschlag,1962,365,92,30,1,0,30.1,true
167,Mürzzuschlag,1963,365,92,27,0,0,29.9,true
167,Mürzzuschlag,1964,366,92,32,0,0,29.3,true
167,Mürzzuschlag,1965,365,92,15,3,0,31.6,true
167,Mürzzuschlag,1966,365,92,17,1,0,30.8,true
167,Mürzzuschlag,1967,365,92,28,1,0,30.0,true
167,Mürzzuschlag,1968,366,92,19,3,0,31.4,true
167,Mürzzuschlag,1969,365,92,23,3,0,31.0,true
167,Mürzzuschlag,1970,365,92,32,0,0,28.7,true
167,Mürzzuschlag,1971,365,92,29,2,0,30.9,true
167,Mürzzuschlag,1972,366,92,19,3,0,30.7,true
167,Mürzzuschlag,1973,365,92,30,1,0,30.5,true
167,Mürzzuschlag,1974,365,92,26,3,0,31.6,true
167,Mürzzuschlag,1975,365,92,18,0,0,29.0,true
167,Mürzzuschlag,1976,366,92,16,1,0,31.1,true
167,Mürzzuschlag,1977,365,92,17,0,0,28.0,true
167,Mürzzuschlag,1978,365,92,8,0,0,26.1,true
167,Mürzzuschlag,1979,365,92,20,0,0,29.1,true
167,Mürzzuschlag,1980,366,92,17,0,0,29.5,true
167,Mürzzuschlag,1981,365,92,30,2,0,31.6,true
167,Mürzzuschlag,1982,365,92,18,0,0,29.5,true
167,Mürzzuschlag,1983,365,92,37,4,0,33.6,true
167,Mürzzuschlag,1984,366,92,12,2,0,32.5,true
167,Mürzzuschlag,1985,365,92,26,0,0,29.2,true
167,Mürzzuschlag,1986,365,92,29,0,0,29.5,true
167,Mürzzuschlag,1987,365,92,23,0,0,28.6,true
167,Mürzzuschlag,1988,366,92,28,4,0,31.0,true
167,Mürzzuschlag,1989,365,92,13,0,0,27.0,true
167,Mürzzuschlag,1990,365,92,32,2,0,30.4,true
167,Mürzzuschlag,1991,365,92,21,1,0,30.2,true
167,Mürzzuschlag,1992,366,92,39,11,0,31.0,true
167,Mürzzuschlag,1993,365,92,30,0,0,29.5,true
167,Mürzzuschlag,1994,365,92,46,6,0,32.0,true
167,Mürzzuschlag,1995,365,92,32,1,0,30.0,true
167,Mürzzuschlag,1996,366,92,19,1,0,30.5,true
167,Mürzzuschlag,1997,365,92,30,0,0,28.4,true
167,Mürzzuschlag,1998,365,92,36,3,0,31.5,true
167,Mürzzuschlag,1999,365,92,18,1,0,30.0,true
167,Mürzzuschlag,2000,366,92,35,5,0,32.0,true
167,Mürzzuschlag,2001,365,92,38,1,0,30.0,true
167,Mürzzuschlag,2002,365,92,32,2,0,31.2,true
167,Mürzzuschlag,2003,365,92,67,15,0,33.8,true
167,Mürzzuschlag,2004,366,92,26,1,0,31.4,true
167,Mürzzuschlag,2005,365,92,29,3,0,32.3,true
167,Mürzzuschlag,2006,365,92,38,2,0,31.0,true
167,Mürzzuschlag,2007,365,92,44,9,0,33.8,true
167,Mürzzuschlag,2008,366,92,43,1,0,32.0,true
167,Mürzzuschlag,2009,365,92,42,4,0,32.2,true
167,Mürzzuschlag,2010,365,92,39,8,0,32.6,true
167,Mürzzuschlag,2011,365,92,38,6,0,32.7,true
167,Mürzzuschlag,2012,366,92,57,11,0,33.0,true
167,Mürzzuschlag,2013,365,92,47,15,2,35.3,true
167,Mürzzuschlag,2014,365,92,25,2,0,31.4,true
167,Mürzzuschlag,2015,365,92,51,20,0,33.3,true
167,Mürzzuschlag,2016,366,92,54,2,0,30.2,true
167,Mürzzuschlag,2017,365,92,57,13,0,32.7,true
167,Mürzzuschlag,2018,365,92,53,2,0,30.5,true
167,Mürzzuschlag,2019,365,92,64,14,0,34.1,true
167,Mürzzuschlag,2020,366,92,42,5,0,32.5,true
167,Mürzzuschlag,2021,365,92,50,6,0,31.3,true
167,Mürzzuschlag,2022,365,92,58,16,0,34.1,true
167,Mürzzuschlag,2023,365,92,53,10,0,32.7,true
167,Mürzzuschlag,2024,366,92,70,14,0,32.6,true
167,Mürzzuschlag,2025,365,92,61,13,0,33.6,true
167,Mürzzuschlag,2026,242,91,60,23,0,34.9,true
121,Nauders,1958,214,92,10,0,0,27.5,true
121,Nauders,1959,365,92,9,0,0,28.0,true
121,Nauders,1960,366,92,7,0,0,26.8,true
121,Nauders,1961,365,92,23,0,0,27.5,true
121,Nauders,1962,365,92,22,0,0,28.4,true
121,Nauders,1963,365,92,8,0,0,26.9,true
121,Nauders,1964,366,92,19,0,0,28.8,true
121,Nauders,1965,365,92,11,0,0,28.2,true
121,Nauders,1966,365,92,7,0,0,29.6,true
121,Nauders,1967,365,92,13,0,0,29.6,true
121,Nauders,1968,366,92,9,0,0,29.2,true
121,Nauders,1969,365,92,13,0,0,27.3,true
121,Nauders,1970,365,92,11,0,0,27.4,true
121,Nauders,1971,365,92,12,0,0,28.8,true
121,Nauders,1972,366,92,10,0,0,27.9,true
121,Nauders,1973,365,92,19,0,0,28.2,true
121,Nauders,1974,365,92,9,0,0,29.4,true
121,Nauders,1975,365,92,12,0,0,28.8,true
121,Nauders,1976,366,92,13,0,0,28.6,true
121,Nauders,1977,365,92,5,0,0,26.8,true
121,Nauders,1978,365,92,5,0,0,25.6,true
121,Nauders,1979,365,92,6,0,0,26.8,true
121,Nauders,1980,366,92,15,0,0,27.0,true
121,Nauders,1981,365,92,13,0,0,27.3,true
121,Nauders,1982,365,92,12,0,0,27.8,true
121,Nauders,1983,365,92,17,4,0,31.6,true
121,Nauders,1984,366,92,13,0,0,29.2,true
121,Nauders,1985,365,92,15,0,0,28.0,true
121,Nauders,1986,365,92,20,0,0,27.2,true
121,Nauders,1987,365,92,23,0,0,28.3,true
121,Nauders,1988,366,92,24,0,0,27.2,true
121,Nauders,1989,365,92,8,0,0,26.8,true
121,Nauders,1990,365,92,17,0,0,27.7,true
121,Nauders,1991,365,92,29,0,0,29.4,true
121,Nauders,1992,366,92,29,0,0,29.1,true
121,Nauders,1993,365,92,17,0,0,28.3,true
121,Nauders,1994,365,92,42,2,0,31.7,true
121,Nauders,1995,365,92,26,0,0,29.4,true
121,Nauders,1996,366,92,13,0,0,27.0,true
121,Nauders,1997,365,92,13,0,0,27.5,true
121,Nauders,1998,365,92,21,1,0,30.0,true
121,Nauders,1999,365,92,13,0,0,28.4,true
121,Nauders,2000,366,92,26,0,0,28.6,true
121,Nauders,2001,151,0,0,0,0,24.8,false
121,Nauders,2002,214,92,15,0,0,29.7,true
121,Nauders,2003,365,92,45,3,0,30.8,true
121,Nauders,2004,366,92,11,0,0,27.2,true
121,Nauders,2005,365,92,25,0,0,28.7,true
121,Nauders,2006,365,92,32,0,0,29.9,true
121,Nauders,2007,365,92,17,0,0,28.7,true
121,Nauders,2008,366,92,12,0,0,28.8,true
121,Nauders,2009,365,92,21,0,0,29.3,true
121,Nauders,2010,365,92,24,3,0,30.7,true
121,Nauders,2011,365,92,18,0,0,29.2,true
121,Nauders,2012,366,92,21,2,0,31.4,true
121,Nauders,2013,365,92,24,1,0,30.0,true
121,Nauders,2014,365,92,10,0,0,29.7,true
121,Nauders,2015,365,92,41,3,0,31.5,true
121,Nauders,2016,366,92,18,1,0,30.1,true
121,Nauders,2017,365,92,30,2,0,31.0,true
121,Nauders,2018,365,92,36,1,0,30.6,true
121,Nauders,2019,365,92,26,6,0,33.5,true
121,Nauders,2020,366,92,23,0,0,29.6,true
121,Nauders,2021,365,92,14,0,0,28.9,true
121,Nauders,2022,365,92,33,3,0,30.4,true
121,Nauders,2023,365,92,34,3,0,30.6,true
121,Nauders,2024,366,92,32,1,0,30.2,true
121,Nauders,2025,365,92,34,1,0,30.1,true
121,Nauders,2026,242,91,48,9,0,32.8,true
64,Neumarkt,1936,366,92,30,0,0,29.0,true
64,Neumarkt,1937,365,92,28,0,0,29.1,true
64,Neumarkt,1938,365,92,29,0,0,29.0,true
64,Neumarkt,1939,365,92,27,1,0,30.7,true
64,Neumarkt,1940,366,92,9,0,0,27.5,true
64,Neumarkt,1941,365,92,19,0,0,28.1,true
64,Neumarkt,1942,365,92,27,0,0,29.0,true
64,Neumarkt,1943,365,92,35,2,0,30.8,true
64,Neumarkt,1944,366,92,27,1,0,31.3,true
64,Neumarkt,1945,321,72,32,1,0,30.1,false
64,Neumarkt,1946,328,90,33,1,0,30.8,false
64,Neumarkt,1947,318,92,42,1,0,31.1,true
64,Neumarkt,1948,366,92,26,0,0,28.0,true
64,Neumarkt,1949,364,92,28,1,0,30.0,true
64,Neumarkt,1950,365,92,61,12,0,33.0,true
64,Neumarkt,1951,365,92,49,2,0,30.0,true
64,Neumarkt,1952,366,92,35,11,0,33.0,true
64,Neumarkt,1953,363,92,32,0,0,29.0,true
64,Neumarkt,1954,365,92,26,0,0,27.0,true
64,Neumarkt,1955,365,92,15,0,0,29.0,true
64,Neumarkt,1956,365,92,24,0,0,29.0,true
64,Neumarkt,1957,365,92,33,5,0,34.0,true
64,Neumarkt,1958,332,92,46,0,0,29.0,true
64,Neumarkt,1959,365,92,21,0,0,29.0,true
64,Neumarkt,1960,364,92,22,0,0,29.0,true
64,Neumarkt,1961,365,92,44,1,0,30.0,true
64,Neumarkt,1962,354,92,35,3,0,31.4,true
64,Neumarkt,1963,365,92,32,0,0,29.2,true
64,Neumarkt,1964,366,92,44,1,0,30.6,true
64,Neumarkt,1965,365,92,25,3,0,31.2,true
64,Neumarkt,1966,365,92,27,2,0,30.8,true
64,Neumarkt,1967,365,92,35,3,0,31.2,true
64,Neumarkt,1968,366,92,18,2,0,31.0,true
64,Neumarkt,1969,365,92,31,3,0,31.0,true
64,Neumarkt,1970,365,92,34,0,0,29.8,true
64,Neumarkt,1971,365,92,38,2,0,30.6,true
64,Neumarkt,1972,366,92,22,0,0,29.1,true
64,Neumarkt,1973,365,92,28,0,0,29.5,true
64,Neumarkt,1974,365,92,22,4,0,31.0,true
64,Neumarkt,1975,365,92,24,1,0,30.6,true
64,Neumarkt,1976,366,92,29,0,0,29.9,true
64,Neumarkt,1977,365,92,20,0,0,27.7,true
64,Neumarkt,1978,365,92,5,0,0,26.8,true
64,Neumarkt,1979,365,92,23,0,0,27.6,true
64,Neumarkt,1980,366,92,26,2,0,30.6,true
64,Neumarkt,1981,365,92,35,3,0,31.2,true
64,Neumarkt,1982,365,92,39,1,0,32.0,true
64,Neumarkt,1983,365,92,47,8,2,35.3,true
64,Neumarkt,1984,366,92,18,3,0,33.0,true
64,Neumarkt,1985,365,92,36,0,0,29.7,true
64,Neumarkt,1986,304,92,47,2,0,31.1,true
64,Neumarkt,1993,153,31,10,0,0,27.6,false
64,Neumarkt,1994,365,92,41,3,0,31.5,true
64,Neumarkt,1995,365,92,20,0,0,28.7,true
64,Neumarkt,1996,366,92,12,0,0,29.6,true
64,Neumarkt,1997,365,92,6,0,0,26.6,true
64,Neumarkt,1998,365,92,29,1,0,30.3,true
64,Neumarkt,1999,365,92,15,1,0,30.2,true
64,Neumarkt,2000,366,92,29,0,0,29.8,true
64,Neumarkt,2001,365,92,35,0,0,29.4,true
64,Neumarkt,2002,365,92,23,0,0,29.2,true
64,Neumarkt,2003,365,92,70,16,0,32.8,true
64,Neumarkt,2004,366,92,23,0,0,29.3,true
64,Neumarkt,2005,365,92,26,1,0,30.5,true
64,Neumarkt,2006,365,92,41,4,0,31.4,true
64,Neumarkt,2007,365,92,26,3,0,30.9,true
64,Neumarkt,2008,366,92,30,0,0,29.5,true
64,Neumarkt,2009,365,92,34,0,0,29.0,true
64,Neumarkt,2010,365,92,35,5,0,30.7,true
64,Neumarkt,2011,365,92,32,2,0,31.3,true
64,Neumarkt,2012,366,92,40,2,0,30.8,true
64,Neumarkt,2013,365,92,38,13,1,35.1,true
64,Neumarkt,2014,365,92,18,0,0,29.6,true
64,Neumarkt,2015,365,92,49,5,0,31.7,true
64,Neumarkt,2016,366,92,24,0,0,29.4,true
64,Neumarkt,2017,365,92,42,5,0,31.5,true
64,Neumarkt,2018,365,92,39,3,0,30.5,true
64,Neumarkt,2019,365,92,56,10,0,34.3,true
64,Neumarkt,2020,366,92,30,3,0,31.7,true
64,Neumarkt,2021,365,92,34,0,0,29.9,true
64,Neumarkt,2022,365,92,53,9,0,32.3,true
64,Neumarkt,2023,365,92,39,3,0,30.7,true
64,Neumarkt,2024,366,92,59,4,0,30.7,true
64,Neumarkt,2025,365,92,51,8,0,32.9,true
64,Neumarkt,2026,242,91,62,21,0,33.8,true
65,Neusiedl am See,1936,366,92,60,14,0,34.0,true
65,Neusiedl am See,1937,365,92,64,10,0,32.0,true
65,Neusiedl am See,1938,365,92,63,19,1,35.0,true
65,Neusiedl am See,1939,365,92,75,14,0,34.0,true
65,Neusiedl am See,1940,366,92,40,1,0,30.0,true
65,Neusiedl am See,1941,365,92,45,6,0,30.5,true
65,Neusiedl am See,1942,284,92,73,16,0,32.9,true
65,Neusiedl am See,1943,214,92,57,11,0,34.6,true
65,Neusiedl am See,1944,80,0,0,0,0,16.4,false
65,Neusiedl am See,1948,366,92,67,8,0,32.8,true
65,Neusiedl am See,1949,365,92,57,14,0,33.5,true
65,Neusiedl am See,1950,365,92,88,28,3,38.0,true
65,Neusiedl am See,1951,365,92,62,12,0,33.5,true
65,Neusiedl am See,1952,366,92,75,27,2,36.0,true
65,Neusiedl am See,1953,365,92,73,12,0,32.5,true
65,Neusiedl am See,1954,365,92,57,12,0,33.5,true
65,Neusiedl am See,1955,365,92,49,2,0,31.5,true
65,Neusiedl am See,1956,366,92,60,8,0,32.0,true
65,Neusiedl am See,1957,365,92,58,13,4,37.8,true
65,Neusiedl am See,1958,365,92,63,16,0,33.2,true
65,Neusiedl am See,1959,365,92,51,5,0,33.8,true
65,Neusiedl am See,1960,366,92,52,3,0,31.0,true
65,Neusiedl am See,1961,365,92,58,14,0,34.0,true
65,Neusiedl am See,1962,365,92,64,13,0,33.5,true
65,Neusiedl am See,1963,365,92,73,18,0,33.5,true
65,Neusiedl am See,1964,366,92,64,16,0,32.5,true
65,Neusiedl am See,1965,365,92,45,8,0,31.0,true
65,Neusiedl am See,1966,365,92,53,3,0,31.3,true
65,Neusiedl am See,1967,365,92,68,21,0,33.2,true
65,Neusiedl am See,1968,366,92,60,13,1,35.0,true
65,Neusiedl am See,1969,365,92,67,16,0,34.5,true
65,Neusiedl am See,1970,365,92,58,16,0,32.0,true
65,Neusiedl am See,1971,365,92,75,23,1,36.0,true
65,Neusiedl am See,1972,366,92,49,15,0,32.6,true
65,Neusiedl am See,1973,365,92,70,20,0,33.0,true
65,Neusiedl am See,1974,365,92,57,13,0,34.6,true
65,Neusiedl am See,1975,365,92,76,6,0,32.0,true
65,Neusiedl am See,1976,366,92,63,15,0,34.0,true
65,Neusiedl am See,1977,365,92,71,6,0,31.5,true
65,Neusiedl am See,1978,365,92,47,2,0,31.2,true
65,Neusiedl am See,1979,365,92,64,11,0,31.8,true
65,Neusiedl am See,1980,366,92,43,5,0,31.6,true
65,Neusiedl am See,1981,365,92,68,20,0,34.2,true
65,Neusiedl am See,1982,365,92,86,9,0,32.0,true
65,Neusiedl am See,1983,365,92,87,29,3,35.2,true
65,Neusiedl am See,1984,366,92,48,9,0,34.2,true
65,Neusiedl am See,1985,365,92,56,10,0,32.8,true
65,Neusiedl am See,1986,365,92,74,14,0,32.1,true
65,Neusiedl am See,1987,365,92,56,9,0,33.0,true
65,Neusiedl am See,1988,366,92,65,19,1,35.2,true
65,Neusiedl am See,1989,365,92,57,12,0,32.8,true
65,Neusiedl am See,1990,365,92,65,15,0,33.4,true
65,Neusiedl am See,1991,365,92,59,13,0,34.6,true
65,Neusiedl am See,1992,366,92,78,27,4,36.0,true
65,Neusiedl am See,1993,365,92,66,16,0,34.1,true
65,Neusiedl am See,1994,365,92,89,36,2,35.2,true
65,Neusiedl am See,1995,365,92,69,23,0,33.0,true
65,Neusiedl am See,1996,366,92,51,7,0,32.6,true
65,Neusiedl am See,1997,365,92,75,6,0,32.4,true
65,Neusiedl am See,1998,365,92,67,22,1,35.0,true
65,Neusiedl am See,1999,365,92,70,8,0,34.2,true
65,Neusiedl am See,2000,366,92,86,28,4,36.3,true
65,Neusiedl am See,2001,365,92,75,24,1,35.5,true
65,Neusiedl am See,2002,365,92,87,24,1,35.9,true
65,Neusiedl am See,2003,365,92,105,50,4,38.5,true
65,Neusiedl am See,2004,366,92,60,17,0,34.6,true
65,Neusiedl am See,2005,365,92,79,22,3,35.8,true
65,Neusiedl am See,2006,365,92,79,32,6,36.7,true
65,Neusiedl am See,2007,365,92,91,40,6,39.0,true
65,Neusiedl am See,2008,366,92,91,33,0,33.9,true
65,Neusiedl am See,2009,365,92,102,29,1,35.2,true
65,Neusiedl am See,2010,365,92,68,27,4,35.3,true
65,Neusiedl am See,2011,365,92,105,29,4,36.2,true
65,Neusiedl am See,2012,366,92,110,50,11,37.8,true
65,Neusiedl am See,2013,365,92,89,39,11,40.3,true
65,Neusiedl am See,2014,365,92,78,20,1,35.7,true
65,Neusiedl am See,2015,365,92,88,48,13,37.5,true
65,Neusiedl am See,2016,264,20,23,0,0,29.4,false
65,Neusiedl am See,2017,364,92,87,36,3,36.6,true
65,Neusiedl am See,2018,365,92,117,34,0,34.6,true
65,Neusiedl am See,2019,365,92,93,36,1,36.7,true
65,Neusiedl am See,2020,366,92,86,24,0,34.1,true
65,Neusiedl am See,2021,365,92,88,30,1,35.2,true
65,Neusiedl am See,2022,365,92,98,35,6,36.0,true
65,Neusiedl am See,2023,365,92,96,37,0,34.8,true
65,Neusiedl am See,2024,366,92,101,50,2,35.2,true
65,Neusiedl am See,2025,365,92,86,33,1,35.7,true
65,Neusiedl am See,2026,242,91,95,49,16,38.2,true
66,Obergurgl,1953,245,92,0,0,0,23.1,true
66,Obergurgl,1954,365,92,0,0,0,22.0,true
66,Obergurgl,1955,365,92,0,0,0,22.5,true
66,Obergurgl,1956,366,92,0,0,0,23.5,true
66,Obergurgl,1957,365,92,3,0,0,25.8,true
66,Obergurgl,1958,365,92,0,0,0,23.5,true
66,Obergurgl,1959,365,92,0,0,0,24.4,true
66,Obergurgl,1960,366,92,0,0,0,23.8,true
66,Obergurgl,1961,365,92,0,0,0,23.3,true
66,Obergurgl,1962,365,92,0,0,0,24.0,true
66,Obergurgl,1963,365,92,0,0,0,22.5,true
66,Obergurgl,1964,366,92,0,0,0,23.5,true
66,Obergurgl,1965,304,92,0,0,0,22.6,true
66,Obergurgl,1966,365,92,2,0,0,27.9,true
66,Obergurgl,1967,365,92,0,0,0,23.4,true
66,Obergurgl,1968,366,92,1,0,0,25.9,true
66,Obergurgl,1969,365,92,0,0,0,22.2,true
66,Obergurgl,1970,365,92,0,0,0,22.8,true
66,Obergurgl,1971,365,92,0,0,0,24.6,true
66,Obergurgl,1972,366,92,0,0,0,24.2,true
66,Obergurgl,1973,365,92,0,0,0,22.5,true
66,Obergurgl,1974,365,92,0,0,0,24.3,true
66,Obergurgl,1975,365,92,0,0,0,23.6,true
66,Obergurgl,1976,366,92,0,0,0,22.7,true
66,Obergurgl,1977,365,92,0,0,0,21.7,true
66,Obergurgl,1978,245,92,0,0,0,20.5,true
66,Obergurgl,1979,365,92,0,0,0,22.1,true
66,Obergurgl,1980,366,92,0,0,0,24.8,true
66,Obergurgl,1981,365,92,0,0,0,23.4,true
66,Obergurgl,1982,365,92,0,0,0,22.5,true
66,Obergurgl,1983,365,92,5,0,0,26.7,true
66,Obergurgl,1984,366,92,0,0,0,24.6,true
66,Obergurgl,1985,365,92,0,0,0,24.0,true
66,Obergurgl,1986,365,92,0,0,0,21.5,true
66,Obergurgl,1987,365,92,0,0,0,22.7,true
66,Obergurgl,1988,366,92,0,0,0,22.7,true
66,Obergurgl,1989,365,92,0,0,0,21.9,true
66,Obergurgl,1990,365,92,0,0,0,23.7,true
66,Obergurgl,1991,365,92,0,0,0,23.9,true
66,Obergurgl,1992,366,92,0,0,0,24.0,true
66,Obergurgl,1993,365,92,0,0,0,22.7,true
66,Obergurgl,1994,365,92,1,0,0,25.2,true
66,Obergurgl,1995,365,92,0,0,0,24.7,true
66,Obergurgl,1996,366,92,0,0,0,21.5,true
66,Obergurgl,1997,365,92,0,0,0,23.0,true
66,Obergurgl,1998,365,92,0,0,0,24.8,true
66,Obergurgl,1999,365,92,0,0,0,23.1,true
66,Obergurgl,2000,366,92,0,0,0,23.0,true
66,Obergurgl,2001,365,92,0,0,0,24.0,true
66,Obergurgl,2002,365,92,0,0,0,24.9,true
66,Obergurgl,2003,365,92,2,0,0,25.9,true
66,Obergurgl,2004,366,92,0,0,0,20.8,true
66,Obergurgl,2005,365,92,1,0,0,25.0,true
66,Obergurgl,2006,365,92,0,0,0,24.5,true
66,Obergurgl,2007,365,92,0,0,0,24.5,true
66,Obergurgl,2008,366,92,0,0,0,24.8,true
66,Obergurgl,2009,365,92,0,0,0,24.5,true
66,Obergurgl,2010,365,92,1,0,0,25.0,true
66,Obergurgl,2011,365,92,1,0,0,25.3,true
66,Obergurgl,2012,366,92,2,0,0,26.4,true
66,Obergurgl,2013,365,92,2,0,0,26.4,true
66,Obergurgl,2014,365,92,0,0,0,24.1,true
66,Obergurgl,2015,365,92,2,0,0,26.5,true
66,Obergurgl,2016,366,92,2,0,0,25.3,true
66,Obergurgl,2017,365,92,1,0,0,25.2,true
66,Obergurgl,2018,365,92,1,0,0,25.6,true
66,Obergurgl,2019,365,92,6,0,0,27.3,true
66,Obergurgl,2020,366,92,1,0,0,25.1,true
66,Obergurgl,2021,365,92,0,0,0,23.4,true
66,Obergurgl,2022,365,92,4,0,0,25.3,true
66,Obergurgl,2023,365,92,4,0,0,26.2,true
66,Obergurgl,2024,366,92,2,0,0,25.7,true
66,Obergurgl,2025,365,92,8,0,0,26.1,true
66,Obergurgl,2026,242,91,5,0,0,27.2,true
69,Obervellach,1970,122,0,1,0,0,25.5,false
69,Obervellach,1971,365,92,40,4,0,32.2,true
69,Obervellach,1972,366,92,21,0,0,29.5,true
69,Obervellach,1973,365,92,33,0,0,29.8,true
69,Obervellach,1974,365,92,29,4,0,32.1,true
69,Obervellach,1975,365,92,29,0,0,29.1,true
69,Obervellach,1976,366,92,34,5,0,31.7,true
69,Obervellach,1977,365,92,20,1,0,30.3,true
69,Obervellach,1978,365,92,7,0,0,27.5,true
69,Obervellach,1979,365,92,28,0,0,27.7,true
69,Obervellach,1980,366,92,24,1,0,30.7,true
69,Obervellach,1981,365,92,22,1,0,31.2,true
69,Obervellach,1986,31,0,0,0,0,11.1,false
69,Obervellach,1987,365,92,17,0,0,28.0,true
69,Obervellach,1988,366,92,26,1,0,30.1,true
69,Obervellach,1989,365,92,14,0,0,28.6,true
69,Obervellach,1990,365,92,27,1,0,30.3,true
69,Obervellach,1991,365,92,26,1,0,32.0,true
69,Obervellach,1992,366,92,36,7,0,32.2,true
69,Obervellach,1993,365,92,32,0,0,29.7,true
69,Obervellach,1994,365,92,49,11,0,34.0,true
69,Obervellach,1995,365,92,34,0,0,29.5,true
69,Obervellach,1996,366,92,26,1,0,30.2,true
69,Obervellach,1997,365,92,19,0,0,27.0,true
69,Obervellach,1998,365,92,36,5,0,31.8,true
69,Obervellach,1999,365,92,22,0,0,29.7,true
69,Obervellach,2000,366,92,39,2,0,31.8,true
69,Obervellach,2001,365,92,54,9,0,33.3,true
69,Obervellach,2002,365,92,36,6,0,32.2,true
69,Obervellach,2003,365,92,84,18,1,37.2,true
69,Obervellach,2004,366,92,37,6,0,32.8,true
69,Obervellach,2005,365,92,44,9,0,32.7,true
69,Obervellach,2006,365,92,49,15,0,33.9,true
69,Obervellach,2007,365,92,42,10,0,32.5,true
69,Obervellach,2008,366,92,49,1,0,30.0,true
69,Obervellach,2009,365,92,50,2,0,30.7,true
69,Obervellach,2010,365,92,46,17,0,33.5,true
69,Obervellach,2011,365,92,51,10,0,32.5,true
69,Obervellach,2012,366,92,60,8,0,33.0,true
69,Obervellach,2013,365,92,58,20,2,37.9,true
69,Obervellach,2014,365,92,38,6,0,32.4,true
69,Obervellach,2015,365,92,58,19,0,32.9,true
69,Obervellach,2016,366,92,52,4,0,30.9,true
69,Obervellach,2017,365,92,63,12,0,33.3,true
69,Obervellach,2018,365,92,60,11,0,34.1,true
69,Obervellach,2019,365,92,68,15,2,36.0,true
69,Obervellach,2020,366,92,45,5,0,32.5,true
69,Obervellach,2021,365,92,49,10,0,32.9,true
69,Obervellach,2022,365,92,73,16,0,33.4,true
69,Obervellach,2023,365,92,55,16,0,32.8,true
69,Obervellach,2024,366,92,71,21,0,33.5,true
69,Obervellach,2025,365,92,61,19,1,35.6,true
69,Obervellach,2026,242,91,79,38,0,34.7,true
182,Oberwölz,1936,366,92,16,0,0,28.0,true
182,Oberwölz,1937,337,92,11,0,0,27.4,true
182,Oberwölz,1938,365,92,17,0,0,27.5,true
182,Oberwölz,1939,306,92,27,0,0,29.4,true
182,Oberwölz,1940,335,61,2,0,0,26.0,false
182,Oberwölz,1941,365,92,18,0,0,27.8,true
182,Oberwölz,1942,365,92,17,0,0,28.0,true
182,Oberwölz,1943,365,92,25,3,0,31.4,true
182,Oberwölz,1944,366,92,22,2,0,31.9,true
182,Oberwölz,1945,59,0,0,0,0,12.7,false
182,Oberwölz,1946,365,92,31,1,0,30.2,true
182,Oberwölz,1947,365,92,45,4,0,31.2,true
182,Oberwölz,1948,366,92,18,0,0,28.6,true
182,Oberwölz,1949,365,92,21,1,0,30.0,true
182,Oberwölz,1950,365,92,45,5,0,33.7,true
182,Oberwölz,1951,365,92,35,0,0,28.9,true
182,Oberwölz,1952,366,92,27,8,0,32.2,true
182,Oberwölz,1953,365,92,25,0,0,29.6,true
182,Oberwölz,1954,365,92,16,0,0,26.6,true
182,Oberwölz,1955,365,92,15,2,0,31.5,true
182,Oberwölz,1956,366,92,22,0,0,29.6,true
182,Oberwölz,1957,365,92,26,5,0,33.4,true
182,Oberwölz,1958,365,92,30,0,0,28.8,true
182,Oberwölz,1959,365,92,16,0,0,28.6,true
182,Oberwölz,1960,366,92,13,0,0,29.0,true
182,Oberwölz,1961,365,92,40,0,0,29.6,true
182,Oberwölz,1962,365,92,27,1,0,31.0,true
182,Oberwölz,1963,365,92,27,0,0,29.1,true
182,Oberwölz,1964,366,92,34,0,0,29.5,true
182,Oberwölz,1965,365,92,20,0,0,29.2,true
182,Oberwölz,1966,365,92,19,1,0,30.3,true
182,Oberwölz,1967,365,92,26,2,0,31.6,true
182,Oberwölz,1968,366,92,15,2,0,30.9,true
182,Oberwölz,1969,59,0,0,0,0,8.5,false
182,Oberwölz,1971,365,92,28,3,0,31.1,true
182,Oberwölz,1972,366,92,24,0,0,29.6,true
182,Oberwölz,1973,365,92,34,1,0,30.1,true
182,Oberwölz,1974,365,92,26,4,0,31.4,true
182,Oberwölz,1975,365,92,29,0,0,29.4,true
182,Oberwölz,1976,366,92,31,1,0,31.1,true
182,Oberwölz,1977,365,92,22,0,0,29.0,true
182,Oberwölz,1978,365,92,17,0,0,28.5,true
182,Oberwölz,1979,365,92,35,0,0,28.2,true
182,Oberwölz,1980,366,92,30,3,0,30.8,true
182,Oberwölz,1981,365,92,34,3,0,31.6,true
182,Oberwölz,1982,365,92,36,0,0,29.8,true
182,Oberwölz,1983,365,92,47,9,2,37.0,true
182,Oberwölz,1984,366,92,23,4,0,33.8,true
182,Oberwölz,1985,365,92,48,3,0,30.6,true
182,Oberwölz,1986,365,92,45,0,0,29.7,true
182,Oberwölz,1987,365,92,38,2,0,30.9,true
182,Oberwölz,1988,366,92,44,6,0,31.7,true
182,Oberwölz,1989,365,92,25,0,0,29.0,true
182,Oberwölz,1990,365,92,41,2,0,31.4,true
182,Oberwölz,1991,365,92,32,2,0,32.0,true
182,Oberwölz,1992,366,92,42,14,0,33.2,true
182,Oberwölz,1993,365,92,39,0,0,29.7,true
182,Oberwölz,1994,365,92,53,11,0,32.0,true
182,Oberwölz,1995,365,92,36,2,0,31.5,true
182,Oberwölz,1996,366,92,26,3,0,30.8,true
182,Oberwölz,1997,365,92,35,0,0,28.1,true
182,Oberwölz,1998,365,92,43,10,0,31.8,true
182,Oberwölz,1999,365,92,33,1,0,32.0,true
182,Oberwölz,2000,366,92,44,5,0,33.0,true
182,Oberwölz,2001,120,0,0,0,0,22.1,false
182,Oberwölz,2007,153,31,8,0,0,29.1,false
182,Oberwölz,2008,366,92,49,2,0,30.3,true
182,Oberwölz,2009,365,92,41,3,0,31.0,true
182,Oberwölz,2010,365,92,40,12,0,32.3,true
182,Oberwölz,2011,365,92,43,7,0,32.3,true
182,Oberwölz,2012,366,92,52,10,0,32.6,true
182,Oberwölz,2013,365,92,53,17,1,35.1,true
182,Oberwölz,2014,365,92,26,4,0,30.7,true
182,Oberwölz,2015,365,92,53,21,0,33.6,true
182,Oberwölz,2016,366,92,49,2,0,30.6,true
182,Oberwölz,2017,365,92,58,12,0,31.9,true
182,Oberwölz,2018,365,92,61,7,0,31.3,true
182,Oberwölz,2019,365,92,64,13,0,34.6,true
182,Oberwölz,2020,366,92,32,4,0,31.5,true
182,Oberwölz,2021,365,92,44,5,0,30.9,true
182,Oberwölz,2022,365,92,53,8,0,31.8,true
182,Oberwölz,2023,365,92,44,9,0,31.6,true
182,Oberwölz,2024,366,92,66,8,0,32.3,true
182,Oberwölz,2025,365,92,52,14,0,33.7,true
182,Oberwölz,2026,242,91,63,25,0,34.1,true
196,Patscherkofel,1940,153,31,0,0,0,19.0,false
196,Patscherkofel,1941,365,92,0,0,0,20.5,true
196,Patscherkofel,1942,365,92,0,0,0,21.0,true
196,Patscherkofel,1943,365,92,0,0,0,23.8,true
196,Patscherkofel,1944,366,92,0,0,0,21.7,true
196,Patscherkofel,1945,163,0,0,0,0,9.4,false
196,Patscherkofel,1946,365,92,0,0,0,21.0,true
196,Patscherkofel,1947,365,92,0,0,0,22.0,true
196,Patscherkofel,1948,366,92,0,0,0,19.0,true
196,Patscherkofel,1949,365,92,0,0,0,20.9,true
196,Patscherkofel,1950,365,92,0,0,0,22.4,true
196,Patscherkofel,1951,365,92,0,0,0,21.2,true
196,Patscherkofel,1952,366,92,0,0,0,23.5,true
196,Patscherkofel,1953,365,92,0,0,0,19.9,true
196,Patscherkofel,1954,363,92,0,0,0,20.3,true
196,Patscherkofel,1955,365,92,0,0,0,22.8,true
196,Patscherkofel,1956,366,92,0,0,0,22.9,true
196,Patscherkofel,1957,365,92,4,0,0,26.7,true
196,Patscherkofel,1958,365,92,0,0,0,22.4,true
196,Patscherkofel,1959,365,92,0,0,0,21.6,true
196,Patscherkofel,1960,366,92,0,0,0,22.1,true
196,Patscherkofel,1961,365,92,0,0,0,21.3,true
196,Patscherkofel,1962,365,92,0,0,0,21.1,true
196,Patscherkofel,1963,365,92,0,0,0,20.4,true
196,Patscherkofel,1964,366,92,0,0,0,21.5,true
196,Patscherkofel,1965,365,92,0,0,0,21.2,true
196,Patscherkofel,1966,365,92,0,0,0,21.6,true
196,Patscherkofel,1967,365,92,0,0,0,19.0,true
196,Patscherkofel,1968,366,92,0,0,0,19.8,true
196,Patscherkofel,1969,365,92,0,0,0,18.6,true
196,Patscherkofel,1970,365,92,0,0,0,19.3,true
196,Patscherkofel,1971,365,92,0,0,0,21.6,true
196,Patscherkofel,1972,366,92,0,0,0,20.6,true
196,Patscherkofel,1973,365,92,0,0,0,18.4,true
196,Patscherkofel,1974,365,92,0,0,0,20.4,true
196,Patscherkofel,1975,365,92,0,0,0,19.0,true
196,Patscherkofel,1976,366,92,0,0,0,18.0,true
196,Patscherkofel,1977,365,92,0,0,0,18.0,true
196,Patscherkofel,1978,365,92,0,0,0,16.2,true
196,Patscherkofel,1979,365,92,0,0,0,16.6,true
196,Patscherkofel,1980,366,92,0,0,0,19.9,true
196,Patscherkofel,1981,365,92,0,0,0,18.4,true
196,Patscherkofel,1982,365,92,0,0,0,17.9,true
196,Patscherkofel,1983,365,92,0,0,0,23.4,true
196,Patscherkofel,1984,366,92,0,0,0,20.9,true
196,Patscherkofel,1985,365,92,0,0,0,19.0,true
196,Patscherkofel,1986,365,92,0,0,0,17.5,true
196,Patscherkofel,1987,365,92,0,0,0,19.2,true
196,Patscherkofel,1988,366,92,0,0,0,19.3,true
196,Patscherkofel,1989,365,92,0,0,0,16.8,true
196,Patscherkofel,1990,365,92,0,0,0,18.5,true
196,Patscherkofel,1991,365,92,0,0,0,19.1,true
196,Patscherkofel,1992,366,92,0,0,0,20.1,true
196,Patscherkofel,1993,365,92,0,0,0,17.5,true
196,Patscherkofel,1994,365,92,0,0,0,20.6,true
196,Patscherkofel,1995,365,92,0,0,0,20.2,true
196,Patscherkofel,1996,366,92,0,0,0,17.8,true
196,Patscherkofel,1997,365,92,0,0,0,17.1,true
196,Patscherkofel,1998,365,92,0,0,0,20.6,true
196,Patscherkofel,1999,365,92,0,0,0,19.1,true
196,Patscherkofel,2000,366,92,0,0,0,19.3,true
196,Patscherkofel,2001,365,92,0,0,0,19.0,true
196,Patscherkofel,2002,365,92,0,0,0,21.5,true
196,Patscherkofel,2003,365,92,0,0,0,21.8,true
196,Patscherkofel,2004,366,92,0,0,0,17.8,true
196,Patscherkofel,2005,365,92,0,0,0,19.8,true
196,Patscherkofel,2006,365,92,0,0,0,19.9,true
196,Patscherkofel,2007,365,92,0,0,0,19.5,true
196,Patscherkofel,2008,366,92,0,0,0,19.1,true
196,Patscherkofel,2009,365,92,0,0,0,19.1,true
196,Patscherkofel,2010,365,92,0,0,0,21.3,true
196,Patscherkofel,2011,365,92,0,0,0,21.7,true
196,Patscherkofel,2012,366,92,0,0,0,20.8,true
196,Patscherkofel,2013,365,92,0,0,0,21.6,true
196,Patscherkofel,2014,365,92,0,0,0,19.9,true
196,Patscherkofel,2015,365,92,0,0,0,23.0,true
196,Patscherkofel,2016,366,92,0,0,0,20.7,true
196,Patscherkofel,2017,365,92,0,0,0,20.4,true
196,Patscherkofel,2018,365,92,0,0,0,18.7,true
196,Patscherkofel,2019,365,92,0,0,0,22.8,true
196,Patscherkofel,2020,366,92,0,0,0,20.6,true
196,Patscherkofel,2021,365,92,0,0,0,20.4,true
196,Patscherkofel,2022,365,92,0,0,0,21.1,true
196,Patscherkofel,2023,365,92,0,0,0,22.4,true
196,Patscherkofel,2024,366,92,0,0,0,21.3,true
196,Patscherkofel,2025,365,92,0,0,0,20.7,true
196,Patscherkofel,2026,242,91,0,0,0,22.4,true
169,Pottschach,1961,275,92,55,15,0,33.5,true
169,Pottschach,1962,365,92,55,9,1,35.2,true
169,Pottschach,1963,365,92,56,8,0,32.5,true
169,Pottschach,1964,366,92,54,10,0,32.0,true
169,Pottschach,1965,365,92,32,5,0,32.2,true
169,Pottschach,1966,365,92,31,3,0,31.0,true
169,Pottschach,1967,365,92,46,12,0,32.5,true
169,Pottschach,1981,245,92,53,12,0,34.7,true
169,Pottschach,1982,365,92,63,4,0,32.2,true
169,Pottschach,1983,365,92,73,20,2,36.9,true
169,Pottschach,1984,366,92,31,8,0,33.7,true
169,Pottschach,1985,365,92,52,5,0,33.1,true
169,Pottschach,1986,365,92,55,10,0,32.0,true
169,Pottschach,1987,365,92,58,10,0,33.4,true
169,Pottschach,1988,366,92,47,17,0,34.5,true
169,Pottschach,1989,365,92,41,2,0,30.5,true
169,Pottschach,1990,365,92,50,9,0,32.4,true
169,Pottschach,1991,365,92,43,7,0,32.0,true
169,Pottschach,1992,366,92,76,27,5,36.6,true
169,Pottschach,1993,365,92,59,12,0,32.9,true
169,Pottschach,1994,365,92,79,29,0,34.5,true
169,Pottschach,1995,365,92,66,13,0,33.7,true
169,Pottschach,1996,366,92,49,7,0,31.9,true
169,Pottschach,1997,365,92,63,3,0,30.3,true
169,Pottschach,1998,365,92,63,21,1,36.1,true
169,Pottschach,1999,365,92,56,6,0,33.9,true
169,Pottschach,2000,366,92,73,25,2,35.7,true
169,Pottschach,2001,365,92,65,27,0,34.6,true
169,Pottschach,2002,365,92,69,17,0,34.6,true
169,Pottschach,2003,365,92,105,48,1,35.0,true
169,Pottschach,2004,366,92,59,13,0,32.9,true
169,Pottschach,2005,365,92,70,14,1,35.0,true
169,Pottschach,2006,365,92,64,27,1,35.0,true
169,Pottschach,2007,365,92,76,28,5,36.9,true
169,Pottschach,2008,366,92,68,8,0,31.5,true
169,Pottschach,2009,365,92,67,11,1,35.7,true
169,Pottschach,2010,365,92,58,18,3,35.4,true
169,Pottschach,2011,365,92,80,16,1,35.5,true
169,Pottschach,2012,366,92,81,29,1,36.3,true
169,Pottschach,2013,365,92,63,26,7,37.9,true
169,Pottschach,2014,365,92,47,6,0,33.4,true
169,Pottschach,2015,365,92,72,40,15,37.3,true
169,Pottschach,2016,366,92,72,11,0,32.8,true
169,Pottschach,2017,365,92,77,35,2,37.8,true
169,Pottschach,2018,365,92,94,20,0,33.2,true
169,Pottschach,2019,365,92,80,31,2,36.7,true
169,Pottschach,2020,366,92,70,16,0,34.0,true
169,Pottschach,2021,365,92,77,19,2,37.0,true
169,Pottschach,2022,365,92,85,32,6,37.1,true
169,Pottschach,2023,365,92,85,29,1,35.4,true
169,Pottschach,2024,366,92,93,47,2,36.3,true
169,Pottschach,2025,365,92,74,27,3,36.1,true
169,Pottschach,2026,242,91,90,45,14,39.6,true
70,Poysdorf-Ost,1965,61,0,0,0,0,16.5,false
70,Poysdorf-Ost,1966,365,92,41,3,0,31.4,true
70,Poysdorf-Ost,1967,365,92,55,18,0,33.3,true
70,Poysdorf-Ost,1968,366,92,44,9,0,34.0,true
70,Poysdorf-Ost,1969,365,92,54,7,0,32.8,true
70,Poysdorf-Ost,1970,365,92,43,3,0,32.8,true
70,Poysdorf-Ost,1971,364,91,60,17,1,35.4,false
70,Poysdorf-Ost,1972,365,92,43,11,0,31.8,true
70,Poysdorf-Ost,1973,364,91,61,12,0,33.2,false
70,Poysdorf-Ost,1974,365,92,45,11,1,36.0,true
70,Poysdorf-Ost,1975,364,92,63,5,0,30.7,true
70,Poysdorf-Ost,1976,366,92,47,9,0,34.0,true
70,Poysdorf-Ost,1977,365,92,51,1,0,31.3,true
70,Poysdorf-Ost,1978,365,92,37,1,0,30.4,true
70,Poysdorf-Ost,1979,365,92,55,6,0,32.0,true
70,Poysdorf-Ost,1980,366,92,30,3,0,31.6,true
70,Poysdorf-Ost,1981,365,92,58,15,0,33.5,true
70,Poysdorf-Ost,1982,364,91,76,6,0,31.8,false
70,Poysdorf-Ost,1983,365,92,83,24,2,36.0,true
70,Poysdorf-Ost,1984,366,92,42,8,1,35.0,true
70,Poysdorf-Ost,1985,365,92,61,12,0,33.4,true
70,Poysdorf-Ost,1986,365,92,73,16,0,34.0,true
70,Poysdorf-Ost,1987,365,92,53,6,0,32.7,true
70,Poysdorf-Ost,1988,366,92,59,20,2,36.7,true
70,Poysdorf-Ost,1989,365,92,47,7,0,32.2,true
70,Poysdorf-Ost,1990,365,92,51,14,0,32.8,true
70,Poysdorf-Ost,1991,365,92,54,11,0,33.8,true
70,Poysdorf-Ost,1992,366,92,73,27,6,37.2,true
70,Poysdorf-Ost,1993,365,92,65,14,0,33.5,true
70,Poysdorf-Ost,1994,365,92,76,34,1,35.3,true
70,Poysdorf-Ost,1995,365,92,67,22,0,33.9,true
70,Poysdorf-Ost,1996,366,92,44,7,0,31.3,true
70,Poysdorf-Ost,1997,365,92,66,4,0,32.4,true
70,Poysdorf-Ost,1998,365,92,63,22,2,36.5,true
70,Poysdorf-Ost,1999,365,92,61,9,0,34.1,true
70,Poysdorf-Ost,2000,366,92,71,22,2,37.1,true
70,Poysdorf-Ost,2001,365,92,61,16,1,35.4,true
70,Poysdorf-Ost,2002,365,92,76,16,1,35.0,true
70,Poysdorf-Ost,2003,365,92,101,41,2,38.4,true
70,Poysdorf-Ost,2004,366,92,57,10,0,33.1,true
70,Poysdorf-Ost,2005,365,92,70,12,1,35.5,true
70,Poysdorf-Ost,2006,365,92,59,25,1,36.2,true
70,Poysdorf-Ost,2007,365,92,80,26,3,37.1,true
70,Poysdorf-Ost,2008,366,92,75,11,0,33.4,true
70,Poysdorf-Ost,2009,365,92,75,13,0,34.1,true
70,Poysdorf-Ost,2010,365,92,57,16,0,34.2,true
70,Poysdorf-Ost,2011,365,92,77,15,1,35.7,true
70,Poysdorf-Ost,2012,366,92,89,31,4,36.7,true
70,Poysdorf-Ost,2013,365,92,64,21,4,38.3,true
70,Poysdorf-Ost,2014,365,92,62,17,0,34.2,true
70,Poysdorf-Ost,2015,365,92,74,42,15,36.6,true
70,Poysdorf-Ost,2016,366,92,86,20,1,35.0,true
70,Poysdorf-Ost,2017,365,92,85,34,2,37.1,true
70,Poysdorf-Ost,2018,365,92,106,31,1,35.1,true
70,Poysdorf-Ost,2019,365,92,86,30,2,37.1,true
70,Poysdorf-Ost,2020,366,92,76,20,1,35.3,true
70,Poysdorf-Ost,2021,365,92,80,23,1,35.5,true
70,Poysdorf-Ost,2022,365,92,88,28,4,35.7,true
70,Poysdorf-Ost,2023,365,92,89,30,0,34.9,true
70,Poysdorf-Ost,2024,366,92,98,46,1,35.4,true
70,Poysdorf-Ost,2025,365,92,79,24,3,36.1,true
70,Poysdorf-Ost,2026,242,91,91,43,15,39.0,true
71,Preitenegg,1950,184,62,20,3,0,30.7,false
71,Preitenegg,1951,365,92,7,0,0,26.2,true
71,Preitenegg,1952,366,92,14,1,0,30.0,true
71,Preitenegg,1953,365,92,5,0,0,26.0,true
71,Preitenegg,1954,365,92,0,0,0,24.0,true
71,Preitenegg,1955,365,92,2,0,0,26.0,true
71,Preitenegg,1956,366,92,7,0,0,26.0,true
71,Preitenegg,1957,365,92,11,2,0,30.0,true
71,Preitenegg,1958,365,92,10,0,0,27.0,true
71,Preitenegg,1959,365,92,4,0,0,26.2,true
71,Preitenegg,1960,366,92,6,0,0,27.4,true
71,Preitenegg,1961,365,92,11,0,0,27.2,true
71,Preitenegg,1962,365,92,6,0,0,27.2,true
71,Preitenegg,1963,365,92,8,0,0,26.2,true
71,Preitenegg,1964,366,92,3,0,0,26.0,true
71,Preitenegg,1965,365,92,8,0,0,28.0,true
71,Preitenegg,1966,365,92,3,0,0,25.6,true
71,Preitenegg,1967,365,92,8,0,0,27.4,true
71,Preitenegg,1968,366,92,5,0,0,28.0,true
71,Preitenegg,1969,365,92,5,0,0,27.0,true
71,Preitenegg,1970,365,92,11,0,0,26.2,true
71,Preitenegg,1971,365,92,8,0,0,28.0,true
71,Preitenegg,1972,366,92,9,0,0,27.2,true
71,Preitenegg,1973,365,92,9,0,0,26.8,true
71,Preitenegg,1974,365,92,9,0,0,28.0,true
71,Preitenegg,1975,365,92,4,0,0,26.3,true
71,Preitenegg,1976,366,92,7,0,0,27.3,true
71,Preitenegg,1977,365,92,3,0,0,25.2,true
71,Preitenegg,1978,365,92,1,0,0,25.1,true
71,Preitenegg,1979,365,92,2,0,0,25.4,true
71,Preitenegg,1980,366,92,7,0,0,27.0,true
71,Preitenegg,1981,365,92,8,0,0,27.7,true
71,Preitenegg,1982,365,92,4,0,0,27.3,true
71,Preitenegg,1983,365,92,13,2,0,30.3,true
71,Preitenegg,1984,366,92,8,2,0,30.3,true
71,Preitenegg,1985,365,92,10,0,0,26.6,true
71,Preitenegg,1986,365,92,9,0,0,26.5,true
71,Preitenegg,1987,365,92,12,0,0,26.2,true
71,Preitenegg,1988,366,92,21,0,0,29.2,true
71,Preitenegg,1989,365,92,5,0,0,25.9,true
71,Preitenegg,1990,365,92,5,0,0,26.8,true
71,Preitenegg,1991,365,92,10,0,0,27.2,true
71,Preitenegg,1992,366,92,25,2,0,30.8,true
71,Preitenegg,1993,365,92,11,0,0,27.3,true
71,Preitenegg,1994,365,92,21,0,0,28.1,true
71,Preitenegg,1995,365,92,8,0,0,27.2,true
71,Preitenegg,1996,366,92,7,0,0,27.5,true
71,Preitenegg,1997,365,92,1,0,0,25.0,true
71,Preitenegg,1998,365,92,20,0,0,27.7,true
71,Preitenegg,1999,365,92,8,0,0,26.2,true
71,Preitenegg,2000,366,92,13,0,0,28.6,true
71,Preitenegg,2001,365,92,15,0,0,27.4,true
71,Preitenegg,2002,365,92,11,0,0,28.2,true
71,Preitenegg,2003,365,92,40,0,0,29.2,true
71,Preitenegg,2004,366,92,7,0,0,27.5,true
71,Preitenegg,2005,365,92,10,0,0,29.3,true
71,Preitenegg,2006,365,92,25,0,0,29.5,true
71,Preitenegg,2007,365,92,15,1,0,30.2,true
71,Preitenegg,2008,366,92,8,0,0,28.0,true
71,Preitenegg,2009,365,92,17,0,0,27.5,true
71,Preitenegg,2010,365,92,16,0,0,29.8,true
71,Preitenegg,2011,365,92,19,0,0,29.5,true
71,Preitenegg,2012,366,92,26,0,0,29.7,true
71,Preitenegg,2013,365,92,28,9,0,32.4,true
71,Preitenegg,2014,365,92,9,0,0,29.1,true
71,Preitenegg,2015,365,92,34,1,0,30.5,true
71,Preitenegg,2016,366,92,18,0,0,26.8,true
71,Preitenegg,2017,365,92,29,0,0,29.9,true
71,Preitenegg,2018,365,92,20,0,0,28.0,true
71,Preitenegg,2019,365,92,27,1,0,32.3,true
71,Preitenegg,2020,366,92,16,0,0,28.3,true
71,Preitenegg,2021,365,92,20,0,0,28.4,true
71,Preitenegg,2022,365,92,25,1,0,30.2,true
71,Preitenegg,2023,365,92,25,0,0,29.1,true
71,Preitenegg,2024,366,92,41,0,0,29.2,true
71,Preitenegg,2025,365,92,30,4,0,32.0,true
71,Preitenegg,2026,242,91,43,6,0,32.1,true
138,Prutz,1967,182,60,31,3,0,31.8,false
138,Prutz,1968,366,92,27,7,0,32.4,true
138,Prutz,1969,365,92,44,5,0,31.5,true
138,Prutz,1970,365,92,38,4,0,31.5,true
138,Prutz,1971,365,92,47,8,0,33.6,true
138,Prutz,1972,366,92,34,5,0,34.0,true
138,Prutz,1973,365,92,46,3,0,31.9,true
138,Prutz,1974,365,92,40,5,0,32.5,true
138,Prutz,1975,365,92,41,1,0,31.0,true
138,Prutz,1976,366,92,43,8,0,32.3,true
138,Prutz,1977,365,92,24,2,0,31.2,true
138,Prutz,1978,365,92,33,0,0,28.3,true
138,Prutz,1979,365,92,42,2,0,30.5,true
138,Prutz,1980,366,92,37,4,0,33.5,true
138,Prutz,1981,365,92,43,4,0,31.1,true
138,Prutz,1982,365,92,50,2,0,31.0,true
138,Prutz,1983,365,92,50,12,2,35.5,true
138,Prutz,1984,366,92,35,8,1,35.0,true
138,Prutz,1985,365,92,43,7,0,31.1,true
138,Prutz,1986,365,92,50,2,0,32.4,true
138,Prutz,1987,365,92,43,5,0,30.4,true
138,Prutz,1988,366,92,37,6,0,32.8,true
138,Prutz,1989,365,92,28,1,0,31.1,true
138,Prutz,1990,365,92,45,7,0,32.2,true
138,Prutz,1991,365,92,61,8,0,32.5,true
138,Prutz,1992,366,92,50,13,0,33.0,true
138,Prutz,1993,365,92,46,5,0,31.7,true
138,Prutz,1994,365,92,63,16,0,33.2,true
138,Prutz,1995,365,92,41,12,0,33.2,true
138,Prutz,1996,366,92,35,5,0,31.5,true
138,Prutz,1997,365,92,51,1,0,30.2,true
138,Prutz,1998,365,92,51,11,0,33.4,true
138,Prutz,1999,365,92,43,5,0,32.6,true
138,Prutz,2000,366,92,50,9,0,32.4,true
138,Prutz,2001,365,92,48,9,0,32.1,true
138,Prutz,2002,365,92,46,9,0,34.2,true
138,Prutz,2003,365,92,85,29,1,35.2,true
138,Prutz,2004,361,92,51,5,0,31.1,true
138,Prutz,2005,365,92,51,14,0,34.4,true
138,Prutz,2006,365,92,62,19,0,33.7,true
138,Prutz,2007,365,92,54,9,0,33.4,true
138,Prutz,2008,366,92,53,8,0,34.3,true
138,Prutz,2009,365,92,55,10,0,32.7,true
138,Prutz,2010,365,92,45,15,0,34.3,true
138,Prutz,2011,365,92,58,14,0,33.6,true
138,Prutz,2012,366,92,55,11,0,34.0,true
138,Prutz,2013,365,92,58,18,0,34.8,true
138,Prutz,2014,365,92,33,6,0,34.4,true
138,Prutz,2015,365,92,65,26,0,34.7,true
138,Prutz,2016,366,92,60,11,0,33.9,true
138,Prutz,2017,365,92,66,21,0,33.8,true
138,Prutz,2018,365,92,83,19,0,34.0,true
138,Prutz,2019,365,92,65,21,4,36.5,true
138,Prutz,2020,366,92,61,11,0,33.2,true
138,Prutz,2021,365,92,54,17,0,32.8,true
138,Prutz,2022,365,92,78,23,0,34.7,true
138,Prutz,2023,365,92,69,18,0,34.4,true
138,Prutz,2024,366,92,70,17,0,33.0,true
138,Prutz,2025,365,92,59,21,0,33.5,true
138,Prutz,2026,242,91,73,34,1,36.5,true
153,Präbichl,1948,239,55,3,0,0,26.0,false
153,Präbichl,1949,365,92,5,0,0,25.2,true
153,Präbichl,1950,365,92,11,1,0,30.1,true
153,Präbichl,1951,365,92,4,0,0,26.0,true
153,Präbichl,1952,366,92,14,2,0,30.0,true
153,Präbichl,1953,365,92,3,0,0,26.2,true
153,Präbichl,1954,365,92,2,0,0,25.0,true
153,Präbichl,1955,365,92,2,0,0,26.0,true
153,Präbichl,1956,366,92,4,0,0,26.0,true
153,Präbichl,1957,365,92,9,1,0,30.0,true
153,Präbichl,1958,365,92,5,0,0,26.3,true
153,Präbichl,1959,364,92,0,0,0,24.2,true
153,Präbichl,1960,366,92,3,0,0,26.0,true
153,Präbichl,1961,365,92,4,0,0,26.0,true
153,Präbichl,1962,365,92,6,0,0,26.3,true
153,Präbichl,1963,365,92,6,0,0,28.0,true
153,Präbichl,1964,366,92,1,0,0,25.0,true
153,Präbichl,1965,365,92,6,0,0,27.0,true
153,Präbichl,1966,365,92,3,0,0,26.0,true
153,Präbichl,1967,365,92,9,0,0,27.0,true
153,Präbichl,1968,359,87,2,0,0,26.0,false
153,Präbichl,1969,334,92,4,0,0,27.0,true
153,Präbichl,1970,364,91,1,0,0,25.0,false
153,Präbichl,1971,364,92,5,0,0,28.1,true
153,Präbichl,1972,366,92,5,0,0,28.0,true
153,Präbichl,1973,334,92,5,0,0,27.0,true
153,Präbichl,1978,1,0,0,0,0,-3.3,false
153,Präbichl,2000,109,0,0,0,0,20.8,false
153,Präbichl,2001,365,92,9,0,0,27.0,true
153,Präbichl,2002,365,92,7,0,0,27.3,true
153,Präbichl,2003,365,92,26,0,0,29.0,true
153,Präbichl,2004,366,92,2,0,0,26.6,true
153,Präbichl,2005,365,92,7,0,0,28.7,true
153,Präbichl,2006,365,92,12,0,0,27.8,true
153,Präbichl,2007,365,92,10,0,0,29.6,true
153,Präbichl,2008,366,92,9,0,0,27.6,true
153,Präbichl,2009,365,92,8,0,0,28.0,true
153,Präbichl,2010,365,92,16,0,0,28.2,true
153,Präbichl,2011,365,92,11,0,0,29.5,true
153,Präbichl,2012,366,92,18,0,0,29.5,true
153,Präbichl,2013,365,92,21,6,0,31.6,true
153,Präbichl,2014,365,92,5,0,0,27.6,true
153,Präbichl,2015,365,92,28,0,0,29.7,true
153,Präbichl,2016,366,92,4,0,0,26.0,true
153,Präbichl,2017,365,92,16,0,0,28.1,true
153,Präbichl,2018,365,92,9,0,0,27.0,true
153,Präbichl,2019,365,92,18,2,0,30.7,true
153,Präbichl,2020,366,92,9,0,0,27.7,true
153,Präbichl,2021,365,92,16,0,0,28.3,true
153,Präbichl,2022,365,92,18,0,0,28.4,true
153,Präbichl,2023,365,92,21,0,0,28.9,true
153,Präbichl,2024,366,92,24,0,0,28.3,true
153,Präbichl,2025,365,92,21,0,0,28.8,true
153,Präbichl,2026,242,91,39,4,0,32.5,true
72,Puchberg am Schneeberg,1949,211,89,25,1,0,30.0,false
72,Puchberg am Schneeberg,1950,365,92,46,8,1,36.4,true
72,Puchberg am Schneeberg,1951,365,92,35,1,0,31.0,true
72,Puchberg am Schneeberg,1952,366,92,35,7,0,32.8,true
72,Puchberg am Schneeberg,1953,365,92,33,1,0,31.5,true
72,Puchberg am Schneeberg,1954,365,92,30,1,0,30.3,true
72,Puchberg am Schneeberg,1955,365,92,18,0,0,29.3,true
72,Puchberg am Schneeberg,1956,366,92,37,1,0,32.2,true
72,Puchberg am Schneeberg,1957,365,92,31,7,2,35.9,true
72,Puchberg am Schneeberg,1958,365,92,31,3,0,33.0,true
72,Puchberg am Schneeberg,1959,365,92,14,2,0,30.7,true
72,Puchberg am Schneeberg,1960,366,92,19,0,0,29.8,true
72,Puchberg am Schneeberg,1961,365,92,37,4,0,32.8,true
72,Puchberg am Schneeberg,1962,365,92,33,4,0,32.4,true
72,Puchberg am Schneeberg,1963,365,92,36,5,0,32.9,true
72,Puchberg am Schneeberg,1964,366,92,36,2,0,31.5,true
72,Puchberg am Schneeberg,1965,365,92,16,3,0,32.4,true
72,Puchberg am Schneeberg,1966,365,92,18,1,0,30.3,true
72,Puchberg am Schneeberg,1967,365,92,37,4,0,31.4,true
72,Puchberg am Schneeberg,1968,366,92,28,2,0,32.5,true
72,Puchberg am Schneeberg,1969,365,92,40,3,0,31.2,true
72,Puchberg am Schneeberg,1970,365,92,30,1,0,30.1,true
72,Puchberg am Schneeberg,1971,363,92,36,4,0,33.8,true
72,Puchberg am Schneeberg,1972,364,92,28,4,0,32.0,true
72,Puchberg am Schneeberg,1973,360,91,39,4,0,31.2,false
72,Puchberg am Schneeberg,1974,363,91,32,5,0,34.4,false
72,Puchberg am Schneeberg,1975,361,92,30,0,0,29.6,true
72,Puchberg am Schneeberg,1976,366,92,29,4,0,31.0,true
72,Puchberg am Schneeberg,1977,365,92,24,0,0,28.0,true
72,Puchberg am Schneeberg,1978,365,92,18,0,0,27.6,true
72,Puchberg am Schneeberg,1979,365,92,22,0,0,28.5,true
72,Puchberg am Schneeberg,1980,366,92,18,2,0,31.3,true
72,Puchberg am Schneeberg,1981,365,92,29,1,0,32.6,true
72,Puchberg am Schneeberg,1982,365,92,26,1,0,30.6,true
72,Puchberg am Schneeberg,1983,365,92,53,6,1,35.1,true
72,Puchberg am Schneeberg,1984,366,92,16,2,0,31.6,true
72,Puchberg am Schneeberg,1985,365,92,31,3,0,31.7,true
72,Puchberg am Schneeberg,1986,365,92,33,4,0,31.0,true
72,Puchberg am Schneeberg,1987,365,92,35,2,0,30.4,true
72,Puchberg am Schneeberg,1988,366,92,31,6,0,33.5,true
72,Puchberg am Schneeberg,1989,365,92,17,0,0,29.8,true
72,Puchberg am Schneeberg,1990,365,92,33,1,0,30.9,true
72,Puchberg am Schneeberg,1991,365,92,26,1,0,31.9,true
72,Puchberg am Schneeberg,1992,366,92,44,17,0,34.8,true
72,Puchberg am Schneeberg,1993,365,92,36,3,0,32.0,true
72,Puchberg am Schneeberg,1994,365,92,59,12,0,32.8,true
72,Puchberg am Schneeberg,1995,365,92,35,2,0,31.9,true
72,Puchberg am Schneeberg,1996,366,92,25,0,0,29.8,true
72,Puchberg am Schneeberg,1997,365,92,30,0,0,29.5,true
72,Puchberg am Schneeberg,1998,365,92,43,9,0,33.7,true
72,Puchberg am Schneeberg,1999,365,92,23,3,0,32.5,true
72,Puchberg am Schneeberg,2000,366,92,47,10,0,34.9,true
72,Puchberg am Schneeberg,2001,365,92,45,3,0,32.6,true
72,Puchberg am Schneeberg,2002,365,92,40,6,0,32.0,true
72,Puchberg am Schneeberg,2003,365,92,69,20,0,34.8,true
72,Puchberg am Schneeberg,2004,366,92,37,3,0,30.4,true
72,Puchberg am Schneeberg,2005,365,92,33,5,0,34.0,true
72,Puchberg am Schneeberg,2006,365,92,44,5,0,31.6,true
72,Puchberg am Schneeberg,2007,365,92,55,9,0,34.9,true
72,Puchberg am Schneeberg,2008,366,92,45,2,0,30.8,true
72,Puchberg am Schneeberg,2009,365,92,45,5,0,34.2,true
72,Puchberg am Schneeberg,2010,365,92,38,12,0,33.4,true
72,Puchberg am Schneeberg,2011,365,92,48,8,1,35.3,true
72,Puchberg am Schneeberg,2012,366,92,59,16,1,35.3,true
72,Puchberg am Schneeberg,2013,365,92,47,16,3,37.8,true
72,Puchberg am Schneeberg,2014,365,92,30,4,0,32.0,true
72,Puchberg am Schneeberg,2015,365,92,55,27,1,36.0,true
72,Puchberg am Schneeberg,2016,366,92,54,5,0,31.8,true
72,Puchberg am Schneeberg,2017,365,92,61,17,1,35.6,true
72,Puchberg am Schneeberg,2018,365,92,62,6,0,31.7,true
72,Puchberg am Schneeberg,2019,365,92,68,13,1,36.0,true
72,Puchberg am Schneeberg,2020,366,92,45,4,0,33.1,true
72,Puchberg am Schneeberg,2021,365,92,50,7,0,33.9,true
72,Puchberg am Schneeberg,2022,365,92,65,17,0,34.7,true
72,Puchberg am Schneeberg,2023,365,92,70,16,0,33.8,true
72,Puchberg am Schneeberg,2024,366,92,77,23,0,33.4,true
72,Puchberg am Schneeberg,2025,365,92,60,15,0,33.8,true
72,Puchberg am Schneeberg,2026,242,91,69,27,5,36.8,true
73,Radstadt-Tandalier,1936,366,92,23,1,0,30.2,true
73,Radstadt-Tandalier,1937,365,92,20,0,0,29.2,true
73,Radstadt-Tandalier,1938,365,92,26,1,0,30.6,true
73,Radstadt-Tandalier,1939,136,0,0,0,0,21.7,false
73,Radstadt-Tandalier,1940,91,31,2,0,0,25.0,false
73,Radstadt-Tandalier,1941,245,92,32,4,0,30.6,true
73,Radstadt-Tandalier,1942,334,92,47,0,0,29.2,true
73,Radstadt-Tandalier,1943,365,92,44,6,0,32.8,true
73,Radstadt-Tandalier,1944,122,0,0,0,0,21.6,false
73,Radstadt-Tandalier,1945,31,0,0,0,0,8.0,false
73,Radstadt-Tandalier,1948,333,92,30,2,0,31.2,true
73,Radstadt-Tandalier,1949,365,92,31,3,0,30.6,true
73,Radstadt-Tandalier,1950,302,92,54,9,0,34.2,true
73,Radstadt-Tandalier,1951,365,92,43,1,0,30.2,true
73,Radstadt-Tandalier,1952,366,92,39,10,0,33.6,true
73,Radstadt-Tandalier,1953,365,92,39,3,0,31.5,true
73,Radstadt-Tandalier,1954,365,92,30,0,0,28.4,true
73,Radstadt-Tandalier,1955,365,92,20,0,0,29.5,true
73,Radstadt-Tandalier,1956,366,92,38,0,0,29.6,true
73,Radstadt-Tandalier,1957,365,92,35,8,0,34.8,true
73,Radstadt-Tandalier,1958,365,92,56,10,0,33.0,true
73,Radstadt-Tandalier,1959,365,92,35,4,0,31.4,true
73,Radstadt-Tandalier,1960,366,92,32,4,0,32.0,true
73,Radstadt-Tandalier,1961,365,92,25,0,0,29.0,true
73,Radstadt-Tandalier,1962,365,92,16,1,0,30.6,true
73,Radstadt-Tandalier,1963,31,0,0,0,0,12.3,false
73,Radstadt-Tandalier,1964,58,0,0,0,0,12.2,false
73,Radstadt-Tandalier,1965,349,92,21,5,0,32.7,true
73,Radstadt-Tandalier,1966,365,92,25,2,0,30.3,true
73,Radstadt-Tandalier,1967,365,92,32,3,0,31.5,true
73,Radstadt-Tandalier,1968,366,92,23,2,0,31.2,true
73,Radstadt-Tandalier,1969,365,92,28,2,0,31.3,true
73,Radstadt-Tandalier,1970,365,92,35,0,0,29.7,true
73,Radstadt-Tandalier,1971,365,92,36,6,0,32.1,true
73,Radstadt-Tandalier,1972,366,92,24,6,0,32.0,true
73,Radstadt-Tandalier,1973,365,92,35,1,0,31.7,true
73,Radstadt-Tandalier,1974,365,92,33,3,0,31.6,true
73,Radstadt-Tandalier,1975,365,92,28,0,0,29.0,true
73,Radstadt-Tandalier,1976,366,92,27,2,0,31.4,true
73,Radstadt-Tandalier,1977,365,92,28,2,0,31.0,true
73,Radstadt-Tandalier,1978,365,92,17,0,0,27.9,true
73,Radstadt-Tandalier,1979,365,92,34,1,0,30.2,true
73,Radstadt-Tandalier,1980,366,92,22,3,0,33.2,true
73,Radstadt-Tandalier,1981,365,92,36,3,0,32.0,true
73,Radstadt-Tandalier,1982,365,92,40,0,0,29.4,true
73,Radstadt-Tandalier,1983,365,92,42,6,0,34.0,true
73,Radstadt-Tandalier,1984,366,92,19,5,0,34.9,true
73,Radstadt-Tandalier,1985,365,92,37,3,0,30.8,true
73,Radstadt-Tandalier,1986,365,92,43,1,0,30.4,true
73,Radstadt-Tandalier,1987,365,92,37,2,0,30.2,true
73,Radstadt-Tandalier,1988,366,92,31,3,0,31.7,true
73,Radstadt-Tandalier,1989,365,92,24,0,0,29.2,true
73,Radstadt-Tandalier,1990,365,92,32,2,0,30.2,true
73,Radstadt-Tandalier,1991,365,92,36,5,0,31.5,true
73,Radstadt-Tandalier,1992,366,92,46,15,0,32.8,true
73,Radstadt-Tandalier,1993,365,92,40,5,0,31.6,true
73,Radstadt-Tandalier,1994,365,92,55,15,0,32.4,true
73,Radstadt-Tandalier,1995,365,92,35,5,0,31.9,true
73,Radstadt-Tandalier,1996,366,92,28,3,0,31.8,true
73,Radstadt-Tandalier,1997,365,92,38,0,0,28.6,true
73,Radstadt-Tandalier,1998,365,92,46,6,0,32.4,true
73,Radstadt-Tandalier,1999,365,92,33,3,0,32.1,true
73,Radstadt-Tandalier,2000,366,92,52,7,0,31.7,true
73,Radstadt-Tandalier,2001,365,92,36,6,0,32.6,true
73,Radstadt-Tandalier,2002,365,92,48,9,0,33.7,true
73,Radstadt-Tandalier,2003,365,92,77,22,0,33.3,true
73,Radstadt-Tandalier,2004,366,92,42,3,0,30.7,true
73,Radstadt-Tandalier,2005,365,92,41,9,0,34.4,true
73,Radstadt-Tandalier,2006,365,92,51,10,0,33.2,true
73,Radstadt-Tandalier,2007,365,92,55,9,0,34.2,true
73,Radstadt-Tandalier,2008,366,92,59,9,0,33.1,true
73,Radstadt-Tandalier,2009,365,92,46,7,0,34.1,true
73,Radstadt-Tandalier,2010,365,92,42,18,0,32.9,true
73,Radstadt-Tandalier,2011,365,92,49,12,0,34.3,true
73,Radstadt-Tandalier,2012,366,92,61,19,0,34.6,true
73,Radstadt-Tandalier,2013,365,92,52,15,2,35.9,true
73,Radstadt-Tandalier,2014,365,92,35,6,0,33.3,true
73,Radstadt-Tandalier,2015,365,92,61,31,0,34.8,true
73,Radstadt-Tandalier,2016,366,92,53,8,0,33.2,true
73,Radstadt-Tandalier,2017,365,92,55,7,0,32.8,true
73,Radstadt-Tandalier,2018,365,92,69,6,0,31.2,true
73,Radstadt-Tandalier,2019,365,92,59,15,0,34.7,true
73,Radstadt-Tandalier,2020,366,92,50,8,0,32.4,true
73,Radstadt-Tandalier,2021,365,92,50,17,0,32.1,true
73,Radstadt-Tandalier,2022,365,92,63,9,0,33.9,true
73,Radstadt-Tandalier,2023,365,92,61,18,0,32.8,true
73,Radstadt-Tandalier,2024,366,92,68,24,0,33.2,true
73,Radstadt-Tandalier,2025,365,92,58,19,0,32.8,true
73,Radstadt-Tandalier,2026,242,91,62,29,1,35.5,true
75,Ranshofen Braunau,1961,365,92,42,4,0,32.2,true
75,Ranshofen Braunau,1962,365,92,44,9,0,33.8,true
75,Ranshofen Braunau,1963,365,92,28,6,0,33.0,true
75,Ranshofen Braunau,1964,366,92,51,8,0,32.2,true
75,Ranshofen Braunau,1965,365,92,26,6,0,33.4,true
75,Ranshofen Braunau,1966,365,92,32,0,0,29.8,true
75,Ranshofen Braunau,1967,365,92,37,6,0,34.4,true
75,Ranshofen Braunau,1968,305,61,25,1,0,30.6,false
75,Ranshofen Braunau,1969,365,92,34,5,0,32.0,true
75,Ranshofen Braunau,1970,365,92,45,5,0,31.5,true
75,Ranshofen Braunau,1971,365,92,47,15,0,34.3,true
75,Ranshofen Braunau,1972,366,92,34,8,0,33.5,true
75,Ranshofen Braunau,1973,365,92,42,5,0,31.5,true
75,Ranshofen Braunau,1974,365,92,24,5,0,33.5,true
75,Ranshofen Braunau,1975,365,92,50,0,0,29.0,true
75,Ranshofen Braunau,1976,366,92,46,8,0,33.5,true
75,Ranshofen Braunau,1977,365,92,32,1,0,30.1,true
75,Ranshofen Braunau,1978,365,92,25,0,0,29.9,true
75,Ranshofen Braunau,1979,365,92,49,4,0,31.7,true
75,Ranshofen Braunau,1980,366,92,22,2,0,32.4,true
75,Ranshofen Braunau,1981,365,92,41,4,0,30.9,true
75,Ranshofen Braunau,1982,365,92,43,2,0,30.1,true
75,Ranshofen Braunau,1983,365,92,55,10,1,37.0,true
75,Ranshofen Braunau,1984,366,92,25,3,0,33.9,true
75,Ranshofen Braunau,1985,365,92,39,3,0,32.1,true
75,Ranshofen Braunau,1986,365,92,49,3,0,31.7,true
75,Ranshofen Braunau,1987,365,92,43,2,0,31.3,true
75,Ranshofen Braunau,1988,366,92,36,2,0,34.3,true
75,Ranshofen Braunau,1989,365,92,36,3,0,31.0,true
75,Ranshofen Braunau,1994,184,62,45,20,0,34.3,false
75,Ranshofen Braunau,1995,358,92,48,14,1,35.2,true
75,Ranshofen Braunau,1996,366,92,35,3,0,31.3,true
75,Ranshofen Braunau,1997,365,92,54,1,0,31.3,true
75,Ranshofen Braunau,1998,365,92,51,11,0,34.8,true
75,Ranshofen Braunau,1999,365,92,46,3,0,34.0,true
75,Ranshofen Braunau,2000,366,92,53,10,0,33.0,true
75,Ranshofen Braunau,2001,365,92,52,9,0,31.8,true
75,Ranshofen Braunau,2002,365,92,56,10,0,33.4,true
75,Ranshofen Braunau,2003,365,92,94,34,2,37.1,true
75,Ranshofen Braunau,2004,366,92,41,4,0,30.9,true
75,Ranshofen Braunau,2005,365,92,48,6,0,33.6,true
75,Ranshofen Braunau,2006,365,92,52,21,0,34.8,true
75,Ranshofen Braunau,2007,365,92,64,8,0,34.6,true
75,Ranshofen Braunau,2008,366,92,61,16,0,33.3,true
75,Ranshofen Braunau,2009,365,92,52,4,1,35.6,true
75,Ranshofen Braunau,2010,365,92,45,14,0,33.2,true
75,Ranshofen Braunau,2011,365,92,63,9,0,34.8,true
75,Ranshofen Braunau,2012,366,92,68,15,0,34.8,true
75,Ranshofen Braunau,2013,365,92,60,24,5,36.8,true
75,Ranshofen Braunau,2014,365,92,51,10,0,33.9,true
75,Ranshofen Braunau,2015,365,92,69,37,10,36.4,true
75,Ranshofen Braunau,2016,366,92,72,10,0,34.3,true
75,Ranshofen Braunau,2017,365,92,69,23,1,35.1,true
75,Ranshofen Braunau,2018,365,92,92,29,1,35.2,true
75,Ranshofen Braunau,2019,298,33,34,8,0,33.2,false
75,Ranshofen Braunau,2020,366,92,67,16,0,34.9,true
75,Ranshofen Braunau,2021,365,92,69,13,0,33.7,true
75,Ranshofen Braunau,2022,365,92,88,25,4,36.1,true
75,Ranshofen Braunau,2023,365,92,83,28,3,36.8,true
75,Ranshofen Braunau,2024,366,92,82,30,0,33.9,true
75,Ranshofen Braunau,2025,365,92,75,22,0,34.2,true
75,Ranshofen Braunau,2026,242,91,88,49,11,39.0,true
78,Rauris,1930,61,0,0,0,0,19.6,false
78,Rauris,1931,365,92,39,2,0,30.0,true
78,Rauris,1932,366,92,36,2,0,30.8,true
78,Rauris,1933,365,92,19,0,0,29.0,true
78,Rauris,1934,243,92,18,0,0,29.0,true
78,Rauris,1936,317,92,32,5,0,31.5,true
78,Rauris,1937,365,92,38,2,0,31.9,true
78,Rauris,1938,365,92,39,5,0,30.8,true
78,Rauris,1939,365,92,41,3,0,31.0,true
78,Rauris,1940,366,92,20,2,0,30.5,true
78,Rauris,1941,365,92,34,4,0,31.0,true
78,Rauris,1942,365,92,56,3,0,30.0,true
78,Rauris,1943,365,92,44,6,0,34.0,true
78,Rauris,1944,366,92,42,10,0,32.0,true
78,Rauris,1945,242,92,59,9,0,32.0,true
78,Rauris,1948,366,92,36,3,0,30.7,true
78,Rauris,1949,245,92,26,0,0,29.2,true
78,Rauris,1950,365,92,39,6,0,33.2,true
78,Rauris,1951,365,92,38,1,0,30.4,true
78,Rauris,1952,366,92,28,7,0,32.7,true
78,Rauris,1953,365,92,30,1,0,30.9,true
78,Rauris,1954,365,92,25,0,0,28.2,true
78,Rauris,1955,365,92,11,0,0,28.3,true
78,Rauris,1956,366,92,32,3,0,34.0,true
78,Rauris,1957,365,92,34,6,0,33.9,true
78,Rauris,1958,365,92,49,6,0,32.5,true
78,Rauris,1959,365,92,38,4,0,33.0,true
78,Rauris,1960,366,92,25,4,0,33.0,true
78,Rauris,1961,365,92,32,0,0,29.6,true
78,Rauris,1962,365,92,21,1,0,30.2,true
78,Rauris,1963,365,92,23,0,0,29.7,true
78,Rauris,1964,366,92,26,0,0,29.6,true
78,Rauris,1965,365,92,16,1,0,31.0,true
78,Rauris,1966,365,92,21,0,0,29.2,true
78,Rauris,1967,365,92,25,3,0,30.6,true
78,Rauris,1968,366,92,14,1,0,30.1,true
78,Rauris,1969,365,92,20,1,0,30.1,true
78,Rauris,1970,365,92,26,0,0,28.1,true
78,Rauris,1971,365,92,29,3,0,30.8,true
78,Rauris,1972,366,92,18,5,0,31.6,true
78,Rauris,1973,365,92,27,0,0,29.5,true
78,Rauris,1974,365,92,24,2,0,30.8,true
78,Rauris,1975,365,92,23,0,0,29.0,true
78,Rauris,1976,366,92,20,1,0,30.0,true
78,Rauris,1977,365,92,15,0,0,29.3,true
78,Rauris,1978,365,92,12,0,0,27.0,true
78,Rauris,1979,365,92,19,0,0,28.4,true
78,Rauris,1980,366,92,14,2,0,31.5,true
78,Rauris,1981,365,92,27,2,0,31.5,true
78,Rauris,1982,365,92,32,0,0,28.5,true
78,Rauris,1983,365,92,37,6,0,32.2,true
78,Rauris,1984,366,92,15,3,0,33.2,true
78,Rauris,1985,365,92,28,0,0,29.7,true
78,Rauris,1986,365,92,34,0,0,29.8,true
78,Rauris,1987,365,92,32,1,0,30.5,true
78,Rauris,1988,366,92,27,1,0,31.5,true
78,Rauris,1989,365,92,12,0,0,29.5,true
78,Rauris,1990,365,92,20,0,0,29.1,true
78,Rauris,1991,365,92,21,2,0,30.0,true
78,Rauris,1992,366,92,34,4,0,31.5,true
78,Rauris,1993,365,92,22,2,0,30.7,true
78,Rauris,1994,365,92,43,11,0,32.0,true
78,Rauris,1995,365,92,27,3,0,31.2,true
78,Rauris,1996,366,92,19,2,0,30.8,true
78,Rauris,1997,365,92,24,0,0,27.2,true
78,Rauris,1998,365,92,34,5,0,30.8,true
78,Rauris,1999,365,92,28,1,0,31.6,true
78,Rauris,2000,366,92,35,3,0,30.9,true
78,Rauris,2001,365,92,30,3,0,31.9,true
78,Rauris,2002,365,92,31,5,0,32.4,true
78,Rauris,2003,365,92,61,12,0,32.6,true
78,Rauris,2004,366,92,29,0,0,29.9,true
78,Rauris,2005,365,92,30,4,0,33.8,true
78,Rauris,2006,365,92,45,2,0,31.3,true
78,Rauris,2007,365,92,35,5,0,32.7,true
78,Rauris,2008,366,92,36,2,0,32.7,true
78,Rauris,2009,365,92,36,2,0,31.7,true
78,Rauris,2010,365,92,38,9,0,31.9,true
78,Rauris,2011,365,92,34,7,0,32.3,true
78,Rauris,2012,366,92,48,11,0,31.9,true
78,Rauris,2013,365,92,44,13,0,34.6,true
78,Rauris,2014,365,92,26,5,0,31.5,true
78,Rauris,2015,365,92,55,16,0,33.6,true
78,Rauris,2016,366,92,40,6,0,31.8,true
78,Rauris,2017,365,92,54,7,0,33.3,true
78,Rauris,2018,365,92,53,6,0,30.9,true
78,Rauris,2019,365,92,53,14,0,34.4,true
78,Rauris,2020,366,92,39,4,0,31.1,true
78,Rauris,2021,365,92,39,8,0,31.1,true
78,Rauris,2022,365,92,52,7,0,32.5,true
78,Rauris,2023,365,92,52,15,0,32.2,true
78,Rauris,2024,366,92,59,14,0,31.8,true
78,Rauris,2025,365,92,50,12,0,32.8,true
78,Rauris,2026,242,91,60,22,0,33.9,true
80,Reichenau an der Rax,1942,334,92,52,5,0,31.0,true
80,Reichenau an der Rax,1943,365,92,51,7,1,35.1,true
80,Reichenau an der Rax,1944,366,92,44,6,0,31.9,true
80,Reichenau an der Rax,1945,334,92,50,11,1,35.0,true
80,Reichenau an der Rax,1946,365,92,62,11,0,32.8,true
80,Reichenau an der Rax,1947,365,92,61,19,0,33.7,true
80,Reichenau an der Rax,1948,366,92,48,3,0,33.5,true
80,Reichenau an der Rax,1949,365,92,48,9,0,32.0,true
80,Reichenau an der Rax,1950,365,92,76,21,3,37.0,true
80,Reichenau an der Rax,1951,365,92,54,9,0,32.0,true
80,Reichenau an der Rax,1952,366,92,56,17,1,36.0,true
80,Reichenau an der Rax,1953,365,92,60,10,0,33.0,true
80,Reichenau an der Rax,1954,365,92,46,8,0,32.0,true
80,Reichenau an der Rax,1955,365,92,45,1,0,31.0,true
80,Reichenau an der Rax,1956,366,92,53,10,0,33.0,true
80,Reichenau an der Rax,1957,365,92,53,12,3,37.0,true
80,Reichenau an der Rax,1958,365,92,50,12,0,33.0,true
80,Reichenau an der Rax,1959,365,92,38,7,0,32.0,true
80,Reichenau an der Rax,1960,366,92,30,4,0,31.0,true
80,Reichenau an der Rax,1961,365,92,61,16,0,34.0,true
80,Reichenau an der Rax,1962,365,92,56,9,0,33.7,true
80,Reichenau an der Rax,1963,365,92,58,14,0,33.0,true
80,Reichenau an der Rax,1964,366,92,54,6,0,32.0,true
80,Reichenau an der Rax,1965,365,92,36,7,0,33.0,true
80,Reichenau an der Rax,1966,365,92,36,3,0,31.4,true
80,Reichenau an der Rax,1967,365,92,45,13,0,32.9,true
80,Reichenau an der Rax,1968,366,92,42,7,0,34.0,true
80,Reichenau an der Rax,1969,365,92,53,10,0,33.0,true
80,Reichenau an der Rax,1970,365,92,46,9,0,31.0,true
80,Reichenau an der Rax,1971,365,92,54,15,0,34.5,true
80,Reichenau an der Rax,1972,366,92,44,8,0,34.2,true
80,Reichenau an der Rax,1973,365,92,59,11,0,33.9,true
80,Reichenau an der Rax,1974,365,92,45,11,2,35.6,true
80,Reichenau an der Rax,1975,365,92,42,0,0,29.8,true
80,Reichenau an der Rax,1976,366,92,30,4,0,31.4,true
80,Reichenau an der Rax,1977,365,92,38,1,0,30.0,true
80,Reichenau an der Rax,1978,365,92,28,0,0,28.6,true
80,Reichenau an der Rax,1979,365,92,44,0,0,29.6,true
80,Reichenau an der Rax,1980,366,92,24,3,0,32.0,true
80,Reichenau an der Rax,1981,365,92,47,7,0,34.4,true
80,Reichenau an der Rax,1982,365,92,51,2,0,31.8,true
80,Reichenau an der Rax,1983,365,92,61,6,1,35.6,true
80,Reichenau an der Rax,1984,366,92,20,5,0,32.2,true
80,Reichenau an der Rax,1985,365,92,40,3,0,31.7,true
80,Reichenau an der Rax,1986,365,92,43,4,0,30.9,true
80,Reichenau an der Rax,1987,365,92,42,5,0,31.2,true
80,Reichenau an der Rax,1988,366,92,39,7,0,33.5,true
80,Reichenau an der Rax,1989,365,92,25,0,0,29.5,true
80,Reichenau an der Rax,1990,365,92,38,3,0,30.7,true
80,Reichenau an der Rax,1991,365,92,30,2,0,31.5,true
80,Reichenau an der Rax,1992,366,92,53,22,0,34.7,true
80,Reichenau an der Rax,1993,365,92,43,3,0,31.6,true
80,Reichenau an der Rax,1994,365,92,64,17,0,33.0,true
80,Reichenau an der Rax,1995,365,92,45,4,0,32.8,true
80,Reichenau an der Rax,1996,366,92,35,1,0,32.2,true
80,Reichenau an der Rax,1997,365,92,38,1,0,31.1,true
80,Reichenau an der Rax,1998,365,92,48,11,0,34.3,true
80,Reichenau an der Rax,1999,365,92,34,4,0,32.4,true
80,Reichenau an der Rax,2000,366,92,54,13,1,35.0,true
80,Reichenau an der Rax,2001,365,92,50,12,0,32.9,true
80,Reichenau an der Rax,2002,365,92,50,8,0,33.3,true
80,Reichenau an der Rax,2003,365,92,80,25,2,35.5,true
80,Reichenau an der Rax,2004,366,92,40,4,0,31.5,true
80,Reichenau an der Rax,2005,365,92,43,7,0,34.3,true
80,Reichenau an der Rax,2006,365,92,49,7,0,32.2,true
80,Reichenau an der Rax,2007,365,92,61,13,3,35.5,true
80,Reichenau an der Rax,2008,366,92,56,6,0,32.4,true
80,Reichenau an der Rax,2009,365,92,51,6,0,34.5,true
80,Reichenau an der Rax,2010,365,92,47,17,0,34.1,true
80,Reichenau an der Rax,2011,365,92,60,11,1,35.7,true
80,Reichenau an der Rax,2012,366,92,68,19,1,36.3,true
80,Reichenau an der Rax,2013,365,92,52,18,3,37.4,true
80,Reichenau an der Rax,2014,365,92,38,4,0,33.5,true
80,Reichenau an der Rax,2015,365,92,64,34,2,36.7,true
80,Reichenau an der Rax,2016,366,92,62,8,0,32.5,true
80,Reichenau an der Rax,2017,365,92,64,20,1,35.1,true
80,Reichenau an der Rax,2018,365,92,70,13,0,32.4,true
80,Reichenau an der Rax,2019,365,92,74,25,1,36.5,true
80,Reichenau an der Rax,2020,366,92,56,9,0,32.9,true
80,Reichenau an der Rax,2021,365,92,66,12,0,33.9,true
80,Reichenau an der Rax,2022,365,92,71,18,1,35.1,true
80,Reichenau an der Rax,2023,365,92,77,21,0,34.9,true
80,Reichenau an der Rax,2024,366,92,86,32,0,33.9,true
80,Reichenau an der Rax,2025,365,92,66,22,0,34.7,true
80,Reichenau an der Rax,2026,242,91,80,36,7,37.2,true
159,Reichersberg,1944,355,92,42,4,0,31.0,true
159,Reichersberg,1948,92,0,0,0,0,23.0,false
159,Reichersberg,1949,365,92,39,5,0,33.2,true
159,Reichersberg,1950,365,92,55,11,0,34.6,true
159,Reichersberg,1951,344,71,38,3,0,31.0,false
159,Reichersberg,1952,366,92,52,14,0,33.1,true
159,Reichersberg,1953,365,92,50,4,0,33.3,true
159,Reichersberg,1954,355,82,23,0,0,29.6,false
159,Reichersberg,1955,365,92,19,0,0,29.8,true
159,Reichersberg,1956,366,92,27,0,0,28.3,true
159,Reichersberg,1957,365,92,28,7,1,35.1,true
159,Reichersberg,1958,365,92,37,3,0,31.8,true
159,Reichersberg,1959,365,92,39,4,0,32.0,true
159,Reichersberg,1960,366,92,24,2,0,30.8,true
159,Reichersberg,1961,365,92,40,4,0,31.1,true
159,Reichersberg,1962,365,92,47,11,0,32.7,true
159,Reichersberg,1963,365,92,36,7,0,33.2,true
159,Reichersberg,1964,366,92,47,8,0,33.0,true
159,Reichersberg,1965,365,92,26,6,0,32.4,true
159,Reichersberg,1966,365,92,33,1,0,30.9,true
159,Reichersberg,1967,365,92,42,10,0,33.1,true
159,Reichersberg,1968,366,92,33,1,0,30.9,true
159,Reichersberg,1969,365,92,37,5,0,31.3,true
159,Reichersberg,1970,365,92,37,1,0,30.7,true
159,Reichersberg,1971,326,92,46,10,0,34.3,true
159,Reichersberg,1972,366,92,29,6,0,31.8,true
159,Reichersberg,1973,365,92,40,2,0,31.0,true
159,Reichersberg,1974,365,92,22,4,0,33.0,true
159,Reichersberg,1975,365,92,48,0,0,28.6,true
159,Reichersberg,1976,366,92,41,6,0,33.8,true
159,Reichersberg,1977,365,92,28,0,0,29.2,true
159,Reichersberg,1978,365,92,25,0,0,29.8,true
159,Reichersberg,1979,365,92,43,4,0,30.8,true
159,Reichersberg,1980,366,92,27,2,0,31.5,true
159,Reichersberg,1981,365,92,40,4,0,32.0,true
159,Reichersberg,1982,365,92,52,1,0,30.0,true
159,Reichersberg,1983,365,92,59,10,1,36.7,true
159,Reichersberg,1984,366,92,25,1,0,31.2,true
159,Reichersberg,1985,365,92,37,4,0,32.0,true
159,Reichersberg,1986,365,92,49,5,0,31.2,true
159,Reichersberg,1987,365,92,39,2,0,31.2,true
159,Reichersberg,1988,366,92,35,6,0,33.2,true
159,Reichersberg,1989,365,92,40,3,0,30.7,true
159,Reichersberg,1990,365,92,44,4,0,31.9,true
159,Reichersberg,1991,365,92,36,4,0,32.4,true
159,Reichersberg,1992,366,92,55,20,2,36.3,true
159,Reichersberg,1993,365,92,49,5,0,31.3,true
159,Reichersberg,1994,365,92,60,24,0,34.0,true
159,Reichersberg,1995,365,92,47,4,0,34.5,true
159,Reichersberg,1996,366,92,32,1,0,31.0,true
159,Reichersberg,1997,365,92,44,0,0,29.9,true
159,Reichersberg,1998,365,92,48,8,0,33.7,true
159,Reichersberg,1999,365,92,43,2,0,33.2,true
159,Reichersberg,2000,366,92,49,8,0,33.1,true
159,Reichersberg,2001,365,92,48,4,0,31.4,true
159,Reichersberg,2002,365,92,55,8,0,33.2,true
159,Reichersberg,2003,365,92,85,26,1,37.2,true
159,Reichersberg,2004,366,92,40,1,0,30.4,true
159,Reichersberg,2005,365,92,43,5,0,33.3,true
159,Reichersberg,2006,365,92,50,14,0,33.4,true
159,Reichersberg,2007,365,92,60,10,0,34.2,true
159,Reichersberg,2008,366,92,58,9,0,32.1,true
159,Reichersberg,2009,365,92,47,4,1,35.0,true
159,Reichersberg,2010,365,92,43,11,0,32.4,true
159,Reichersberg,2011,365,92,57,7,0,33.1,true
159,Reichersberg,2012,366,92,62,14,0,34.9,true
159,Reichersberg,2013,365,92,52,18,1,35.0,true
159,Reichersberg,2014,365,92,44,6,0,33.2,true
159,Reichersberg,2015,365,92,65,33,4,36.0,true
159,Reichersberg,2016,366,92,68,8,0,33.6,true
159,Reichersberg,2017,365,92,67,19,0,34.2,true
159,Reichersberg,2018,365,92,87,25,0,34.8,true
159,Reichersberg,2019,365,92,70,17,0,34.6,true
159,Reichersberg,2020,366,92,53,10,0,32.8,true
159,Reichersberg,2021,365,92,57,6,0,32.5,true
159,Reichersberg,2022,365,92,77,16,0,34.8,true
159,Reichersberg,2023,365,92,69,21,1,35.6,true
159,Reichersberg,2024,366,92,79,24,0,32.7,true
159,Reichersberg,2025,365,92,66,16,0,33.1,true
159,Reichersberg,2026,242,91,76,38,7,37.7,true
81,Retz Windmühle,1946,365,92,44,7,0,31.1,true
81,Retz Windmühle,1947,365,92,86,31,1,35.1,true
81,Retz Windmühle,1948,366,92,60,9,0,33.0,true
81,Retz Windmühle,1949,365,92,56,13,0,34.0,true
81,Retz Windmühle,1950,365,92,82,23,4,37.0,true
81,Retz Windmühle,1951,365,92,60,8,0,33.0,true
81,Retz Windmühle,1952,366,92,71,22,3,36.0,true
81,Retz Windmühle,1953,365,92,72,9,0,32.0,true
81,Retz Windmühle,1954,365,92,55,11,0,31.0,true
81,Retz Windmühle,1955,365,92,47,1,0,31.0,true
81,Retz Windmühle,1956,366,92,56,4,0,33.0,true
81,Retz Windmühle,1957,365,92,54,9,4,39.0,true
81,Retz Windmühle,1958,365,92,57,11,0,33.0,true
81,Retz Windmühle,1959,365,92,48,7,0,33.0,true
81,Retz Windmühle,1960,366,92,37,5,0,31.0,true
81,Retz Windmühle,1961,365,92,54,12,0,34.0,true
81,Retz Windmühle,1962,365,92,56,13,0,33.0,true
81,Retz Windmühle,1963,365,92,60,18,1,36.0,true
81,Retz Windmühle,1964,366,92,59,15,0,34.0,true
81,Retz Windmühle,1965,365,92,37,10,0,32.0,true
81,Retz Windmühle,1966,365,92,49,7,0,32.0,true
81,Retz Windmühle,1967,365,92,63,20,0,34.0,true
81,Retz Windmühle,1968,366,92,59,18,0,34.0,true
81,Retz Windmühle,1969,365,92,64,14,0,33.0,true
81,Retz Windmühle,1970,365,92,44,9,0,32.2,true
81,Retz Windmühle,1971,365,92,59,21,1,36.6,true
81,Retz Windmühle,1972,366,92,47,15,0,33.8,true
81,Retz Windmühle,1973,365,92,64,13,0,33.6,true
81,Retz Windmühle,1974,365,92,45,10,2,36.6,true
81,Retz Windmühle,1975,365,92,61,4,0,31.6,true
81,Retz Windmühle,1976,366,92,48,12,1,35.6,true
81,Retz Windmühle,1977,365,92,50,4,0,32.6,true
81,Retz Windmühle,1978,365,92,44,3,0,30.4,true
81,Retz Windmühle,1979,365,92,55,7,0,31.8,true
81,Retz Windmühle,1980,366,92,32,2,0,31.6,true
81,Retz Windmühle,1981,365,92,54,12,0,33.6,true
81,Retz Windmühle,1982,365,92,75,8,0,32.0,true
81,Retz Windmühle,1983,365,92,75,21,1,37.6,true
81,Retz Windmühle,1984,366,92,35,8,0,34.3,true
81,Retz Windmühle,1985,365,92,49,6,0,32.4,true
81,Retz Windmühle,1986,365,92,69,13,0,33.8,true
81,Retz Windmühle,1987,365,92,56,5,0,32.0,true
81,Retz Windmühle,1988,366,92,60,18,2,36.8,true
81,Retz Windmühle,1989,365,92,51,6,0,32.6,true
81,Retz Windmühle,1990,365,92,59,16,0,33.2,true
81,Retz Windmühle,1991,365,92,57,11,0,33.8,true
81,Retz Windmühle,1992,366,92,80,33,10,37.8,true
81,Retz Windmühle,1993,365,92,72,17,0,34.4,true
81,Retz Windmühle,1994,365,92,67,27,0,34.8,true
81,Retz Windmühle,1995,365,92,60,12,1,35.3,true
81,Retz Windmühle,1996,366,92,34,1,0,30.9,true
81,Retz Windmühle,1997,365,92,56,3,0,30.9,true
81,Retz Windmühle,1998,365,92,52,16,1,35.2,true
81,Retz Windmühle,1999,365,92,50,6,0,32.9,true
81,Retz Windmühle,2000,366,92,68,15,2,35.2,true
81,Retz Windmühle,2001,365,92,52,14,0,34.5,true
81,Retz Windmühle,2002,365,92,69,10,0,34.1,true
81,Retz Windmühle,2003,365,92,87,32,1,37.1,true
81,Retz Windmühle,2004,366,92,47,10,0,32.7,true
81,Retz Windmühle,2005,365,92,46,9,0,34.8,true
81,Retz Windmühle,2006,365,92,50,17,1,35.4,true
81,Retz Windmühle,2007,365,92,73,20,3,37.2,true
81,Retz Windmühle,2008,366,92,63,7,0,32.3,true
81,Retz Windmühle,2009,365,92,58,9,0,32.1,true
81,Retz Windmühle,2010,365,92,46,12,0,33.8,true
81,Retz Windmühle,2011,365,92,78,15,1,35.4,true
81,Retz Windmühle,2012,366,92,81,24,1,36.2,true
81,Retz Windmühle,2013,365,92,57,23,3,38.0,true
81,Retz Windmühle,2014,365,92,52,10,0,34.6,true
81,Retz Windmühle,2015,365,92,68,42,13,36.3,true
81,Retz Windmühle,2016,366,92,72,11,0,34.1,true
81,Retz Windmühle,2017,365,92,79,29,2,36.6,true
81,Retz Windmühle,2018,365,92,101,30,1,35.0,true
81,Retz Windmühle,2019,365,92,78,24,3,36.3,true
81,Retz Windmühle,2020,366,92,60,14,0,34.7,true
81,Retz Windmühle,2021,365,92,69,12,0,32.7,true
81,Retz Windmühle,2022,365,92,72,22,1,35.7,true
81,Retz Windmühle,2023,365,92,82,27,0,34.4,true
81,Retz Windmühle,2024,366,92,93,41,1,35.4,true
81,Retz Windmühle,2025,365,92,73,19,2,35.7,true
81,Retz Windmühle,2026,242,91,88,41,11,39.8,true
76,Reutte,1936,366,92,10,0,0,28.6,true
76,Reutte,1937,365,92,19,1,0,30.2,true
76,Reutte,1938,365,92,24,0,0,29.0,true
76,Reutte,1939,365,92,11,0,0,26.5,true
76,Reutte,1940,366,92,4,0,0,26.5,true
76,Reutte,1941,365,92,11,0,0,28.8,true
76,Reutte,1942,365,92,11,0,0,27.8,true
76,Reutte,1943,365,92,15,3,0,30.0,true
76,Reutte,1944,366,92,19,0,0,28.5,true
76,Reutte,1945,59,0,0,0,0,10.5,false
76,Reutte,1946,365,92,17,0,0,29.0,true
76,Reutte,1947,227,76,25,1,0,32.0,false
76,Reutte,1956,184,62,19,1,0,30.0,false
76,Reutte,1957,365,92,18,6,0,33.4,true
76,Reutte,1958,365,92,35,1,0,30.5,true
76,Reutte,1959,365,92,14,0,0,29.5,true
76,Reutte,1960,366,92,13,0,0,28.0,true
76,Reutte,1961,365,92,34,0,0,29.0,true
76,Reutte,1962,365,92,27,0,0,29.7,true
76,Reutte,1963,365,92,18,1,0,30.0,true
76,Reutte,1964,366,92,32,0,0,29.5,true
76,Reutte,1965,365,92,17,2,0,31.2,true
76,Reutte,1966,365,92,20,2,0,33.0,true
76,Reutte,1967,365,92,24,1,0,33.2,true
76,Reutte,1968,366,92,14,0,0,29.5,true
76,Reutte,1969,365,92,24,0,0,28.5,true
76,Reutte,1970,365,92,26,1,0,30.0,true
76,Reutte,1971,365,92,29,2,0,30.0,true
76,Reutte,1972,366,92,20,3,0,33.0,true
76,Reutte,1973,365,92,41,1,0,30.0,true
76,Reutte,1974,365,92,30,7,0,32.5,true
76,Reutte,1975,365,92,39,2,0,31.0,true
76,Reutte,1976,366,92,36,6,0,31.2,true
76,Reutte,1977,365,92,26,2,0,32.0,true
76,Reutte,1978,365,92,24,0,0,28.5,true
76,Reutte,1979,365,92,31,0,0,29.0,true
76,Reutte,1980,366,92,20,3,0,31.4,true
76,Reutte,1981,365,92,33,0,0,28.5,true
76,Reutte,1982,365,92,29,0,0,29.0,true
76,Reutte,1983,365,92,34,5,0,34.0,true
76,Reutte,1984,366,92,10,1,1,35.1,true
76,Reutte,1985,365,92,20,1,0,30.1,true
76,Reutte,1986,365,92,27,1,0,31.6,true
76,Reutte,1987,365,92,25,1,0,30.0,true
76,Reutte,1988,366,92,23,0,0,29.9,true
76,Reutte,1989,365,92,11,1,0,31.0,true
76,Reutte,1990,365,92,21,0,0,28.6,true
76,Reutte,1991,365,92,27,2,0,31.0,true
76,Reutte,1992,366,92,34,3,0,30.8,true
76,Reutte,1993,365,92,28,1,0,30.7,true
76,Reutte,1994,365,92,47,3,0,33.8,true
76,Reutte,1995,365,92,21,1,0,31.6,true
76,Reutte,1996,366,92,15,0,0,28.9,true
76,Reutte,1997,365,92,17,0,0,27.0,true
76,Reutte,1998,365,92,22,3,0,31.1,true
76,Reutte,1999,365,92,15,0,0,29.7,true
76,Reutte,2000,366,92,22,1,0,30.7,true
76,Reutte,2001,365,92,22,0,0,28.8,true
76,Reutte,2002,365,92,21,1,0,30.6,true
76,Reutte,2003,365,92,48,7,0,32.7,true
76,Reutte,2004,366,92,23,0,0,27.5,true
76,Reutte,2005,365,92,26,0,0,29.2,true
76,Reutte,2006,365,92,31,2,0,30.4,true
76,Reutte,2007,365,92,18,1,0,30.3,true
76,Reutte,2008,366,92,26,1,0,30.2,true
76,Reutte,2009,365,92,26,2,0,32.8,true
76,Reutte,2010,365,92,28,0,0,29.8,true
76,Reutte,2011,365,92,26,3,0,31.4,true
76,Reutte,2012,366,92,25,2,0,30.5,true
76,Reutte,2013,365,92,24,6,0,32.7,true
76,Reutte,2014,365,92,13,1,0,30.0,true
76,Reutte,2015,365,92,49,10,0,32.9,true
76,Reutte,2016,366,92,21,0,0,29.2,true
76,Reutte,2017,365,92,37,1,0,34.1,true
76,Reutte,2018,365,92,39,2,0,31.0,true
76,Reutte,2019,365,92,33,6,0,32.4,true
76,Reutte,2020,366,92,26,1,0,31.2,true
76,Reutte,2021,365,92,21,0,0,29.6,true
76,Reutte,2022,365,92,36,4,0,31.6,true
76,Reutte,2023,365,92,44,5,0,33.5,true
76,Reutte,2024,366,92,38,1,0,31.2,true
76,Reutte,2025,365,92,36,6,0,30.7,true
76,Reutte,2026,242,91,55,16,0,33.3,true
141,Ried im Innkreis,1936,366,92,22,1,0,30.0,true
141,Ried im Innkreis,1937,365,92,35,2,0,30.2,true
141,Ried im Innkreis,1938,254,30,8,0,0,28.8,false
141,Ried im Innkreis,1939,273,30,18,0,0,29.8,false
141,Ried im Innkreis,1940,91,0,0,0,0,17.2,false
141,Ried im Innkreis,1946,245,92,40,4,0,32.0,true
141,Ried im Innkreis,1947,365,92,64,16,0,33.6,true
141,Ried im Innkreis,1948,366,92,30,2,0,31.0,true
141,Ried im Innkreis,1949,365,92,30,3,0,32.0,true
141,Ried im Innkreis,1950,365,92,45,8,1,35.0,true
141,Ried im Innkreis,1951,90,0,1,0,0,25.2,false
141,Ried im Innkreis,1953,184,62,26,2,0,31.1,false
141,Ried im Innkreis,1954,365,92,29,1,0,30.3,true
141,Ried im Innkreis,1955,365,92,21,0,0,29.2,true
141,Ried im Innkreis,1956,366,92,23,0,0,28.2,true
141,Ried im Innkreis,1957,365,92,26,8,1,35.3,true
141,Ried im Innkreis,1958,365,92,35,4,0,32.2,true
141,Ried im Innkreis,1959,365,92,39,3,0,31.5,true
141,Ried im Innkreis,1960,366,92,26,3,0,31.3,true
141,Ried im Innkreis,1961,365,92,43,6,0,31.8,true
141,Ried im Innkreis,1962,365,92,43,6,0,32.2,true
141,Ried im Innkreis,1963,365,92,39,7,0,32.2,true
141,Ried im Innkreis,1964,366,92,45,6,0,32.1,true
141,Ried im Innkreis,1965,365,92,25,5,0,31.8,true
141,Ried im Innkreis,1966,365,92,31,3,0,31.0,true
141,Ried im Innkreis,1967,365,92,39,6,0,32.7,true
141,Ried im Innkreis,1968,366,92,32,2,0,30.9,true
141,Ried im Innkreis,1969,365,92,40,6,0,31.5,true
141,Ried im Innkreis,1970,365,92,37,1,0,30.1,true
141,Ried im Innkreis,1971,365,92,42,9,0,34.4,true
141,Ried im Innkreis,1972,366,92,31,7,0,32.0,true
141,Ried im Innkreis,1973,365,92,44,3,0,31.1,true
141,Ried im Innkreis,1974,365,92,22,5,0,32.8,true
141,Ried im Innkreis,1975,365,92,45,0,0,28.6,true
141,Ried im Innkreis,1976,274,30,22,1,0,30.4,false
141,Ried im Innkreis,1977,365,92,25,0,0,28.5,true
141,Ried im Innkreis,1978,365,92,19,0,0,28.1,true
141,Ried im Innkreis,1979,365,92,34,0,0,29.7,true
141,Ried im Innkreis,1980,366,92,19,2,0,30.5,true
141,Ried im Innkreis,1981,365,92,37,4,0,30.6,true
141,Ried im Innkreis,1982,365,92,37,1,0,30.0,true
141,Ried im Innkreis,1983,365,92,56,9,1,37.0,true
141,Ried im Innkreis,1984,366,92,24,2,0,32.4,true
141,Ried im Innkreis,1985,365,92,38,3,0,32.6,true
141,Ried im Innkreis,1986,365,92,43,3,0,31.5,true
141,Ried im Innkreis,1987,365,92,34,2,0,30.8,true
141,Ried im Innkreis,1988,366,92,33,4,0,34.7,true
141,Ried im Innkreis,1989,365,92,30,1,0,30.4,true
141,Ried im Innkreis,1990,365,92,39,3,0,31.5,true
141,Ried im Innkreis,1991,365,92,33,4,0,32.6,true
141,Ried im Innkreis,1992,366,92,50,17,0,34.6,true
141,Ried im Innkreis,1993,365,92,37,4,0,31.3,true
141,Ried im Innkreis,1994,365,92,56,21,0,33.6,true
141,Ried im Innkreis,1995,365,92,47,6,1,35.0,true
141,Ried im Innkreis,1996,366,92,30,2,0,30.7,true
141,Ried im Innkreis,1997,365,92,46,1,0,31.1,true
141,Ried im Innkreis,1998,365,92,51,11,0,34.9,true
141,Ried im Innkreis,1999,365,92,42,4,0,34.5,true
141,Ried im Innkreis,2000,366,92,51,10,0,33.0,true
141,Ried im Innkreis,2001,365,92,49,11,0,32.3,true
141,Ried im Innkreis,2002,365,92,55,9,0,33.0,true
141,Ried im Innkreis,2003,365,92,84,23,1,36.0,true
141,Ried im Innkreis,2004,366,92,40,3,0,30.5,true
141,Ried im Innkreis,2005,365,92,42,7,0,33.5,true
141,Ried im Innkreis,2006,365,92,50,15,0,33.1,true
141,Ried im Innkreis,2007,365,92,56,8,0,34.7,true
141,Ried im Innkreis,2008,366,92,55,9,0,31.7,true
141,Ried im Innkreis,2009,365,92,44,2,0,34.9,true
141,Ried im Innkreis,2010,365,92,44,12,0,32.4,true
141,Ried im Innkreis,2011,365,92,55,7,0,33.1,true
141,Ried im Innkreis,2012,366,92,61,10,0,33.6,true
141,Ried im Innkreis,2013,365,92,52,19,2,35.6,true
141,Ried im Innkreis,2014,365,92,42,6,0,33.0,true
141,Ried im Innkreis,2015,365,92,66,34,2,35.4,true
141,Ried im Innkreis,2016,366,92,64,6,0,33.0,true
141,Ried im Innkreis,2017,365,92,67,18,0,34.5,true
141,Ried im Innkreis,2018,365,92,83,20,0,34.2,true
141,Ried im Innkreis,2019,365,92,70,16,0,34.5,true
141,Ried im Innkreis,2020,366,92,51,9,0,32.3,true
141,Ried im Innkreis,2021,365,92,55,7,0,32.2,true
141,Ried im Innkreis,2022,365,92,71,14,0,34.1,true
141,Ried im Innkreis,2023,365,92,65,19,0,34.8,true
141,Ried im Innkreis,2024,366,92,73,21,0,33.1,true
141,Ried im Innkreis,2025,365,92,59,15,0,33.2,true
141,Ried im Innkreis,2026,242,91,74,31,6,36.6,true
127,Rinn,1957,365,92,21,5,0,32.7,true
127,Rinn,1958,365,92,25,1,0,30.2,true
127,Rinn,1959,365,92,14,0,0,29.5,true
127,Rinn,1960,366,92,12,0,0,29.5,true
127,Rinn,1961,365,92,26,0,0,29.1,true
127,Rinn,1962,365,92,23,1,0,30.5,true
127,Rinn,1963,365,92,21,1,0,31.0,true
127,Rinn,1964,366,92,28,0,0,28.5,true
127,Rinn,1965,365,92,15,2,0,30.2,true
127,Rinn,1966,365,92,16,0,0,29.0,true
127,Rinn,1967,365,92,22,1,0,30.6,true
127,Rinn,1968,366,92,16,0,0,29.5,true
127,Rinn,1969,365,92,20,1,0,30.0,true
127,Rinn,1970,365,92,20,0,0,28.1,true
127,Rinn,1971,365,92,26,2,0,30.4,true
127,Rinn,1972,366,92,18,2,0,30.5,true
127,Rinn,1973,365,92,27,0,0,28.6,true
127,Rinn,1974,365,92,19,1,0,30.0,true
127,Rinn,1975,365,92,19,1,0,30.5,true
127,Rinn,1976,366,92,29,0,0,29.4,true
127,Rinn,1977,365,92,14,1,0,30.1,true
127,Rinn,1978,365,92,15,0,0,27.2,true
127,Rinn,1979,365,92,14,0,0,28.0,true
127,Rinn,1980,366,92,14,2,0,31.1,true
127,Rinn,1981,365,92,25,1,0,30.4,true
127,Rinn,1982,365,92,24,0,0,28.6,true
127,Rinn,1983,365,92,31,6,0,33.2,true
127,Rinn,1984,366,92,13,4,0,33.5,true
127,Rinn,1985,365,92,23,0,0,29.0,true
127,Rinn,1986,365,92,28,1,0,30.5,true
127,Rinn,1987,365,92,20,0,0,28.7,true
127,Rinn,1988,366,92,21,1,0,30.2,true
127,Rinn,1989,365,92,12,0,0,29.3,true
127,Rinn,1990,365,92,19,0,0,28.3,true
127,Rinn,1991,365,92,25,1,0,30.0,true
127,Rinn,1992,366,92,35,5,0,32.0,true
127,Rinn,1993,365,92,27,0,0,29.8,true
127,Rinn,1994,365,92,43,3,0,31.0,true
127,Rinn,1995,365,92,26,1,0,30.5,true
127,Rinn,1996,366,92,18,0,0,29.0,true
127,Rinn,1997,365,92,15,0,0,26.8,true
127,Rinn,1998,365,92,31,2,0,30.8,true
127,Rinn,1999,365,92,20,1,0,31.0,true
127,Rinn,2000,366,92,38,4,0,30.5,true
127,Rinn,2001,365,92,36,4,0,32.4,true
127,Rinn,2002,365,92,39,8,0,33.5,true
127,Rinn,2003,365,92,78,19,0,33.5,true
127,Rinn,2004,366,92,39,1,0,30.5,true
127,Rinn,2005,365,92,41,8,0,32.4,true
127,Rinn,2006,365,92,48,12,0,32.5,true
127,Rinn,2007,365,92,44,8,1,36.0,true
127,Rinn,2008,366,92,37,3,0,31.3,true
127,Rinn,2009,365,92,35,4,0,31.7,true
127,Rinn,2010,365,92,38,9,0,32.3,true
127,Rinn,2011,365,92,43,8,0,32.8,true
127,Rinn,2012,366,92,45,7,0,32.2,true
127,Rinn,2013,365,92,48,14,0,34.8,true
127,Rinn,2014,365,92,28,5,0,32.6,true
127,Rinn,2015,365,92,58,22,1,35.4,true
127,Rinn,2016,366,92,41,4,0,32.4,true
127,Rinn,2017,365,92,53,6,0,33.1,true
127,Rinn,2018,365,92,60,12,0,32.6,true
127,Rinn,2019,365,92,57,16,2,36.2,true
127,Rinn,2020,106,0,0,0,0,17.3,false
127,Rinn,2021,365,92,36,4,0,31.2,true
127,Rinn,2022,365,92,46,8,0,33.2,true
127,Rinn,2023,365,92,46,12,0,33.1,true
127,Rinn,2024,366,92,47,7,0,31.9,true
127,Rinn,2025,365,92,43,10,0,31.7,true
127,Rinn,2026,242,91,64,24,1,35.0,true
77,Rohrbach,1948,223,92,25,2,0,30.0,true
77,Rohrbach,1949,365,92,39,4,0,32.0,true
77,Rohrbach,1950,365,92,53,10,1,36.1,true
77,Rohrbach,1951,365,92,46,4,0,31.1,true
77,Rohrbach,1952,366,92,48,11,0,34.0,true
77,Rohrbach,1953,365,92,38,1,0,31.2,true
77,Rohrbach,1954,365,92,26,1,0,30.0,true
77,Rohrbach,1955,365,92,17,0,0,28.0,true
77,Rohrbach,1956,366,92,21,0,0,29.0,true
77,Rohrbach,1957,365,92,27,8,2,36.0,true
77,Rohrbach,1958,365,92,34,3,0,32.0,true
77,Rohrbach,1959,365,92,24,2,0,30.0,true
77,Rohrbach,1960,366,92,18,1,0,31.0,true
77,Rohrbach,1961,365,92,35,3,0,31.0,true
77,Rohrbach,1962,365,92,32,4,0,32.0,true
77,Rohrbach,1963,365,92,29,4,0,31.0,true
77,Rohrbach,1964,366,92,39,4,0,30.0,true
77,Rohrbach,1965,365,92,18,4,0,33.0,true
77,Rohrbach,1966,365,92,30,1,0,30.1,true
77,Rohrbach,1967,365,92,44,10,0,32.0,true
77,Rohrbach,1968,366,92,36,3,0,31.0,true
77,Rohrbach,1969,365,92,30,4,0,31.8,true
77,Rohrbach,1970,365,92,25,0,0,28.8,true
77,Rohrbach,1971,365,92,33,4,0,33.3,true
77,Rohrbach,1972,366,92,20,1,0,31.0,true
77,Rohrbach,1973,365,92,25,0,0,29.9,true
77,Rohrbach,1974,365,92,19,3,0,31.4,true
77,Rohrbach,1975,365,92,31,0,0,29.0,true
77,Rohrbach,1976,366,92,32,5,0,32.0,true
77,Rohrbach,1977,365,92,21,0,0,29.6,true
77,Rohrbach,1978,365,92,14,0,0,27.5,true
77,Rohrbach,1979,362,92,29,0,0,29.2,true
77,Rohrbach,1980,366,92,14,1,0,31.2,true
77,Rohrbach,1981,362,92,28,2,0,32.3,true
77,Rohrbach,1982,365,92,26,0,0,29.3,true
77,Rohrbach,1983,365,92,50,8,1,35.6,true
77,Rohrbach,1984,366,92,18,2,0,34.2,true
77,Rohrbach,1985,365,92,33,7,0,31.9,true
77,Rohrbach,1986,365,92,48,3,0,32.3,true
77,Rohrbach,1987,365,92,35,5,0,31.3,true
77,Rohrbach,1988,366,92,32,5,0,33.8,true
77,Rohrbach,1989,365,92,23,3,0,31.5,true
77,Rohrbach,1990,365,92,30,1,0,30.6,true
77,Rohrbach,1991,365,92,26,2,0,30.6,true
77,Rohrbach,1992,366,92,45,11,0,34.6,true
77,Rohrbach,1993,365,92,58,11,0,33.4,true
77,Rohrbach,1994,365,92,59,26,0,34.8,true
77,Rohrbach,1995,365,92,32,5,0,32.4,true
77,Rohrbach,1996,366,92,24,2,0,30.2,true
77,Rohrbach,1997,365,92,29,1,0,30.4,true
77,Rohrbach,1998,365,92,42,7,0,33.9,true
77,Rohrbach,1999,365,92,28,2,0,32.8,true
77,Rohrbach,2000,366,92,40,6,0,31.4,true
77,Rohrbach,2001,365,92,29,2,0,31.6,true
77,Rohrbach,2002,365,92,34,6,0,32.0,true
77,Rohrbach,2003,365,92,67,15,0,33.8,true
77,Rohrbach,2004,366,92,29,1,0,30.0,true
77,Rohrbach,2005,365,92,33,3,0,34.0,true
77,Rohrbach,2006,365,92,43,8,0,31.8,true
77,Rohrbach,2007,365,92,43,6,0,32.9,true
77,Rohrbach,2008,366,92,44,6,0,31.0,true
77,Rohrbach,2009,365,92,32,1,0,33.3,true
77,Rohrbach,2010,365,92,35,7,0,31.5,true
77,Rohrbach,2011,365,92,41,5,0,32.9,true
77,Rohrbach,2012,366,92,49,6,0,32.5,true
77,Rohrbach,2013,365,92,38,15,0,34.3,true
77,Rohrbach,2014,365,92,28,4,0,32.3,true
77,Rohrbach,2015,365,92,59,29,0,34.7,true
77,Rohrbach,2016,366,92,44,4,0,31.2,true
77,Rohrbach,2017,365,92,56,6,0,33.4,true
77,Rohrbach,2018,365,92,66,9,0,31.8,true
77,Rohrbach,2019,365,92,55,11,0,32.9,true
77,Rohrbach,2020,366,92,41,4,0,30.7,true
77,Rohrbach,2021,260,31,18,6,0,31.0,false
77,Rohrbach,2022,365,92,44,6,0,32.0,true
77,Rohrbach,2023,365,92,50,8,0,32.9,true
77,Rohrbach,2024,366,92,59,12,0,31.9,true
77,Rohrbach,2025,364,91,40,7,0,32.1,false
77,Rohrbach,2026,235,84,56,17,1,35.0,false
82,Rudolfshütte,1961,61,31,0,0,0,19.0,false
82,Rudolfshütte,1962,212,92,0,0,0,18.6,true
82,Rudolfshütte,1963,365,92,0,0,0,17.7,true
82,Rudolfshütte,1964,366,92,0,0,0,18.9,true
82,Rudolfshütte,1965,365,92,0,0,0,17.1,true
82,Rudolfshütte,1966,365,92,0,0,0,18.8,true
82,Rudolfshütte,1967,304,92,0,0,0,17.3,true
82,Rudolfshütte,1968,312,91,0,0,0,20.5,false
82,Rudolfshütte,1969,153,92,0,0,0,18.0,true
82,Rudolfshütte,1970,245,92,0,0,0,17.7,true
82,Rudolfshütte,1971,217,53,0,0,0,20.0,false
82,Rudolfshütte,1972,245,92,0,0,0,21.1,true
82,Rudolfshütte,1973,62,62,0,0,0,19.5,false
82,Rudolfshütte,1974,92,62,0,0,0,19.4,false
82,Rudolfshütte,1975,304,92,0,0,0,18.9,true
82,Rudolfshütte,1976,255,92,0,0,0,16.4,true
82,Rudolfshütte,1977,365,92,0,0,0,15.6,true
82,Rudolfshütte,1978,120,0,0,0,0,3.6,false
82,Rudolfshütte,1980,214,92,0,0,0,19.1,true
82,Rudolfshütte,1981,365,92,0,0,0,18.0,true
82,Rudolfshütte,1982,365,92,0,0,0,17.5,true
82,Rudolfshütte,1983,365,92,0,0,0,21.7,true
82,Rudolfshütte,1984,366,92,0,0,0,19.9,true
82,Rudolfshütte,1985,365,92,0,0,0,17.2,true
82,Rudolfshütte,1986,365,92,0,0,0,18.3,true
82,Rudolfshütte,1987,365,92,0,0,0,17.4,true
82,Rudolfshütte,1988,366,92,0,0,0,18.0,true
82,Rudolfshütte,1989,365,92,0,0,0,15.7,true
82,Rudolfshütte,1990,365,92,0,0,0,17.4,true
82,Rudolfshütte,1991,365,92,0,0,0,18.0,true
82,Rudolfshütte,1992,366,92,0,0,0,19.4,true
82,Rudolfshütte,1993,365,92,0,0,0,17.3,true
82,Rudolfshütte,1994,365,92,0,0,0,19.4,true
82,Rudolfshütte,1995,365,92,0,0,0,18.7,true
82,Rudolfshütte,1996,366,92,0,0,0,17.8,true
82,Rudolfshütte,1997,365,92,0,0,0,16.8,true
82,Rudolfshütte,1998,365,92,0,0,0,19.7,true
82,Rudolfshütte,1999,365,92,0,0,0,17.3,true
82,Rudolfshütte,2000,366,92,0,0,0,18.0,true
82,Rudolfshütte,2001,365,92,0,0,0,18.4,true
82,Rudolfshütte,2002,365,92,0,0,0,17.9,true
82,Rudolfshütte,2003,365,92,0,0,0,20.2,true
82,Rudolfshütte,2004,366,92,0,0,0,16.2,true
82,Rudolfshütte,2005,365,92,0,0,0,20.6,true
82,Rudolfshütte,2006,365,92,0,0,0,19.8,true
82,Rudolfshütte,2007,365,92,0,0,0,19.8,true
82,Rudolfshütte,2008,366,92,0,0,0,18.3,true
82,Rudolfshütte,2009,365,92,0,0,0,18.7,true
82,Rudolfshütte,2010,365,92,0,0,0,19.9,true
82,Rudolfshütte,2011,365,92,0,0,0,21.1,true
82,Rudolfshütte,2012,366,92,0,0,0,21.6,true
82,Rudolfshütte,2013,365,92,0,0,0,21.0,true
82,Rudolfshütte,2014,365,92,0,0,0,18.9,true
82,Rudolfshütte,2015,365,92,0,0,0,21.1,true
82,Rudolfshütte,2016,366,92,0,0,0,20.2,true
82,Rudolfshütte,2017,365,92,0,0,0,20.6,true
82,Rudolfshütte,2018,365,92,0,0,0,19.1,true
82,Rudolfshütte,2019,365,92,0,0,0,21.8,true
82,Rudolfshütte,2020,366,92,0,0,0,19.8,true
82,Rudolfshütte,2021,365,92,0,0,0,19.1,true
82,Rudolfshütte,2022,365,92,0,0,0,21.2,true
82,Rudolfshütte,2023,365,92,0,0,0,21.7,true
82,Rudolfshütte,2024,366,92,0,0,0,21.1,true
82,Rudolfshütte,2025,365,92,0,0,0,20.3,true
82,Rudolfshütte,2026,242,91,0,0,0,22.3,true
131,Salzburg Flughafen,1874,365,92,38,6,0,32.5,true
131,Salzburg Flughafen,1875,365,92,34,2,0,31.1,true
131,Salzburg Flughafen,1876,366,92,38,1,0,30.3,true
131,Salzburg Flughafen,1877,365,92,38,0,0,29.8,true
131,Salzburg Flughafen,1878,365,92,19,0,0,28.5,true
131,Salzburg Flughafen,1879,365,92,34,1,0,30.1,true
131,Salzburg Flughafen,1880,366,92,29,3,0,32.0,true
131,Salzburg Flughafen,1881,365,92,37,11,0,33.3,true
131,Salzburg Flughafen,1882,365,92,29,2,0,30.5,true
131,Salzburg Flughafen,1883,365,92,36,3,0,33.3,true
131,Salzburg Flughafen,1884,366,92,46,10,1,35.2,true
131,Salzburg Flughafen,1885,365,92,64,12,0,32.0,true
131,Salzburg Flughafen,1886,365,92,56,10,1,35.0,true
131,Salzburg Flughafen,1887,365,92,60,9,0,32.4,true
131,Salzburg Flughafen,1888,366,92,36,9,0,32.6,true
131,Salzburg Flughafen,1889,365,92,47,7,1,35.0,true
131,Salzburg Flughafen,1890,365,92,38,7,0,32.8,true
131,Salzburg Flughafen,1891,365,92,34,4,1,35.9,true
131,Salzburg Flughafen,1892,366,92,51,15,1,36.6,true
131,Salzburg Flughafen,1893,365,92,49,9,0,31.8,true
131,Salzburg Flughafen,1894,365,92,42,7,0,34.0,true
131,Salzburg Flughafen,1895,365,92,52,7,0,34.8,true
131,Salzburg Flughafen,1896,366,92,30,2,0,32.6,true
131,Salzburg Flughafen,1897,365,92,41,11,0,33.0,true
131,Salzburg Flughafen,1898,365,92,42,6,0,31.0,true
131,Salzburg Flughafen,1899,365,92,47,3,0,31.0,true
131,Salzburg Flughafen,1900,365,92,53,13,0,34.8,true
131,Salzburg Flughafen,1901,365,92,54,3,0,34.5,true
131,Salzburg Flughafen,1902,365,92,44,11,0,32.5,true
131,Salzburg Flughafen,1903,365,92,37,3,0,33.0,true
131,Salzburg Flughafen,1904,366,92,52,12,0,32.4,true
131,Salzburg Flughafen,1905,365,92,61,11,1,35.0,true
131,Salzburg Flughafen,1906,365,92,40,5,0,33.5,true
131,Salzburg Flughafen,1907,365,92,51,6,0,33.4,true
131,Salzburg Flughafen,1908,366,92,49,12,0,34.1,true
131,Salzburg Flughafen,1909,365,92,36,0,0,29.4,true
131,Salzburg Flughafen,1910,365,92,35,4,0,31.2,true
131,Salzburg Flughafen,1911,365,92,70,16,2,35.5,true
131,Salzburg Flughafen,1912,366,92,29,2,0,31.0,true
131,Salzburg Flughafen,1913,365,92,20,1,0,30.1,true
131,Salzburg Flughafen,1914,365,92,29,1,0,30.0,true
131,Salzburg Flughafen,1915,365,92,31,5,0,32.2,true
131,Salzburg Flughafen,1916,366,92,24,0,0,29.4,true
131,Salzburg Flughafen,1917,365,92,62,3,0,33.0,true
131,Salzburg Flughafen,1918,365,92,33,4,0,32.4,true
131,Salzburg Flughafen,1919,365,92,37,1,0,31.0,true
131,Salzburg Flughafen,1920,366,92,37,3,0,34.0,true
131,Salzburg Flughafen,1921,321,61,33,4,0,33.5,false
131,Salzburg Flughafen,1923,365,92,52,9,1,35.4,true
131,Salzburg Flughafen,1924,366,92,45,6,0,34.0,true
131,Salzburg Flughafen,1925,365,92,34,7,0,34.0,true
131,Salzburg Flughafen,1926,365,92,36,2,0,33.0,true
131,Salzburg Flughafen,1927,365,92,50,10,0,32.2,true
131,Salzburg Flughafen,1928,366,92,60,15,0,34.8,true
131,Salzburg Flughafen,1929,365,92,61,17,1,35.9,true
131,Salzburg Flughafen,1930,365,92,52,11,0,34.0,true
131,Salzburg Flughafen,1931,365,92,54,17,0,32.0,true
131,Salzburg Flughafen,1932,366,92,66,17,0,34.0,true
131,Salzburg Flughafen,1933,365,92,41,9,0,31.8,true
131,Salzburg Flughafen,1934,365,92,61,7,0,31.9,true
131,Salzburg Flughafen,1935,365,92,62,10,1,35.0,true
131,Salzburg Flughafen,1936,366,92,38,6,0,33.0,true
131,Salzburg Flughafen,1937,365,92,54,7,0,33.8,true
131,Salzburg Flughafen,1938,365,92,53,9,0,34.0,true
131,Salzburg Flughafen,1939,365,92,37,1,0,30.0,true
131,Salzburg Flughafen,1940,366,92,26,1,0,31.1,true
131,Salzburg Flughafen,1941,365,92,32,3,0,31.8,true
131,Salzburg Flughafen,1942,365,92,47,2,0,30.9,true
131,Salzburg Flughafen,1943,365,92,37,7,0,34.5,true
131,Salzburg Flughafen,1944,366,92,41,5,0,30.9,true
131,Salzburg Flughafen,1945,31,0,0,0,0,4.5,false
131,Salzburg Flughafen,1946,245,92,57,17,1,35.0,true
131,Salzburg Flughafen,1947,365,92,62,19,0,34.9,true
131,Salzburg Flughafen,1948,366,92,40,2,0,32.3,true
131,Salzburg Flughafen,1949,365,92,41,5,0,32.7,true
131,Salzburg Flughafen,1950,365,92,57,13,0,34.2,true
131,Salzburg Flughafen,1951,365,92,44,5,0,31.7,true
131,Salzburg Flughafen,1952,366,92,48,13,1,36.3,true
131,Salzburg Flughafen,1953,365,92,49,5,0,33.1,true
131,Salzburg Flughafen,1954,365,92,31,2,0,30.4,true
131,Salzburg Flughafen,1955,365,92,30,1,0,30.3,true
131,Salzburg Flughafen,1956,366,92,35,1,0,31.5,true
131,Salzburg Flughafen,1957,365,92,34,9,2,36.2,true
131,Salzburg Flughafen,1958,334,92,46,6,0,32.5,true
131,Salzburg Flughafen,1959,365,92,42,4,0,31.6,true
131,Salzburg Flughafen,1960,366,92,30,2,0,31.3,true
131,Salzburg Flughafen,1961,365,92,47,5,0,31.0,true
131,Salzburg Flughafen,1962,365,92,47,7,0,33.2,true
131,Salzburg Flughafen,1963,365,92,34,7,0,32.1,true
131,Salzburg Flughafen,1964,366,92,47,8,0,31.4,true
131,Salzburg Flughafen,1965,365,92,30,5,1,36.0,true
131,Salzburg Flughafen,1966,365,92,38,3,0,33.0,true
131,Salzburg Flughafen,1967,365,92,43,5,0,34.2,true
131,Salzburg Flughafen,1968,366,92,39,0,0,29.9,true
131,Salzburg Flughafen,1969,365,92,42,7,0,32.2,true
131,Salzburg Flughafen,1970,365,92,42,1,0,31.2,true
131,Salzburg Flughafen,1971,365,92,42,9,0,34.4,true
131,Salzburg Flughafen,1972,366,92,34,5,0,34.2,true
131,Salzburg Flughafen,1973,365,92,53,3,0,31.3,true
131,Salzburg Flughafen,1974,365,92,32,6,0,32.8,true
131,Salzburg Flughafen,1975,365,92,51,1,0,31.7,true
131,Salzburg Flughafen,1976,366,92,53,7,0,34.3,true
131,Salzburg Flughafen,1977,365,92,47,3,0,31.4,true
131,Salzburg Flughafen,1978,365,92,36,1,0,30.8,true
131,Salzburg Flughafen,1979,365,92,54,4,0,32.2,true
131,Salzburg Flughafen,1980,366,92,35,5,1,35.6,true
131,Salzburg Flughafen,1981,365,92,49,7,0,32.3,true
131,Salzburg Flughafen,1982,365,92,54,4,0,30.9,true
131,Salzburg Flughafen,1983,365,92,72,13,2,37.5,true
131,Salzburg Flughafen,1984,366,92,29,4,1,37.7,true
131,Salzburg Flughafen,1985,365,92,52,10,0,33.3,true
131,Salzburg Flughafen,1986,365,92,67,9,0,32.4,true
131,Salzburg Flughafen,1987,365,92,56,10,0,31.9,true
131,Salzburg Flughafen,1988,366,92,53,11,1,35.5,true
131,Salzburg Flughafen,1989,365,92,48,4,0,32.9,true
131,Salzburg Flughafen,1990,365,92,52,9,0,31.4,true
131,Salzburg Flughafen,1991,365,92,58,6,0,33.6,true
131,Salzburg Flughafen,1992,366,92,68,21,1,35.3,true
131,Salzburg Flughafen,1993,365,92,61,9,0,32.5,true
131,Salzburg Flughafen,1994,365,92,68,31,4,35.6,true
131,Salzburg Flughafen,1995,365,92,57,17,1,35.3,true
131,Salzburg Flughafen,1996,366,92,43,6,0,31.8,true
131,Salzburg Flughafen,1997,365,92,48,1,0,30.7,true
131,Salzburg Flughafen,1998,365,92,49,10,0,34.4,true
131,Salzburg Flughafen,1999,365,92,42,4,0,33.3,true
131,Salzburg Flughafen,2000,366,92,61,9,0,32.9,true
131,Salzburg Flughafen,2001,365,92,57,12,0,33.1,true
131,Salzburg Flughafen,2002,365,92,53,9,0,32.8,true
131,Salzburg Flughafen,2003,365,92,91,29,1,35.9,true
131,Salzburg Flughafen,2004,366,92,46,4,0,32.1,true
131,Salzburg Flughafen,2005,365,92,47,8,0,33.9,true
131,Salzburg Flughafen,2006,365,92,55,15,0,33.0,true
131,Salzburg Flughafen,2007,365,92,57,8,0,34.7,true
131,Salzburg Flughafen,2008,366,92,57,12,0,33.8,true
131,Salzburg Flughafen,2009,365,92,46,5,1,36.6,true
131,Salzburg Flughafen,2010,365,92,44,15,0,33.1,true
131,Salzburg Flughafen,2011,365,92,54,11,0,34.3,true
131,Salzburg Flughafen,2012,366,92,62,15,0,34.2,true
131,Salzburg Flughafen,2013,365,92,58,19,4,37.2,true
131,Salzburg Flughafen,2014,365,92,43,9,0,33.1,true
131,Salzburg Flughafen,2015,365,92,64,32,3,35.5,true
131,Salzburg Flughafen,2016,366,92,66,9,0,32.0,true
131,Salzburg Flughafen,2017,365,92,68,15,1,36.0,true
131,Salzburg Flughafen,2018,365,92,78,16,0,33.6,true
131,Salzburg Flughafen,2019,365,92,71,18,0,34.7,true
131,Salzburg Flughafen,2020,366,92,59,9,0,32.8,true
131,Salzburg Flughafen,2021,365,92,57,10,0,32.0,true
131,Salzburg Flughafen,2022,365,92,74,17,0,34.7,true
131,Salzburg Flughafen,2023,365,92,76,25,2,36.8,true
131,Salzburg Flughafen,2024,366,92,72,17,0,34.8,true
131,Salzburg Flughafen,2025,365,92,63,21,0,33.6,true
131,Salzburg Flughafen,2026,240,89,80,42,6,37.9,false
85,Schmittenhöhe,1931,233,92,0,0,0,21.0,true
85,Schmittenhöhe,1932,175,0,0,0,0,19.0,false
85,Schmittenhöhe,1933,365,92,0,0,0,21.2,true
85,Schmittenhöhe,1934,334,92,0,0,0,20.0,true
85,Schmittenhöhe,1938,365,92,0,0,0,21.7,true
85,Schmittenhöhe,1939,243,92,0,0,0,20.0,true
85,Schmittenhöhe,1940,306,92,0,0,0,20.4,true
85,Schmittenhöhe,1941,365,92,0,0,0,22.8,true
85,Schmittenhöhe,1942,365,92,0,0,0,20.6,true
85,Schmittenhöhe,1943,365,92,0,0,0,23.7,true
85,Schmittenhöhe,1944,366,92,0,0,0,21.9,true
85,Schmittenhöhe,1945,202,19,0,0,0,21.9,false
85,Schmittenhöhe,1946,365,92,0,0,0,22.5,true
85,Schmittenhöhe,1947,365,92,0,0,0,23.8,true
85,Schmittenhöhe,1948,366,92,0,0,0,21.3,true
85,Schmittenhöhe,1949,365,92,0,0,0,21.1,true
85,Schmittenhöhe,1950,365,92,0,0,0,24.2,true
85,Schmittenhöhe,1951,365,92,0,0,0,22.5,true
85,Schmittenhöhe,1952,366,92,0,0,0,24.6,true
85,Schmittenhöhe,1953,365,92,0,0,0,22.4,true
85,Schmittenhöhe,1954,365,92,0,0,0,19.2,true
85,Schmittenhöhe,1955,365,92,0,0,0,21.0,true
85,Schmittenhöhe,1956,366,92,0,0,0,23.5,true
85,Schmittenhöhe,1957,365,92,0,0,0,24.1,true
85,Schmittenhöhe,1958,365,92,0,0,0,23.2,true
85,Schmittenhöhe,1959,365,92,0,0,0,21.0,true
85,Schmittenhöhe,1960,366,92,0,0,0,23.2,true
85,Schmittenhöhe,1961,334,61,0,0,0,21.8,false
85,Schmittenhöhe,1962,365,92,0,0,0,22.2,true
85,Schmittenhöhe,1963,365,92,0,0,0,20.4,true
85,Schmittenhöhe,1964,366,92,0,0,0,21.0,true
85,Schmittenhöhe,1965,365,92,0,0,0,22.0,true
85,Schmittenhöhe,1966,365,92,0,0,0,22.8,true
85,Schmittenhöhe,1967,365,92,0,0,0,20.8,true
85,Schmittenhöhe,1968,335,92,0,0,0,22.5,true
85,Schmittenhöhe,1969,365,92,0,0,0,21.5,true
85,Schmittenhöhe,1970,365,92,0,0,0,22.5,true
85,Schmittenhöhe,1971,365,92,0,0,0,24.0,true
85,Schmittenhöhe,1972,366,92,0,0,0,22.5,true
85,Schmittenhöhe,1973,365,92,0,0,0,21.4,true
85,Schmittenhöhe,1974,365,92,0,0,0,22.5,true
85,Schmittenhöhe,1975,365,92,0,0,0,23.0,true
85,Schmittenhöhe,1976,366,92,0,0,0,21.4,true
85,Schmittenhöhe,1977,365,92,0,0,0,20.0,true
85,Schmittenhöhe,1978,365,92,0,0,0,18.0,true
85,Schmittenhöhe,1979,365,92,0,0,0,19.5,true
85,Schmittenhöhe,1980,366,92,0,0,0,22.4,true
85,Schmittenhöhe,1981,365,92,0,0,0,22.6,true
85,Schmittenhöhe,1982,90,0,0,0,0,9.8,false
85,Schmittenhöhe,1983,92,0,0,0,0,17.2,false
85,Schmittenhöhe,1984,366,92,0,0,0,24.2,true
85,Schmittenhöhe,1985,365,92,0,0,0,20.7,true
85,Schmittenhöhe,1986,365,92,0,0,0,20.9,true
85,Schmittenhöhe,1987,348,92,0,0,0,20.7,true
85,Schmittenhöhe,1988,366,92,0,0,0,21.6,true
85,Schmittenhöhe,1989,365,92,0,0,0,19.5,true
85,Schmittenhöhe,1990,365,92,0,0,0,21.4,true
85,Schmittenhöhe,1991,365,92,0,0,0,21.5,true
85,Schmittenhöhe,1992,366,92,0,0,0,22.3,true
85,Schmittenhöhe,1993,365,92,0,0,0,22.0,true
85,Schmittenhöhe,1994,365,92,0,0,0,22.3,true
85,Schmittenhöhe,1995,365,92,0,0,0,21.9,true
85,Schmittenhöhe,1996,366,92,0,0,0,21.2,true
85,Schmittenhöhe,1997,365,92,0,0,0,19.2,true
85,Schmittenhöhe,1998,365,92,0,0,0,22.3,true
85,Schmittenhöhe,1999,365,92,0,0,0,21.7,true
85,Schmittenhöhe,2000,366,92,0,0,0,24.2,true
85,Schmittenhöhe,2001,365,92,0,0,0,22.4,true
85,Schmittenhöhe,2002,365,92,0,0,0,22.9,true
85,Schmittenhöhe,2003,365,92,0,0,0,23.0,true
85,Schmittenhöhe,2004,366,92,0,0,0,20.4,true
85,Schmittenhöhe,2005,365,92,0,0,0,24.3,true
85,Schmittenhöhe,2006,365,92,0,0,0,22.0,true
85,Schmittenhöhe,2007,365,92,0,0,0,22.7,true
85,Schmittenhöhe,2008,354,80,0,0,0,22.8,false
85,Schmittenhöhe,2009,365,92,0,0,0,23.4,true
85,Schmittenhöhe,2010,365,92,0,0,0,22.1,true
85,Schmittenhöhe,2011,142,0,0,0,0,15.4,false
85,Schmittenhöhe,2012,256,92,0,0,0,23.5,true
85,Schmittenhöhe,2013,365,92,0,0,0,24.4,true
85,Schmittenhöhe,2014,365,92,0,0,0,23.0,true
85,Schmittenhöhe,2015,365,92,0,0,0,24.1,true
85,Schmittenhöhe,2016,366,92,0,0,0,22.4,true
85,Schmittenhöhe,2017,365,92,0,0,0,23.8,true
85,Schmittenhöhe,2018,365,92,0,0,0,22.1,true
85,Schmittenhöhe,2019,365,92,1,0,0,25.0,true
85,Schmittenhöhe,2020,366,92,0,0,0,23.4,true
85,Schmittenhöhe,2021,365,92,0,0,0,22.5,true
85,Schmittenhöhe,2022,365,92,0,0,0,23.7,true
85,Schmittenhöhe,2023,365,92,0,0,0,24.5,true
85,Schmittenhöhe,2024,366,92,0,0,0,23.0,true
85,Schmittenhöhe,2025,365,92,0,0,0,23.2,true
85,Schmittenhöhe,2026,242,91,0,0,0,24.9,true
172,Schoppernau,1948,366,92,18,0,0,27.5,true
172,Schoppernau,1949,365,92,30,1,0,31.0,true
172,Schoppernau,1950,365,92,37,4,0,31.0,true
172,Schoppernau,1951,365,92,24,1,0,30.0,true
172,Schoppernau,1952,366,92,26,6,0,32.0,true
172,Schoppernau,1953,365,92,25,0,0,29.0,true
172,Schoppernau,1954,365,92,11,0,0,27.5,true
172,Schoppernau,1955,365,92,10,0,0,29.5,true
172,Schoppernau,1956,366,92,15,0,0,29.0,true
172,Schoppernau,1957,365,92,20,5,0,33.1,true
172,Schoppernau,1958,365,92,33,0,0,29.7,true
172,Schoppernau,1959,365,92,14,0,0,29.0,true
172,Schoppernau,1960,358,92,15,0,0,28.0,true
172,Schoppernau,1961,365,92,32,0,0,29.0,true
172,Schoppernau,1962,365,92,27,0,0,29.4,true
172,Schoppernau,1963,365,92,19,0,0,29.6,true
172,Schoppernau,1964,366,92,31,2,0,30.2,true
172,Schoppernau,1965,365,92,14,3,0,31.2,true
172,Schoppernau,1966,365,92,18,1,0,30.0,true
172,Schoppernau,1967,365,92,23,1,0,32.4,true
172,Schoppernau,1968,366,92,12,0,0,29.8,true
172,Schoppernau,1969,365,92,25,0,0,29.4,true
172,Schoppernau,1970,365,92,21,0,0,29.4,true
172,Schoppernau,1971,365,92,22,1,0,30.8,true
172,Schoppernau,1972,366,92,13,1,0,30.8,true
172,Schoppernau,1973,365,92,19,0,0,29.8,true
172,Schoppernau,1974,365,92,14,0,0,29.7,true
172,Schoppernau,1975,365,92,19,0,0,29.6,true
172,Schoppernau,1976,366,92,22,0,0,28.3,true
172,Schoppernau,1977,365,92,7,1,0,30.4,true
172,Schoppernau,1978,365,92,9,0,0,26.6,true
172,Schoppernau,1979,365,92,9,0,0,27.6,true
172,Schoppernau,1980,366,92,15,2,0,30.6,true
172,Schoppernau,1981,365,92,21,0,0,28.0,true
172,Schoppernau,1982,365,92,26,0,0,29.0,true
172,Schoppernau,1983,365,92,31,6,0,33.8,true
172,Schoppernau,1984,366,92,11,1,0,34.0,true
172,Schoppernau,1985,365,92,20,0,0,29.8,true
172,Schoppernau,1986,365,92,29,1,0,30.0,true
172,Schoppernau,1987,365,92,31,0,0,29.3,true
172,Schoppernau,1988,366,92,25,0,0,29.5,true
172,Schoppernau,1989,365,92,11,0,0,29.0,true
172,Schoppernau,1990,365,92,21,0,0,29.6,true
172,Schoppernau,1991,365,92,22,1,0,30.2,true
172,Schoppernau,1992,366,92,31,2,0,30.4,true
172,Schoppernau,1993,365,92,21,0,0,28.8,true
172,Schoppernau,1994,365,92,45,3,0,31.6,true
172,Schoppernau,1995,365,92,26,1,0,32.5,true
172,Schoppernau,1996,366,92,15,0,0,29.5,true
172,Schoppernau,1997,365,92,20,0,0,27.6,true
172,Schoppernau,1998,365,92,27,4,0,31.4,true
172,Schoppernau,1999,365,92,19,1,0,31.2,true
172,Schoppernau,2000,366,92,32,2,0,32.3,true
172,Schoppernau,2001,365,92,37,2,0,31.0,true
172,Schoppernau,2002,365,92,27,3,0,32.0,true
172,Schoppernau,2003,365,92,70,15,0,33.4,true
172,Schoppernau,2004,366,92,28,0,0,28.3,true
172,Schoppernau,2005,365,92,33,3,0,30.7,true
172,Schoppernau,2006,365,92,43,4,0,31.2,true
172,Schoppernau,2007,365,92,27,3,0,33.2,true
172,Schoppernau,2008,366,92,29,0,0,29.4,true
172,Schoppernau,2009,365,92,30,2,0,32.1,true
172,Schoppernau,2010,365,92,34,4,0,32.2,true
172,Schoppernau,2011,365,92,27,5,0,31.8,true
172,Schoppernau,2012,366,92,30,6,0,32.1,true
172,Schoppernau,2013,365,92,30,8,0,34.3,true
172,Schoppernau,2014,365,92,19,3,0,32.3,true
172,Schoppernau,2015,365,92,49,10,0,34.6,true
172,Schoppernau,2016,366,92,29,1,0,31.0,true
172,Schoppernau,2017,365,92,44,5,0,34.2,true
172,Schoppernau,2018,365,92,45,6,0,31.5,true
172,Schoppernau,2019,365,92,38,9,0,32.8,true
172,Schoppernau,2020,366,92,32,2,0,31.2,true
172,Schoppernau,2021,365,92,25,0,0,29.6,true
172,Schoppernau,2022,365,92,51,8,0,32.1,true
172,Schoppernau,2023,365,92,45,10,0,33.2,true
172,Schoppernau,2024,366,92,42,5,0,31.3,true
172,Schoppernau,2025,365,92,41,8,0,31.1,true
172,Schoppernau,2026,242,91,62,21,0,33.2,true
173,Schröcken,1948,289,92,4,0,0,25.2,true
173,Schröcken,1949,365,92,10,0,0,28.4,true
173,Schröcken,1957,31,0,0,0,0,19.0,false
173,Schröcken,1958,365,92,14,1,0,31.0,true
173,Schröcken,1959,365,92,8,0,0,28.0,true
173,Schröcken,1960,366,92,6,0,0,28.0,true
173,Schröcken,1961,365,92,7,0,0,29.0,true
173,Schröcken,1962,365,92,8,0,0,27.5,true
173,Schröcken,1963,365,92,4,0,0,29.1,true
173,Schröcken,1964,366,92,11,0,0,28.0,true
173,Schröcken,1965,365,92,8,0,0,29.5,true
173,Schröcken,1966,365,92,6,0,0,28.9,true
173,Schröcken,1967,365,92,9,0,0,27.5,true
173,Schröcken,1968,366,92,8,0,0,28.0,true
173,Schröcken,1969,181,30,3,0,0,29.0,false
173,Schröcken,1970,275,92,5,0,0,27.0,true
173,Schröcken,1971,365,92,8,0,0,29.5,true
173,Schröcken,1972,366,92,4,1,0,30.6,true
173,Schröcken,1973,365,92,3,0,0,26.8,true
173,Schröcken,1974,365,92,6,0,0,28.0,true
173,Schröcken,1975,365,92,4,0,0,29.2,true
173,Schröcken,1976,366,92,6,0,0,26.0,true
173,Schröcken,1977,365,92,1,0,0,27.0,true
173,Schröcken,1978,365,92,0,0,0,23.6,true
173,Schröcken,1979,365,92,2,0,0,25.5,true
173,Schröcken,1980,366,92,3,0,0,29.5,true
173,Schröcken,1981,365,92,6,0,0,26.5,true
173,Schröcken,1982,365,92,5,0,0,26.2,true
173,Schröcken,1983,365,92,13,4,0,31.5,true
173,Schröcken,1984,366,92,7,1,0,31.0,true
173,Schröcken,1985,365,92,10,0,0,27.0,true
173,Schröcken,1986,365,92,4,0,0,29.1,true
173,Schröcken,1987,365,92,10,0,0,27.5,true
173,Schröcken,1988,366,92,6,0,0,27.5,true
173,Schröcken,1989,365,92,11,0,0,28.0,true
173,Schröcken,1990,365,92,3,0,0,26.5,true
173,Schröcken,1991,365,92,14,0,0,29.5,true
173,Schröcken,1992,366,92,19,0,0,29.5,true
173,Schröcken,1993,365,92,9,0,0,27.0,true
173,Schröcken,1994,365,92,16,0,0,28.0,true
173,Schröcken,1995,365,92,10,0,0,29.3,true
173,Schröcken,1996,366,92,2,0,0,26.4,true
173,Schröcken,1997,365,92,3,0,0,25.1,true
173,Schröcken,1998,365,92,13,0,0,29.2,true
173,Schröcken,1999,365,92,6,0,0,28.4,true
173,Schröcken,2000,366,92,10,0,0,29.0,true
173,Schröcken,2001,365,92,10,0,0,28.4,true
173,Schröcken,2002,365,92,9,1,0,30.0,true
173,Schröcken,2003,365,92,30,1,0,30.0,true
173,Schröcken,2004,366,92,3,0,0,25.4,true
173,Schröcken,2005,365,92,14,0,0,29.1,true
173,Schröcken,2006,365,92,0,0,0,24.0,true
173,Schröcken,2007,365,92,1,0,0,25.0,true
173,Schröcken,2008,366,92,10,0,0,26.9,true
173,Schröcken,2009,365,92,21,0,0,29.6,true
173,Schröcken,2010,365,92,13,0,0,29.5,true
173,Schröcken,2011,365,92,13,0,0,29.3,true
173,Schröcken,2012,366,92,15,1,0,30.5,true
173,Schröcken,2013,365,92,12,3,0,30.6,true
173,Schröcken,2014,365,92,9,0,0,28.7,true
173,Schröcken,2015,365,92,30,2,0,31.6,true
173,Schröcken,2016,366,92,12,0,0,28.9,true
173,Schröcken,2017,365,92,23,1,0,31.0,true
173,Schröcken,2018,365,92,10,0,0,28.8,true
173,Schröcken,2019,365,92,19,2,0,31.7,true
173,Schröcken,2020,366,92,12,0,0,29.0,true
173,Schröcken,2021,365,92,10,0,0,28.1,true
173,Schröcken,2022,365,92,20,0,0,29.8,true
173,Schröcken,2023,365,92,27,3,0,30.5,true
173,Schröcken,2024,366,92,19,0,0,29.6,true
173,Schröcken,2025,365,92,25,0,0,29.5,true
173,Schröcken,2026,242,91,44,4,0,30.3,true
86,Schöckl,1948,365,92,3,0,0,26.0,true
86,Schöckl,1949,365,92,0,0,0,24.0,true
86,Schöckl,1950,365,92,10,0,0,28.0,true
86,Schöckl,1951,365,92,0,0,0,23.0,true
86,Schöckl,1952,365,92,2,0,0,27.0,true
86,Schöckl,1953,365,92,0,0,0,22.0,true
86,Schöckl,1954,365,92,0,0,0,21.0,true
86,Schöckl,1955,364,92,0,0,0,23.0,true
86,Schöckl,1956,366,92,0,0,0,22.0,true
86,Schöckl,1957,365,92,4,0,0,26.0,true
86,Schöckl,1958,365,92,0,0,0,23.0,true
86,Schöckl,1959,364,92,0,0,0,22.0,true
86,Schöckl,1960,366,92,0,0,0,23.0,true
86,Schöckl,1961,365,92,0,0,0,23.7,true
86,Schöckl,1962,365,92,0,0,0,23.2,true
86,Schöckl,1963,365,92,0,0,0,22.2,true
86,Schöckl,1964,335,61,0,0,0,22.0,false
86,Schöckl,1965,365,92,0,0,0,24.6,true
86,Schöckl,1966,365,92,0,0,0,21.2,true
86,Schöckl,1967,365,92,0,0,0,23.8,true
86,Schöckl,1968,366,92,0,0,0,24.9,true
86,Schöckl,1969,365,92,0,0,0,23.4,true
86,Schöckl,1970,365,92,0,0,0,23.5,true
86,Schöckl,1971,365,92,0,0,0,24.1,true
86,Schöckl,1972,366,92,0,0,0,23.4,true
86,Schöckl,1973,365,92,0,0,0,22.4,true
86,Schöckl,1974,365,92,0,0,0,24.8,true
86,Schöckl,1975,365,92,0,0,0,24.5,true
86,Schöckl,1976,366,92,0,0,0,24.9,true
86,Schöckl,1977,365,92,0,0,0,21.4,true
86,Schöckl,1978,365,92,0,0,0,21.0,true
86,Schöckl,1979,365,92,0,0,0,22.6,true
86,Schöckl,1980,366,92,0,0,0,22.0,true
86,Schöckl,1981,365,92,0,0,0,24.5,true
86,Schöckl,1982,365,92,0,0,0,24.0,true
86,Schöckl,1983,365,92,2,0,0,28.4,true
86,Schöckl,1984,366,92,1,0,0,25.4,true
86,Schöckl,1985,365,92,0,0,0,23.0,true
86,Schöckl,1986,365,92,0,0,0,23.8,true
86,Schöckl,1987,365,92,0,0,0,23.5,true
86,Schöckl,1988,366,92,0,0,0,23.7,true
86,Schöckl,1989,365,92,0,0,0,21.5,true
86,Schöckl,1990,365,92,0,0,0,22.3,true
86,Schöckl,1991,365,92,0,0,0,24.5,true
86,Schöckl,1992,366,92,5,0,0,26.2,true
86,Schöckl,1993,365,92,0,0,0,23.1,true
86,Schöckl,1994,365,92,1,0,0,25.6,true
86,Schöckl,1995,349,92,0,0,0,22.0,true
86,Schöckl,1996,347,73,0,0,0,22.2,false
86,Schöckl,1997,344,92,0,0,0,20.3,true
86,Schöckl,1998,365,92,0,0,0,23.6,true
86,Schöckl,1999,365,92,0,0,0,22.8,true
86,Schöckl,2000,366,92,2,0,0,25.7,true
86,Schöckl,2001,365,92,0,0,0,24.8,true
86,Schöckl,2002,365,92,0,0,0,24.6,true
86,Schöckl,2003,365,92,2,0,0,27.0,true
86,Schöckl,2004,366,92,0,0,0,24.2,true
86,Schöckl,2005,365,92,0,0,0,24.5,true
86,Schöckl,2006,365,92,0,0,0,23.7,true
86,Schöckl,2007,365,92,3,0,0,27.3,true
86,Schöckl,2008,366,92,0,0,0,24.3,true
86,Schöckl,2009,365,92,0,0,0,24.7,true
86,Schöckl,2010,365,92,0,0,0,24.6,true
86,Schöckl,2011,365,92,1,0,0,25.5,true
86,Schöckl,2012,366,92,0,0,0,24.3,true
86,Schöckl,2013,365,92,6,0,0,28.1,true
86,Schöckl,2014,365,92,0,0,0,24.0,true
86,Schöckl,2015,365,92,1,0,0,25.3,true
86,Schöckl,2016,366,92,0,0,0,22.2,true
86,Schöckl,2017,365,92,1,0,0,25.0,true
86,Schöckl,2018,365,92,0,0,0,23.0,true
86,Schöckl,2019,365,92,2,0,0,26.7,true
86,Schöckl,2020,366,92,0,0,0,24.4,true
86,Schöckl,2021,365,92,0,0,0,24.6,true
86,Schöckl,2022,365,92,1,0,0,25.4,true
86,Schöckl,2023,365,92,0,0,0,24.6,true
86,Schöckl,2024,366,92,0,0,0,24.3,true
86,Schöckl,2025,365,92,3,0,0,25.5,true
86,Schöckl,2026,242,91,8,0,0,27.7,true
37,Schöngrabern,1936,366,92,33,0,0,29.6,true
37,Schöngrabern,1937,365,92,36,0,0,29.8,true
37,Schöngrabern,1938,365,92,39,3,0,30.2,true
37,Schöngrabern,1939,365,92,35,3,0,30.2,true
37,Schöngrabern,1940,366,92,16,0,0,27.7,true
37,Schöngrabern,1943,365,92,50,9,3,36.0,true
37,Schöngrabern,1944,366,92,42,6,0,31.5,true
37,Schöngrabern,1945,243,92,60,15,1,37.0,true
37,Schöngrabern,1947,89,0,16,10,0,31.8,false
37,Schöngrabern,1973,262,92,64,14,0,33.5,true
37,Schöngrabern,1974,365,92,41,10,2,36.5,true
37,Schöngrabern,1975,365,92,60,1,0,30.1,true
37,Schöngrabern,1976,233,92,44,7,0,34.1,true
37,Schöngrabern,1977,365,92,48,1,0,30.8,true
37,Schöngrabern,1978,365,92,36,1,0,30.0,true
37,Schöngrabern,1979,365,92,51,4,0,31.5,true
37,Schöngrabern,1980,366,92,27,2,0,30.4,true
37,Schöngrabern,1981,365,92,51,11,0,32.2,true
37,Schöngrabern,1982,365,92,68,4,0,32.5,true
37,Schöngrabern,1983,365,92,69,19,1,36.5,true
37,Schöngrabern,1984,366,92,32,7,0,33.3,true
37,Schöngrabern,1985,365,92,49,6,0,33.3,true
37,Schöngrabern,1986,334,92,61,11,0,32.8,true
37,Schöngrabern,1989,275,92,41,3,0,31.3,true
37,Schöngrabern,1990,365,92,45,11,0,32.0,true
37,Schöngrabern,1991,365,92,46,11,0,33.2,true
37,Schöngrabern,1992,366,92,62,28,5,36.7,true
37,Schöngrabern,1993,365,92,61,10,0,33.2,true
37,Schöngrabern,1994,365,92,66,26,0,34.5,true
37,Schöngrabern,1995,365,92,56,13,0,34.4,true
37,Schöngrabern,1996,366,92,39,0,0,29.8,true
37,Schöngrabern,1997,365,92,62,3,0,30.8,true
37,Schöngrabern,1998,365,92,56,18,1,35.7,true
37,Schöngrabern,1999,365,92,47,7,0,32.7,true
37,Schöngrabern,2000,366,92,72,21,2,35.7,true
37,Schöngrabern,2001,365,92,57,21,1,35.4,true
37,Schöngrabern,2002,365,92,68,14,0,34.8,true
37,Schöngrabern,2003,365,92,91,32,1,37.8,true
37,Schöngrabern,2004,366,92,48,10,0,32.7,true
37,Schöngrabern,2005,365,92,55,10,0,34.5,true
37,Schöngrabern,2006,365,92,50,18,0,34.2,true
37,Schöngrabern,2007,365,92,76,23,3,37.0,true
37,Schöngrabern,2008,366,92,72,9,0,32.9,true
37,Schöngrabern,2009,365,92,65,13,0,33.0,true
37,Schöngrabern,2010,365,92,53,16,0,34.1,true
37,Schöngrabern,2011,365,92,81,15,1,35.4,true
37,Schöngrabern,2012,366,92,91,30,1,36.9,true
37,Schöngrabern,2013,365,92,60,23,4,38.3,true
37,Schöngrabern,2014,365,92,55,14,0,33.9,true
37,Schöngrabern,2015,365,92,71,41,15,36.5,true
37,Schöngrabern,2016,366,92,74,12,0,34.5,true
37,Schöngrabern,2017,365,92,83,32,2,37.5,true
37,Schöngrabern,2018,365,92,105,33,2,35.6,true
37,Schöngrabern,2019,365,92,86,29,3,37.0,true
37,Schöngrabern,2020,366,92,68,17,0,34.7,true
37,Schöngrabern,2021,365,92,78,16,0,34.0,true
37,Schöngrabern,2022,365,92,82,29,2,36.1,true
37,Schöngrabern,2023,365,92,90,32,2,35.4,true
37,Schöngrabern,2024,366,92,95,43,1,35.3,true
37,Schöngrabern,2025,365,92,76,21,1,35.7,true
37,Schöngrabern,2026,242,91,90,44,14,39.4,true
124,Seckau,1948,366,92,17,0,0,27.0,true
124,Seckau,1949,365,92,16,0,0,28.0,true
124,Seckau,1950,365,92,40,4,0,32.0,true
124,Seckau,1951,273,92,34,0,0,28.0,true
124,Seckau,1952,366,92,33,5,0,31.0,true
124,Seckau,1953,365,92,27,0,0,29.0,true
124,Seckau,1954,365,92,18,0,0,27.0,true
124,Seckau,1955,365,92,10,1,0,30.0,true
124,Seckau,1956,366,92,23,0,0,28.0,true
124,Seckau,1957,365,92,31,5,0,33.0,true
124,Seckau,1958,365,92,34,0,0,29.0,true
124,Seckau,1959,365,92,17,0,0,29.0,true
124,Seckau,1960,366,92,16,0,0,29.0,true
124,Seckau,1961,365,92,34,0,0,29.4,true
124,Seckau,1962,365,92,29,1,0,30.0,true
124,Seckau,1963,365,92,29,1,0,30.0,true
124,Seckau,1964,366,92,32,0,0,29.0,true
124,Seckau,1965,365,92,21,3,0,31.0,true
124,Seckau,1966,365,92,21,2,0,30.0,true
124,Seckau,1967,365,92,31,1,0,30.0,true
124,Seckau,1968,366,92,20,3,0,31.0,true
124,Seckau,1969,365,92,26,2,0,30.0,true
124,Seckau,1970,365,92,31,0,0,28.0,true
124,Seckau,1971,365,92,26,1,0,30.9,true
124,Seckau,1972,366,92,19,1,0,30.2,true
124,Seckau,1973,365,92,31,0,0,29.5,true
124,Seckau,1974,365,92,19,1,0,30.6,true
124,Seckau,1975,365,92,14,0,0,27.8,true
124,Seckau,1976,366,92,22,1,0,31.0,true
124,Seckau,1977,365,92,17,0,0,28.3,true
124,Seckau,1978,365,92,13,0,0,28.1,true
124,Seckau,1979,365,92,17,0,0,26.5,true
124,Seckau,1980,366,92,17,0,0,29.9,true
124,Seckau,1981,365,92,22,2,0,30.7,true
124,Seckau,1982,365,92,20,0,0,28.9,true
124,Seckau,1983,365,92,30,5,1,35.4,true
124,Seckau,1984,366,92,15,2,0,34.8,true
124,Seckau,1985,365,92,19,0,0,29.6,true
124,Seckau,1986,365,92,24,0,0,28.9,true
124,Seckau,1987,365,92,21,0,0,28.8,true
124,Seckau,1988,366,92,30,1,0,30.9,true
124,Seckau,1989,365,92,9,0,0,27.9,true
124,Seckau,1990,365,92,27,0,0,28.9,true
124,Seckau,1991,365,92,20,0,0,29.6,true
124,Seckau,1992,366,92,28,6,0,31.9,true
124,Seckau,1993,365,92,22,0,0,29.9,true
124,Seckau,1994,365,92,48,6,0,30.9,true
124,Seckau,1995,365,92,22,1,0,31.2,true
124,Seckau,1996,182,30,13,0,0,29.2,false
124,Seckau,1999,214,92,16,0,0,29.7,true
124,Seckau,2000,366,92,32,3,0,30.8,true
124,Seckau,2001,365,92,29,0,0,29.5,true
124,Seckau,2002,365,92,21,0,0,29.8,true
124,Seckau,2003,365,92,55,9,0,33.4,true
124,Seckau,2004,366,92,18,0,0,28.3,true
124,Seckau,2005,365,92,22,2,0,30.7,true
124,Seckau,2006,365,92,33,1,0,30.4,true
124,Seckau,2007,365,92,31,6,0,32.1,true
124,Seckau,2008,366,92,32,0,0,29.6,true
124,Seckau,2009,365,92,32,1,0,30.0,true
124,Seckau,2010,365,92,37,4,0,31.5,true
124,Seckau,2011,365,92,34,6,0,31.8,true
124,Seckau,2012,366,92,42,3,0,32.0,true
124,Seckau,2013,365,92,43,15,1,35.0,true
124,Seckau,2014,365,92,21,1,0,30.6,true
124,Seckau,2015,365,92,49,11,0,32.8,true
124,Seckau,2016,366,92,34,0,0,29.4,true
124,Seckau,2017,365,92,46,6,0,31.1,true
124,Seckau,2018,365,92,39,0,0,29.7,true
124,Seckau,2019,365,92,47,10,0,33.0,true
124,Seckau,2020,366,92,32,3,0,30.8,true
124,Seckau,2021,365,92,39,2,0,30.5,true
124,Seckau,2022,365,92,41,4,0,32.0,true
124,Seckau,2023,365,92,34,7,0,31.8,true
124,Seckau,2024,366,92,55,4,0,31.7,true
124,Seckau,2025,365,92,53,11,0,31.8,true
124,Seckau,2026,242,91,59,18,0,33.4,true
87,Seefeld,1948,245,92,2,0,0,25.9,true
87,Seefeld,1949,335,92,17,0,0,28.5,true
87,Seefeld,1950,365,92,20,2,0,30.5,true
87,Seefeld,1951,365,92,13,0,0,28.1,true
87,Seefeld,1952,366,92,17,4,0,32.0,true
87,Seefeld,1953,365,92,12,0,0,27.0,true
87,Seefeld,1954,365,92,4,0,0,25.5,true
87,Seefeld,1955,365,92,1,0,0,27.5,true
87,Seefeld,1956,327,53,2,1,0,30.1,false
87,Seefeld,1957,365,92,11,4,0,32.1,true
87,Seefeld,1958,365,92,7,0,0,29.2,true
87,Seefeld,1959,365,92,6,0,0,28.0,true
87,Seefeld,1960,366,92,6,0,0,28.6,true
87,Seefeld,1961,365,92,19,0,0,27.8,true
87,Seefeld,1962,365,92,14,0,0,29.2,true
87,Seefeld,1963,365,92,13,0,0,28.0,true
87,Seefeld,1964,366,92,12,0,0,27.6,true
87,Seefeld,1965,365,92,11,0,0,29.0,true
87,Seefeld,1966,365,92,12,0,0,29.7,true
87,Seefeld,1967,365,92,15,0,0,29.8,true
87,Seefeld,1968,366,92,10,0,0,29.0,true
87,Seefeld,1969,365,92,11,0,0,29.1,true
87,Seefeld,1970,365,92,12,0,0,28.5,true
87,Seefeld,1971,365,92,17,1,0,30.2,true
87,Seefeld,1972,366,92,10,1,0,30.2,true
87,Seefeld,1973,365,92,16,0,0,27.6,true
87,Seefeld,1974,365,92,11,1,0,30.3,true
87,Seefeld,1975,365,92,9,0,0,28.0,true
87,Seefeld,1976,366,92,13,0,0,28.2,true
87,Seefeld,1977,365,92,4,0,0,28.4,true
87,Seefeld,1978,31,0,0,0,0,13.5,false
87,Seefeld,1980,92,0,0,0,0,19.0,false
87,Seefeld,1981,335,92,17,0,0,28.0,true
87,Seefeld,1982,365,92,14,0,0,27.0,true
87,Seefeld,1983,365,92,16,4,0,32.2,true
87,Seefeld,1984,366,92,8,1,0,31.7,true
87,Seefeld,1985,365,92,13,0,0,27.5,true
87,Seefeld,1986,365,92,6,0,0,28.5,true
87,Seefeld,1987,365,92,12,0,0,27.6,true
87,Seefeld,1988,366,92,7,0,0,27.4,true
87,Seefeld,1989,365,92,3,0,0,26.5,true
87,Seefeld,1990,365,92,14,0,0,27.5,true
87,Seefeld,1991,365,92,13,0,0,27.8,true
87,Seefeld,1992,366,92,26,1,0,30.0,true
87,Seefeld,1993,365,92,13,0,0,28.0,true
87,Seefeld,1994,365,92,28,0,0,29.6,true
87,Seefeld,1995,365,92,16,0,0,29.0,true
87,Seefeld,1996,366,92,6,0,0,27.2,true
87,Seefeld,1997,365,92,4,0,0,25.9,true
87,Seefeld,1998,365,92,15,0,0,29.5,true
87,Seefeld,1999,365,92,7,0,0,28.7,true
87,Seefeld,2000,366,92,16,0,0,28.4,true
87,Seefeld,2001,365,92,16,0,0,29.3,true
87,Seefeld,2002,365,92,12,2,0,30.3,true
87,Seefeld,2003,365,92,40,1,0,30.6,true
87,Seefeld,2004,366,92,10,0,0,26.8,true
87,Seefeld,2005,365,92,20,1,0,30.4,true
87,Seefeld,2006,365,92,27,0,0,29.2,true
87,Seefeld,2007,365,92,12,0,0,29.9,true
87,Seefeld,2008,366,92,23,0,0,29.2,true
87,Seefeld,2009,365,92,22,1,0,30.3,true
87,Seefeld,2010,365,92,29,2,0,30.9,true
87,Seefeld,2011,365,92,24,3,0,31.0,true
87,Seefeld,2012,366,92,33,3,0,30.9,true
87,Seefeld,2013,365,92,34,8,0,31.7,true
87,Seefeld,2014,365,92,12,1,0,30.0,true
87,Seefeld,2015,365,92,41,2,0,32.0,true
87,Seefeld,2016,366,92,20,0,0,29.8,true
87,Seefeld,2017,365,92,33,1,0,31.3,true
87,Seefeld,2018,365,92,27,0,0,28.8,true
87,Seefeld,2019,365,92,30,5,0,32.7,true
87,Seefeld,2020,366,92,21,2,0,30.1,true
87,Seefeld,2021,365,92,19,0,0,29.5,true
87,Seefeld,2022,365,92,30,2,0,30.5,true
87,Seefeld,2023,365,92,34,3,0,31.8,true
87,Seefeld,2024,366,92,34,0,0,29.5,true
87,Seefeld,2025,365,92,32,0,0,29.6,true
87,Seefeld,2026,242,91,43,5,0,32.3,true
197,Seibersdorf,1961,214,92,59,17,0,34.0,true
197,Seibersdorf,1962,365,92,67,19,2,35.0,true
197,Seibersdorf,1963,365,92,75,19,0,34.0,true
197,Seibersdorf,1964,366,92,69,18,0,33.0,true
197,Seibersdorf,1965,365,92,41,8,0,31.5,true
197,Seibersdorf,1966,365,92,57,5,0,32.0,true
197,Seibersdorf,1967,365,92,74,22,0,34.0,true
197,Seibersdorf,1968,366,92,66,13,3,37.0,true
197,Seibersdorf,1969,365,92,64,13,0,34.0,true
197,Seibersdorf,1970,59,0,0,0,0,13.5,false
197,Seibersdorf,1971,349,91,63,16,1,35.0,false
197,Seibersdorf,1972,366,92,44,13,0,32.4,true
197,Seibersdorf,1973,365,92,63,11,0,32.2,true
197,Seibersdorf,1974,182,61,27,3,0,31.0,false
197,Seibersdorf,1975,92,0,1,0,0,25.1,false
197,Seibersdorf,1976,366,92,50,9,0,34.5,true
197,Seibersdorf,1977,365,92,63,4,0,31.2,true
197,Seibersdorf,1978,365,92,43,2,0,30.5,true
197,Seibersdorf,1979,304,92,75,7,0,32.8,true
197,Seibersdorf,1982,194,72,62,8,0,32.9,false
197,Seibersdorf,1983,365,92,88,35,3,37.3,true
197,Seibersdorf,1984,366,92,45,8,0,34.7,true
197,Seibersdorf,1985,365,92,55,8,0,33.8,true
197,Seibersdorf,1986,365,92,74,17,0,32.8,true
197,Seibersdorf,1987,365,92,63,11,0,34.0,true
197,Seibersdorf,1988,366,92,66,21,4,37.2,true
197,Seibersdorf,1989,334,61,34,3,0,32.0,false
197,Seibersdorf,1990,365,92,66,26,0,34.2,true
197,Seibersdorf,1991,365,92,63,13,1,35.8,true
197,Seibersdorf,1992,366,92,85,35,9,38.2,true
197,Seibersdorf,1993,365,92,80,22,0,34.3,true
197,Seibersdorf,1994,365,92,92,42,5,35.7,true
197,Seibersdorf,1995,365,92,69,33,0,34.6,true
197,Seibersdorf,1996,366,92,53,7,0,32.2,true
197,Seibersdorf,1997,365,92,80,10,0,31.7,true
197,Seibersdorf,1998,365,92,75,26,4,36.7,true
197,Seibersdorf,1999,365,92,72,12,1,36.4,true
197,Seibersdorf,2000,366,92,87,31,5,37.7,true
197,Seibersdorf,2001,365,92,80,31,2,35.8,true
197,Seibersdorf,2002,334,61,68,21,1,35.3,false
197,Seibersdorf,2003,273,0,27,6,0,32.2,false
197,Seibersdorf,2004,339,92,60,16,0,33.6,true
197,Seibersdorf,2005,365,92,68,18,2,35.3,true
197,Seibersdorf,2006,365,92,67,28,4,36.0,true
197,Seibersdorf,2007,365,92,87,33,8,38.4,true
197,Seibersdorf,2008,366,92,82,13,0,32.7,true
197,Seibersdorf,2009,365,92,86,19,0,33.6,true
197,Seibersdorf,2010,365,92,64,22,1,35.7,true
197,Seibersdorf,2011,365,92,92,20,2,35.5,true
197,Seibersdorf,2012,366,92,99,41,6,36.7,true
197,Seibersdorf,2013,365,92,78,34,8,39.7,true
197,Seibersdorf,2014,365,92,69,16,0,34.7,true
197,Seibersdorf,2015,365,92,85,42,12,38.0,true
197,Seibersdorf,2016,366,92,89,20,0,33.9,true
197,Seibersdorf,2017,365,92,88,41,4,37.9,true
197,Seibersdorf,2018,365,92,115,41,1,35.0,true
197,Seibersdorf,2019,365,92,96,42,4,36.8,true
197,Seibersdorf,2020,366,92,83,29,0,34.7,true
197,Seibersdorf,2021,365,92,90,33,1,36.4,true
197,Seibersdorf,2022,365,92,100,44,8,38.7,true
197,Seibersdorf,2023,190,39,31,6,0,33.6,false
197,Seibersdorf,2024,235,92,90,48,2,35.3,true
197,Seibersdorf,2025,365,92,76,23,1,36.5,true
197,Seibersdorf,2026,242,91,94,47,16,39.8,true
88,Semmering,1936,366,92,6,0,0,28.0,true
88,Semmering,1937,365,92,5,0,0,25.8,true
88,Semmering,1938,365,92,10,0,0,27.4,true
88,Semmering,1939,365,92,10,0,0,29.8,true
88,Semmering,1940,366,92,3,0,0,27.0,true
88,Semmering,1943,365,92,17,2,0,31.5,true
88,Semmering,1944,366,92,12,0,0,27.9,true
88,Semmering,1952,354,92,25,3,0,31.0,true
88,Semmering,1953,365,92,17,0,0,28.0,true
88,Semmering,1954,365,92,13,0,0,27.0,true
88,Semmering,1955,365,92,4,0,0,28.0,true
88,Semmering,1956,366,92,18,0,0,29.0,true
88,Semmering,1957,365,92,14,5,0,32.0,true
88,Semmering,1958,304,92,10,0,0,29.0,true
88,Semmering,1959,245,92,16,0,0,29.0,true
88,Semmering,1960,366,92,11,0,0,27.0,true
88,Semmering,1961,365,92,20,1,0,30.0,true
88,Semmering,1962,365,92,23,1,0,30.0,true
88,Semmering,1963,365,92,19,0,0,29.0,true
88,Semmering,1964,366,92,25,0,0,29.0,true
88,Semmering,1965,365,92,14,1,0,30.2,true
88,Semmering,1966,365,92,18,1,0,30.0,true
88,Semmering,1967,365,92,28,1,0,30.0,true
88,Semmering,1968,366,92,23,2,0,32.0,true
88,Semmering,1969,365,92,20,2,0,30.0,true
88,Semmering,1970,365,92,24,0,0,28.0,true
88,Semmering,1971,365,92,20,1,0,30.2,true
88,Semmering,1972,366,92,17,0,0,29.6,true
88,Semmering,1973,365,92,19,0,0,29.2,true
88,Semmering,1974,365,92,16,3,0,31.2,true
88,Semmering,1975,365,92,6,0,0,29.4,true
88,Semmering,1976,366,92,19,1,0,30.8,true
88,Semmering,1977,348,92,17,0,0,27.5,true
88,Semmering,1978,90,0,0,0,0,19.5,false
88,Semmering,1983,61,0,0,0,0,14.0,false
88,Semmering,1984,366,92,8,0,0,29.7,true
88,Semmering,1985,365,92,7,0,0,27.5,true
88,Semmering,1986,365,92,6,0,0,26.7,true
88,Semmering,1987,365,92,5,0,0,26.9,true
88,Semmering,1988,366,92,13,0,0,28.6,true
88,Semmering,1989,365,92,2,0,0,25.3,true
88,Semmering,1990,365,92,8,0,0,27.1,true
88,Semmering,1991,365,92,5,0,0,27.3,true
88,Semmering,1992,366,92,22,0,0,29.6,true
88,Semmering,1993,365,92,10,0,0,27.5,true
88,Semmering,1994,365,92,22,0,0,28.4,true
88,Semmering,1995,365,92,6,0,0,28.3,true
88,Semmering,1996,366,92,3,0,0,27.9,true
88,Semmering,1997,335,92,0,0,0,24.4,true
88,Semmering,1998,365,92,12,0,0,27.8,true
88,Semmering,1999,365,92,6,0,0,27.5,true
88,Semmering,2000,366,92,16,0,0,29.5,true
88,Semmering,2001,365,92,15,0,0,27.5,true
88,Semmering,2002,365,92,10,0,0,28.7,true
88,Semmering,2003,365,92,35,1,0,30.8,true
88,Semmering,2004,366,92,9,0,0,26.8,true
88,Semmering,2005,365,92,9,0,0,29.1,true
88,Semmering,2006,365,92,14,0,0,29.1,true
88,Semmering,2007,365,92,22,6,0,33.0,true
88,Semmering,2008,366,92,18,3,0,31.0,true
88,Semmering,2009,365,92,11,0,0,29.3,true
88,Semmering,2010,365,92,17,0,0,28.4,true
88,Semmering,2011,365,92,15,1,0,30.0,true
88,Semmering,2012,366,92,23,1,0,30.4,true
88,Semmering,2013,365,92,21,5,0,32.2,true
88,Semmering,2014,365,92,5,0,0,28.5,true
88,Semmering,2015,365,92,35,1,0,31.1,true
88,Semmering,2016,366,92,9,0,0,26.7,true
88,Semmering,2017,365,92,23,0,0,29.4,true
88,Semmering,2018,365,92,17,0,0,27.2,true
88,Semmering,2019,345,92,24,2,0,30.7,true
88,Semmering,2020,275,92,14,0,0,29.2,true
88,Semmering,2021,275,92,17,0,0,27.9,true
88,Semmering,2022,306,92,19,1,0,30.2,true
88,Semmering,2023,365,92,24,0,0,29.6,true
88,Semmering,2024,366,92,34,0,0,29.6,true
88,Semmering,2025,365,92,23,0,0,29.9,true
88,Semmering,2026,242,91,36,7,0,31.5,true
130,Sillian,1951,286,92,29,0,0,29.2,true
130,Sillian,1952,342,92,28,8,0,34.2,true
130,Sillian,1953,365,92,25,0,0,28.6,true
130,Sillian,1954,365,92,13,0,0,27.2,true
130,Sillian,1955,365,92,11,1,0,30.2,true
130,Sillian,1956,366,92,22,2,0,30.0,true
130,Sillian,1957,273,92,29,6,1,35.0,true
130,Sillian,1958,365,92,25,0,0,29.0,true
130,Sillian,1959,335,92,20,0,0,29.2,true
130,Sillian,1960,336,92,17,1,0,30.2,true
130,Sillian,1961,365,92,42,1,0,31.2,true
130,Sillian,1962,335,92,38,3,0,30.0,true
130,Sillian,1963,304,92,27,0,0,29.1,true
130,Sillian,1964,152,0,0,0,0,19.8,false
130,Sillian,1965,365,92,18,1,0,30.0,true
130,Sillian,1966,365,92,21,0,0,29.8,true
130,Sillian,1967,365,92,27,1,0,31.4,true
130,Sillian,1968,366,92,15,1,0,32.2,true
130,Sillian,1969,304,31,9,0,0,29.4,false
130,Sillian,1970,273,61,17,0,0,28.4,false
130,Sillian,1971,365,92,30,0,0,29.6,true
130,Sillian,1972,366,92,18,1,0,31.0,true
130,Sillian,1973,365,92,32,0,0,29.0,true
130,Sillian,1974,365,92,25,3,0,31.0,true
130,Sillian,1975,365,92,18,0,0,29.0,true
130,Sillian,1976,366,92,19,0,0,28.0,true
130,Sillian,1977,365,92,14,0,0,29.0,true
130,Sillian,1978,365,92,8,0,0,28.8,true
130,Sillian,1979,337,92,20,0,0,27.6,true
130,Sillian,1980,366,92,17,1,0,31.0,true
130,Sillian,1981,365,92,23,1,0,30.5,true
130,Sillian,1982,365,92,31,1,0,30.5,true
130,Sillian,1983,365,92,38,8,0,33.2,true
130,Sillian,1984,366,92,22,4,0,33.5,true
130,Sillian,1985,365,92,24,0,0,29.0,true
130,Sillian,1986,365,92,34,0,0,28.5,true
130,Sillian,1987,365,92,22,0,0,29.0,true
130,Sillian,1988,366,92,28,0,0,29.0,true
130,Sillian,1989,365,92,12,0,0,27.5,true
130,Sillian,1990,351,92,23,1,0,30.6,true
130,Sillian,1991,365,92,28,1,0,30.0,true
130,Sillian,1992,366,92,30,0,0,29.5,true
130,Sillian,1993,365,92,29,0,0,28.4,true
130,Sillian,1994,365,92,42,2,0,30.0,true
130,Sillian,1995,365,92,19,0,0,29.6,true
130,Sillian,1996,366,92,16,0,0,29.5,true
130,Sillian,1997,365,92,12,0,0,27.4,true
130,Sillian,1998,365,92,32,2,0,30.4,true
130,Sillian,1999,365,92,18,0,0,29.0,true
130,Sillian,2000,366,92,30,0,0,29.3,true
130,Sillian,2001,365,92,34,2,0,30.4,true
130,Sillian,2002,365,92,24,4,0,31.3,true
130,Sillian,2003,365,92,60,8,0,32.7,true
130,Sillian,2004,366,92,23,0,0,29.9,true
130,Sillian,2005,365,92,35,4,0,31.8,true
130,Sillian,2006,365,92,38,2,0,31.9,true
130,Sillian,2007,365,92,30,6,0,31.3,true
130,Sillian,2008,366,92,30,0,0,29.4,true
130,Sillian,2009,365,92,38,2,0,30.2,true
130,Sillian,2010,365,92,40,7,0,32.0,true
130,Sillian,2011,365,92,39,6,0,32.4,true
130,Sillian,2012,366,92,46,6,0,31.3,true
130,Sillian,2013,365,92,48,10,0,34.4,true
130,Sillian,2014,365,92,20,3,0,30.8,true
130,Sillian,2015,365,92,43,8,0,32.4,true
130,Sillian,2016,366,92,28,1,0,30.6,true
130,Sillian,2017,365,92,53,10,0,32.4,true
130,Sillian,2018,365,92,42,2,0,31.0,true
130,Sillian,2019,365,92,49,8,0,34.2,true
130,Sillian,2020,366,92,34,5,0,31.1,true
130,Sillian,2021,365,92,38,0,0,29.9,true
130,Sillian,2022,365,92,58,7,0,32.4,true
130,Sillian,2023,365,92,43,10,0,33.0,true
130,Sillian,2024,366,92,51,10,0,31.7,true
130,Sillian,2025,365,92,49,9,0,32.3,true
130,Sillian,2026,242,91,70,25,0,32.1,true
213,Sonnblick,1886,61,0,0,0,0,1.0,false
213,Sonnblick,1887,365,92,0,0,0,9.0,true
213,Sonnblick,1888,366,92,0,0,0,10.0,true
213,Sonnblick,1889,365,92,0,0,0,10.0,true
213,Sonnblick,1890,365,92,0,0,0,9.4,true
213,Sonnblick,1891,365,92,0,0,0,10.2,true
213,Sonnblick,1892,366,92,0,0,0,11.4,true
213,Sonnblick,1893,365,92,0,0,0,9.8,true
213,Sonnblick,1894,365,92,0,0,0,13.0,true
213,Sonnblick,1895,365,92,0,0,0,9.2,true
213,Sonnblick,1896,366,92,0,0,0,7.8,true
213,Sonnblick,1897,365,92,0,0,0,12.0,true
213,Sonnblick,1898,365,92,0,0,0,8.0,true
213,Sonnblick,1899,365,92,0,0,0,9.0,true
213,Sonnblick,1900,365,92,0,0,0,11.1,true
213,Sonnblick,1901,365,92,0,0,0,8.9,true
213,Sonnblick,1902,365,92,0,0,0,9.2,true
213,Sonnblick,1903,365,92,0,0,0,9.3,true
213,Sonnblick,1904,366,92,0,0,0,9.5,true
213,Sonnblick,1905,365,92,0,0,0,14.4,true
213,Sonnblick,1906,365,92,0,0,0,10.2,true
213,Sonnblick,1907,365,92,0,0,0,9.7,true
213,Sonnblick,1908,366,92,0,0,0,6.7,true
213,Sonnblick,1909,365,92,0,0,0,9.0,true
213,Sonnblick,1910,365,92,0,0,0,8.7,true
213,Sonnblick,1911,365,92,0,0,0,10.8,true
213,Sonnblick,1912,366,92,0,0,0,7.6,true
213,Sonnblick,1913,365,92,0,0,0,7.2,true
213,Sonnblick,1914,365,92,0,0,0,9.0,true
213,Sonnblick,1915,365,92,0,0,0,9.2,true
213,Sonnblick,1916,366,92,0,0,0,7.7,true
213,Sonnblick,1917,365,92,0,0,0,8.1,true
213,Sonnblick,1918,365,92,0,0,0,10.5,true
213,Sonnblick,1919,365,92,0,0,0,9.5,true
213,Sonnblick,1920,366,92,0,0,0,10.6,true
213,Sonnblick,1921,365,92,0,0,0,11.9,true
213,Sonnblick,1922,365,92,0,0,0,9.3,true
213,Sonnblick,1923,365,92,0,0,0,11.7,true
213,Sonnblick,1924,366,92,0,0,0,9.0,true
213,Sonnblick,1925,365,92,0,0,0,11.7,true
213,Sonnblick,1926,365,92,0,0,0,10.3,true
213,Sonnblick,1927,365,92,0,0,0,10.4,true
213,Sonnblick,1928,366,92,0,0,0,11.2,true
213,Sonnblick,1929,365,92,0,0,0,11.6,true
213,Sonnblick,1930,365,92,0,0,0,12.9,true
213,Sonnblick,1931,365,92,0,0,0,10.5,true
213,Sonnblick,1932,366,92,0,0,0,10.2,true
213,Sonnblick,1933,365,92,0,0,0,12.1,true
213,Sonnblick,1934,365,92,0,0,0,8.3,true
213,Sonnblick,1935,365,92,0,0,0,12.8,true
213,Sonnblick,1936,366,92,0,0,0,9.7,true
213,Sonnblick,1937,365,92,0,0,0,10.2,true
213,Sonnblick,1938,365,92,0,0,0,9.4,true
213,Sonnblick,1939,365,92,0,0,0,10.1,true
213,Sonnblick,1940,366,92,0,0,0,8.2,true
213,Sonnblick,1941,365,92,0,0,0,11.3,true
213,Sonnblick,1942,365,92,0,0,0,9.8,true
213,Sonnblick,1943,365,92,0,0,0,12.0,true
213,Sonnblick,1944,366,92,0,0,0,10.6,true
213,Sonnblick,1945,365,92,0,0,0,12.8,true
213,Sonnblick,1946,365,92,0,0,0,12.6,true
213,Sonnblick,1947,365,92,0,0,0,11.4,true
213,Sonnblick,1948,366,92,0,0,0,9.2,true
213,Sonnblick,1949,365,92,0,0,0,11.4,true
213,Sonnblick,1950,365,92,0,0,0,12.6,true
213,Sonnblick,1951,365,92,0,0,0,10.6,true
213,Sonnblick,1952,366,92,0,0,0,14.2,true
213,Sonnblick,1953,365,92,0,0,0,10.9,true
213,Sonnblick,1954,365,92,0,0,0,9.6,true
213,Sonnblick,1955,365,92,0,0,0,10.4,true
213,Sonnblick,1956,366,92,0,0,0,10.7,true
213,Sonnblick,1957,365,92,0,0,0,13.0,true
213,Sonnblick,1958,365,92,0,0,0,11.4,true
213,Sonnblick,1959,365,92,0,0,0,10.6,true
213,Sonnblick,1960,366,92,0,0,0,11.2,true
213,Sonnblick,1961,365,92,0,0,0,10.6,true
213,Sonnblick,1962,365,92,0,0,0,12.0,true
213,Sonnblick,1963,365,92,0,0,0,10.4,true
213,Sonnblick,1964,366,92,0,0,0,12.4,true
213,Sonnblick,1965,365,92,0,0,0,10.8,true
213,Sonnblick,1966,365,92,0,0,0,11.5,true
213,Sonnblick,1967,365,92,0,0,0,10.4,true
213,Sonnblick,1968,366,92,0,0,0,11.9,true
213,Sonnblick,1969,365,92,0,0,0,12.5,true
213,Sonnblick,1970,365,92,0,0,0,11.1,true
213,Sonnblick,1971,365,92,0,0,0,13.4,true
213,Sonnblick,1972,366,92,0,0,0,12.1,true
213,Sonnblick,1973,365,92,0,0,0,10.8,true
213,Sonnblick,1974,365,92,0,0,0,11.7,true
213,Sonnblick,1975,365,92,0,0,0,12.0,true
213,Sonnblick,1976,366,92,0,0,0,11.3,true
213,Sonnblick,1977,365,92,0,0,0,10.4,true
213,Sonnblick,1978,365,92,0,0,0,9.3,true
213,Sonnblick,1979,365,92,0,0,0,9.6,true
213,Sonnblick,1980,366,92,0,0,0,11.8,true
213,Sonnblick,1981,365,92,0,0,0,10.2,true
213,Sonnblick,1982,365,92,0,0,0,12.8,true
213,Sonnblick,1983,365,92,0,0,0,15.0,true
213,Sonnblick,1984,366,92,0,0,0,13.4,true
213,Sonnblick,1985,365,92,0,0,0,11.0,true
213,Sonnblick,1986,365,92,0,0,0,10.3,true
213,Sonnblick,1987,365,92,0,0,0,11.0,true
213,Sonnblick,1988,366,92,0,0,0,12.4,true
213,Sonnblick,1989,365,92,0,0,0,9.8,true
213,Sonnblick,1990,365,92,0,0,0,10.8,true
213,Sonnblick,1991,365,92,0,0,0,11.4,true
213,Sonnblick,1992,366,92,0,0,0,13.4,true
213,Sonnblick,1993,365,92,0,0,0,12.0,true
213,Sonnblick,1994,365,92,0,0,0,11.8,true
213,Sonnblick,1995,365,92,0,0,0,12.8,true
213,Sonnblick,1996,366,92,0,0,0,11.7,true
213,Sonnblick,1997,365,92,0,0,0,10.4,true
213,Sonnblick,1998,365,92,0,0,0,12.9,true
213,Sonnblick,1999,365,92,0,0,0,11.4,true
213,Sonnblick,2000,366,92,0,0,0,11.8,true
213,Sonnblick,2001,365,92,0,0,0,12.4,true
213,Sonnblick,2002,365,92,0,0,0,14.1,true
213,Sonnblick,2003,365,92,0,0,0,13.4,true
213,Sonnblick,2004,366,92,0,0,0,10.1,true
213,Sonnblick,2005,365,92,0,0,0,12.9,true
213,Sonnblick,2006,365,92,0,0,0,12.8,true
213,Sonnblick,2007,365,92,0,0,0,14.3,true
213,Sonnblick,2008,366,92,0,0,0,10.7,true
213,Sonnblick,2009,365,92,0,0,0,12.1,true
213,Sonnblick,2010,365,92,0,0,0,13.0,true
213,Sonnblick,2011,365,92,0,0,0,12.6,true
213,Sonnblick,2012,366,92,0,0,0,15.3,true
213,Sonnblick,2013,365,92,0,0,0,13.7,true
213,Sonnblick,2014,365,92,0,0,0,11.7,true
213,Sonnblick,2015,365,92,0,0,0,13.9,true
213,Sonnblick,2016,366,92,0,0,0,13.6,true
213,Sonnblick,2017,365,92,0,0,0,14.3,true
213,Sonnblick,2018,365,92,0,0,0,12.3,true
213,Sonnblick,2019,365,92,0,0,0,14.7,true
213,Sonnblick,2020,366,92,0,0,0,13.3,true
213,Sonnblick,2021,365,92,0,0,0,13.8,true
213,Sonnblick,2022,365,92,0,0,0,14.1,true
213,Sonnblick,2023,365,92,0,0,0,15.7,true
213,Sonnblick,2024,366,92,0,0,0,15.2,true
213,Sonnblick,2025,365,92,0,0,0,13.9,true
213,Sonnblick,2026,242,91,0,0,0,15.3,true
90,St.Andrä im Lavanttal,1961,365,92,55,8,0,32.0,true
90,St.Andrä im Lavanttal,1962,365,92,43,4,0,31.5,true
90,St.Andrä im Lavanttal,1963,365,92,56,9,0,33.0,true
90,St.Andrä im Lavanttal,1964,366,92,56,2,0,30.0,true
90,St.Andrä im Lavanttal,1965,365,92,34,6,0,32.4,true
90,St.Andrä im Lavanttal,1966,365,92,50,4,0,31.5,true
90,St.Andrä im Lavanttal,1967,365,92,62,15,0,32.5,true
90,St.Andrä im Lavanttal,1968,366,92,45,6,1,35.0,true
90,St.Andrä im Lavanttal,1969,365,92,58,6,0,32.4,true
90,St.Andrä im Lavanttal,1970,365,92,51,7,0,31.8,true
90,St.Andrä im Lavanttal,1971,365,92,64,13,0,34.0,true
90,St.Andrä im Lavanttal,1972,366,92,48,8,0,32.0,true
90,St.Andrä im Lavanttal,1973,365,92,60,4,0,30.6,true
90,St.Andrä im Lavanttal,1974,365,92,47,13,0,32.2,true
90,St.Andrä im Lavanttal,1975,181,30,15,0,0,29.5,false
90,St.Andrä im Lavanttal,1976,122,0,1,0,0,25.2,false
90,St.Andrä im Lavanttal,1977,365,92,30,0,0,29.7,true
90,St.Andrä im Lavanttal,1978,365,92,21,0,0,28.2,true
90,St.Andrä im Lavanttal,1979,365,92,56,0,0,29.7,true
90,St.Andrä im Lavanttal,1980,366,92,29,2,0,31.9,true
90,St.Andrä im Lavanttal,1981,365,92,46,5,0,31.5,true
90,St.Andrä im Lavanttal,1982,365,92,50,2,0,30.8,true
90,St.Andrä im Lavanttal,1983,365,92,58,10,0,32.8,true
90,St.Andrä im Lavanttal,1984,366,92,31,4,0,33.4,true
90,St.Andrä im Lavanttal,1985,365,92,51,7,0,31.0,true
90,St.Andrä im Lavanttal,1986,365,92,55,5,0,31.5,true
90,St.Andrä im Lavanttal,1987,365,92,60,6,0,31.9,true
90,St.Andrä im Lavanttal,1988,366,92,46,16,0,33.6,true
90,St.Andrä im Lavanttal,1989,365,92,40,2,0,30.5,true
90,St.Andrä im Lavanttal,1990,365,92,51,6,0,31.8,true
90,St.Andrä im Lavanttal,1991,365,92,59,7,0,31.7,true
90,St.Andrä im Lavanttal,1992,366,92,77,26,1,35.0,true
90,St.Andrä im Lavanttal,1993,296,92,66,13,0,32.8,true
90,St.Andrä im Lavanttal,1994,365,92,80,25,0,34.3,true
90,St.Andrä im Lavanttal,1995,365,92,60,8,0,31.6,true
90,St.Andrä im Lavanttal,1996,366,92,56,8,0,33.7,true
90,St.Andrä im Lavanttal,1997,365,92,73,1,0,30.0,true
90,St.Andrä im Lavanttal,1998,365,92,70,22,0,33.2,true
90,St.Andrä im Lavanttal,1999,365,92,69,10,0,33.5,true
90,St.Andrä im Lavanttal,2000,366,92,77,24,0,33.9,true
90,St.Andrä im Lavanttal,2001,365,92,77,27,0,34.3,true
90,St.Andrä im Lavanttal,2002,365,92,74,17,0,34.8,true
90,St.Andrä im Lavanttal,2003,365,92,103,43,1,35.1,true
90,St.Andrä im Lavanttal,2004,366,92,57,10,0,32.3,true
90,St.Andrä im Lavanttal,2005,365,92,70,16,0,33.8,true
90,St.Andrä im Lavanttal,2006,365,92,64,30,2,35.3,true
90,St.Andrä im Lavanttal,2007,365,92,76,21,2,36.2,true
90,St.Andrä im Lavanttal,2008,366,92,82,14,0,32.5,true
90,St.Andrä im Lavanttal,2009,365,92,75,15,0,32.4,true
90,St.Andrä im Lavanttal,2010,365,92,76,26,7,37.2,true
90,St.Andrä im Lavanttal,2011,365,92,90,20,0,34.9,true
90,St.Andrä im Lavanttal,2012,366,92,85,30,0,34.9,true
90,St.Andrä im Lavanttal,2013,365,92,80,33,11,38.3,true
90,St.Andrä im Lavanttal,2014,365,92,59,12,0,34.9,true
90,St.Andrä im Lavanttal,2015,365,92,81,41,2,35.3,true
90,St.Andrä im Lavanttal,2016,366,92,88,15,0,33.4,true
90,St.Andrä im Lavanttal,2017,365,92,80,31,1,35.1,true
90,St.Andrä im Lavanttal,2018,365,92,102,23,0,33.0,true
90,St.Andrä im Lavanttal,2019,365,92,83,32,1,36.0,true
90,St.Andrä im Lavanttal,2020,366,92,80,20,0,33.1,true
90,St.Andrä im Lavanttal,2021,365,92,81,28,0,34.3,true
90,St.Andrä im Lavanttal,2022,365,92,105,39,5,37.2,true
90,St.Andrä im Lavanttal,2023,365,92,87,22,0,33.9,true
90,St.Andrä im Lavanttal,2024,366,92,94,42,0,34.2,true
90,St.Andrä im Lavanttal,2025,365,92,96,42,9,38.0,true
90,St.Andrä im Lavanttal,2026,242,91,98,59,15,38.9,true
119,St.Anton am Arlberg,1938,273,62,9,0,0,28.0,false
119,St.Anton am Arlberg,1939,365,92,13,0,0,27.4,true
119,St.Anton am Arlberg,1940,366,92,2,0,0,25.4,true
119,St.Anton am Arlberg,1941,365,92,7,0,0,28.0,true
119,St.Anton am Arlberg,1942,181,0,0,0,0,24.1,false
119,St.Anton am Arlberg,1943,59,0,0,0,0,10.0,false
119,St.Anton am Arlberg,1946,321,92,18,0,0,29.1,true
119,St.Anton am Arlberg,1947,365,92,33,1,0,32.3,true
119,St.Anton am Arlberg,1948,366,92,8,0,0,25.8,true
119,St.Anton am Arlberg,1949,365,92,15,0,0,29.7,true
119,St.Anton am Arlberg,1950,365,92,28,0,0,29.2,true
119,St.Anton am Arlberg,1957,365,92,13,4,0,31.5,true
119,St.Anton am Arlberg,1958,365,92,19,1,0,30.0,true
119,St.Anton am Arlberg,1959,365,92,8,0,0,28.2,true
119,St.Anton am Arlberg,1960,366,92,7,0,0,28.0,true
119,St.Anton am Arlberg,1961,365,92,22,0,0,27.2,true
119,St.Anton am Arlberg,1962,365,92,8,0,0,28.0,true
119,St.Anton am Arlberg,1963,365,92,4,0,0,27.0,true
119,St.Anton am Arlberg,1964,366,92,5,0,0,26.2,true
119,St.Anton am Arlberg,1965,365,92,8,0,0,28.2,true
119,St.Anton am Arlberg,1966,365,92,6,0,0,29.0,true
119,St.Anton am Arlberg,1967,365,92,16,0,0,28.2,true
119,St.Anton am Arlberg,1968,366,92,9,1,0,31.0,true
119,St.Anton am Arlberg,1969,365,92,13,0,0,27.8,true
119,St.Anton am Arlberg,1970,365,92,12,0,0,28.8,true
119,St.Anton am Arlberg,1971,365,92,14,0,0,29.5,true
119,St.Anton am Arlberg,1972,366,92,12,1,0,30.8,true
119,St.Anton am Arlberg,1973,365,92,18,0,0,27.5,true
119,St.Anton am Arlberg,1974,365,92,9,0,0,29.0,true
119,St.Anton am Arlberg,1975,365,92,14,0,0,29.0,true
119,St.Anton am Arlberg,1976,366,92,13,0,0,28.2,true
119,St.Anton am Arlberg,1977,365,92,2,0,0,26.1,true
119,St.Anton am Arlberg,1978,365,92,1,0,0,25.4,true
119,St.Anton am Arlberg,1979,365,92,7,0,0,26.6,true
119,St.Anton am Arlberg,1980,366,92,17,1,0,32.4,true
119,St.Anton am Arlberg,1981,365,92,21,0,0,28.8,true
119,St.Anton am Arlberg,1982,365,92,25,0,0,28.2,true
119,St.Anton am Arlberg,1983,365,92,27,6,0,33.2,true
119,St.Anton am Arlberg,1984,366,92,9,3,0,32.6,true
119,St.Anton am Arlberg,1985,365,92,22,2,0,30.2,true
119,St.Anton am Arlberg,1986,365,92,18,1,0,30.0,true
119,St.Anton am Arlberg,1987,365,92,26,0,0,29.0,true
119,St.Anton am Arlberg,1988,366,92,21,1,0,30.0,true
119,St.Anton am Arlberg,1989,365,92,17,0,0,29.5,true
119,St.Anton am Arlberg,1990,365,92,32,2,0,31.2,true
119,St.Anton am Arlberg,1991,365,92,23,0,0,29.5,true
119,St.Anton am Arlberg,1992,366,92,29,5,0,31.5,true
119,St.Anton am Arlberg,1993,365,92,18,0,0,29.3,true
119,St.Anton am Arlberg,1994,365,92,38,3,0,32.0,true
119,St.Anton am Arlberg,1995,365,92,26,2,0,30.0,true
119,St.Anton am Arlberg,1996,366,92,27,1,0,30.0,true
119,St.Anton am Arlberg,1997,365,92,29,0,0,29.0,true
119,St.Anton am Arlberg,1998,365,92,21,1,0,30.0,true
119,St.Anton am Arlberg,1999,365,92,7,1,0,30.0,true
119,St.Anton am Arlberg,2000,366,92,25,0,0,29.0,true
119,St.Anton am Arlberg,2001,365,92,27,1,0,30.4,true
119,St.Anton am Arlberg,2002,365,92,17,1,0,31.5,true
119,St.Anton am Arlberg,2003,365,92,51,5,0,31.0,true
119,St.Anton am Arlberg,2004,366,92,19,0,0,27.5,true
119,St.Anton am Arlberg,2005,365,92,29,3,0,31.0,true
119,St.Anton am Arlberg,2006,365,92,38,2,0,30.5,true
119,St.Anton am Arlberg,2007,365,92,20,2,0,30.5,true
119,St.Anton am Arlberg,2008,366,92,17,0,0,28.4,true
119,St.Anton am Arlberg,2009,365,92,24,1,0,30.0,true
119,St.Anton am Arlberg,2010,365,92,22,1,0,31.0,true
119,St.Anton am Arlberg,2011,365,92,20,1,0,30.1,true
119,St.Anton am Arlberg,2012,366,92,24,3,0,31.1,true
119,St.Anton am Arlberg,2013,365,92,27,4,0,31.8,true
119,St.Anton am Arlberg,2014,365,92,9,0,0,29.5,true
119,St.Anton am Arlberg,2015,365,92,42,4,0,31.7,true
119,St.Anton am Arlberg,2016,366,92,15,1,0,30.2,true
119,St.Anton am Arlberg,2017,365,92,36,1,0,31.4,true
119,St.Anton am Arlberg,2018,365,92,34,1,0,31.1,true
119,St.Anton am Arlberg,2019,365,92,29,8,0,32.9,true
119,St.Anton am Arlberg,2020,366,92,20,0,0,29.7,true
119,St.Anton am Arlberg,2021,365,92,19,0,0,28.9,true
119,St.Anton am Arlberg,2022,365,92,30,3,0,30.7,true
119,St.Anton am Arlberg,2023,365,92,40,3,0,31.4,true
119,St.Anton am Arlberg,2024,366,92,36,2,0,31.0,true
119,St.Anton am Arlberg,2025,365,92,33,4,0,30.3,true
119,St.Anton am Arlberg,2026,242,91,51,9,0,32.8,true
185,St.Jakob im Defereggental,1938,365,92,8,0,0,27.6,true
185,St.Jakob im Defereggental,1939,365,92,4,0,0,25.6,true
185,St.Jakob im Defereggental,1940,366,92,0,0,0,24.6,true
185,St.Jakob im Defereggental,1941,343,92,3,0,0,26.5,true
185,St.Jakob im Defereggental,1942,365,92,2,0,0,26.0,true
185,St.Jakob im Defereggental,1943,304,92,11,0,0,27.0,true
185,St.Jakob im Defereggental,1944,289,42,6,0,0,27.0,false
185,St.Jakob im Defereggental,1945,303,92,6,0,0,27.5,true
185,St.Jakob im Defereggental,1946,365,92,9,0,0,27.0,true
185,St.Jakob im Defereggental,1947,365,92,18,0,0,29.0,true
185,St.Jakob im Defereggental,1948,366,92,2,0,0,25.0,true
185,St.Jakob im Defereggental,1949,365,92,7,0,0,26.5,true
185,St.Jakob im Defereggental,1950,365,92,10,0,0,29.0,true
185,St.Jakob im Defereggental,1951,365,92,4,0,0,26.4,true
185,St.Jakob im Defereggental,1952,366,92,14,0,0,29.8,true
185,St.Jakob im Defereggental,1953,365,92,4,0,0,25.4,true
185,St.Jakob im Defereggental,1954,365,92,0,0,0,24.4,true
185,St.Jakob im Defereggental,1955,365,92,2,0,0,27.4,true
185,St.Jakob im Defereggental,1956,366,92,6,0,0,26.2,true
185,St.Jakob im Defereggental,1957,365,92,6,1,0,30.0,true
185,St.Jakob im Defereggental,1958,365,92,4,0,0,27.8,true
185,St.Jakob im Defereggental,1959,365,92,4,0,0,25.5,true
185,St.Jakob im Defereggental,1960,366,92,5,0,0,27.4,true
185,St.Jakob im Defereggental,1961,365,92,10,0,0,27.2,true
185,St.Jakob im Defereggental,1962,365,92,5,0,0,26.5,true
185,St.Jakob im Defereggental,1963,365,92,1,0,0,25.8,true
185,St.Jakob im Defereggental,1964,366,92,2,0,0,25.8,true
185,St.Jakob im Defereggental,1965,365,92,7,0,0,27.0,true
185,St.Jakob im Defereggental,1966,365,92,4,0,0,27.5,true
185,St.Jakob im Defereggental,1967,365,92,6,0,0,27.2,true
185,St.Jakob im Defereggental,1968,366,92,8,0,0,29.0,true
185,St.Jakob im Defereggental,1969,365,92,7,0,0,26.5,true
185,St.Jakob im Defereggental,1970,365,92,5,0,0,27.0,true
185,St.Jakob im Defereggental,1971,365,92,9,0,0,26.7,true
185,St.Jakob im Defereggental,1972,366,92,4,0,0,27.6,true
185,St.Jakob im Defereggental,1973,365,92,3,0,0,25.5,true
185,St.Jakob im Defereggental,1974,365,92,5,0,0,27.5,true
185,St.Jakob im Defereggental,1975,365,92,3,0,0,27.0,true
185,St.Jakob im Defereggental,1976,366,92,7,0,0,27.2,true
185,St.Jakob im Defereggental,1977,365,92,3,0,0,26.6,true
185,St.Jakob im Defereggental,1978,365,92,0,0,0,24.8,true
185,St.Jakob im Defereggental,1979,334,92,4,0,0,25.4,true
185,St.Jakob im Defereggental,1980,245,92,7,0,0,28.5,true
185,St.Jakob im Defereggental,1981,365,92,12,0,0,27.5,true
185,St.Jakob im Defereggental,1982,365,92,10,0,0,27.0,true
185,St.Jakob im Defereggental,1983,365,92,19,5,0,32.1,true
185,St.Jakob im Defereggental,1984,366,92,12,2,0,31.3,true
185,St.Jakob im Defereggental,1985,365,92,12,0,0,27.3,true
185,St.Jakob im Defereggental,1986,365,92,10,0,0,26.0,true
185,St.Jakob im Defereggental,1987,365,92,11,0,0,28.4,true
185,St.Jakob im Defereggental,1988,366,92,6,0,0,26.1,true
185,St.Jakob im Defereggental,1989,365,92,0,0,0,24.2,true
185,St.Jakob im Defereggental,1990,365,92,7,0,0,26.6,true
185,St.Jakob im Defereggental,1991,365,92,8,0,0,26.2,true
185,St.Jakob im Defereggental,1992,366,92,22,0,0,28.6,true
185,St.Jakob im Defereggental,1993,365,92,13,0,0,27.5,true
185,St.Jakob im Defereggental,1994,365,92,22,0,0,29.0,true
185,St.Jakob im Defereggental,1995,365,92,12,0,0,28.0,true
185,St.Jakob im Defereggental,1996,366,92,9,0,0,27.6,true
185,St.Jakob im Defereggental,1997,365,92,3,0,0,25.5,true
185,St.Jakob im Defereggental,1998,365,92,16,0,0,27.9,true
185,St.Jakob im Defereggental,1999,365,92,6,0,0,27.0,true
185,St.Jakob im Defereggental,2000,366,92,11,0,0,28.0,true
185,St.Jakob im Defereggental,2001,365,92,18,0,0,28.8,true
185,St.Jakob im Defereggental,2002,365,92,11,1,0,31.4,true
185,St.Jakob im Defereggental,2003,365,92,31,0,0,29.5,true
185,St.Jakob im Defereggental,2004,366,92,7,0,0,27.5,true
185,St.Jakob im Defereggental,2005,365,92,13,0,0,28.0,true
185,St.Jakob im Defereggental,2006,365,92,19,0,0,27.5,true
185,St.Jakob im Defereggental,2007,365,92,10,0,0,28.5,true
185,St.Jakob im Defereggental,2008,366,92,4,0,0,26.8,true
185,St.Jakob im Defereggental,2009,365,92,15,0,0,27.3,true
185,St.Jakob im Defereggental,2010,365,92,20,0,0,29.6,true
185,St.Jakob im Defereggental,2011,365,92,16,1,0,30.7,true
185,St.Jakob im Defereggental,2012,366,92,17,0,0,29.2,true
185,St.Jakob im Defereggental,2013,365,92,24,1,0,30.7,true
185,St.Jakob im Defereggental,2014,365,92,8,0,0,27.7,true
185,St.Jakob im Defereggental,2015,365,92,27,0,0,29.4,true
185,St.Jakob im Defereggental,2016,366,92,15,0,0,28.1,true
185,St.Jakob im Defereggental,2017,365,92,26,0,0,29.4,true
185,St.Jakob im Defereggental,2018,365,92,16,0,0,29.1,true
185,St.Jakob im Defereggental,2019,365,92,21,4,0,31.8,true
185,St.Jakob im Defereggental,2020,366,92,12,0,0,29.0,true
185,St.Jakob im Defereggental,2021,365,92,17,0,0,28.3,true
185,St.Jakob im Defereggental,2022,365,92,22,0,0,29.4,true
185,St.Jakob im Defereggental,2023,365,92,23,0,0,29.9,true
185,St.Jakob im Defereggental,2024,366,92,30,0,0,29.3,true
185,St.Jakob im Defereggental,2025,365,92,26,1,0,30.2,true
185,St.Jakob im Defereggental,2026,242,91,40,1,0,30.5,true
210,St.Leonhard im Pitztal,1967,365,92,8,0,0,27.5,true
210,St.Leonhard im Pitztal,1968,366,92,7,0,0,27.6,true
210,St.Leonhard im Pitztal,1969,365,92,5,0,0,26.9,true
210,St.Leonhard im Pitztal,1970,365,92,2,0,0,26.3,true
210,St.Leonhard im Pitztal,1971,365,92,10,0,0,26.8,true
210,St.Leonhard im Pitztal,1972,366,92,5,0,0,28.6,true
210,St.Leonhard im Pitztal,1973,365,92,5,0,0,26.8,true
210,St.Leonhard im Pitztal,1974,365,92,5,0,0,27.8,true
210,St.Leonhard im Pitztal,1975,365,92,2,0,0,26.7,true
210,St.Leonhard im Pitztal,1976,366,92,6,0,0,26.4,true
210,St.Leonhard im Pitztal,1977,365,92,2,0,0,26.4,true
210,St.Leonhard im Pitztal,1978,365,92,0,0,0,23.6,true
210,St.Leonhard im Pitztal,1979,365,92,2,0,0,25.1,true
210,St.Leonhard im Pitztal,1980,366,92,7,0,0,29.0,true
210,St.Leonhard im Pitztal,1981,365,92,8,0,0,26.0,true
210,St.Leonhard im Pitztal,1982,365,92,6,0,0,26.1,true
210,St.Leonhard im Pitztal,1983,365,92,10,0,0,28.9,true
210,St.Leonhard im Pitztal,1984,366,92,5,0,0,29.2,true
210,St.Leonhard im Pitztal,1985,365,92,8,0,0,27.3,true
210,St.Leonhard im Pitztal,1986,365,92,1,0,0,27.0,true
210,St.Leonhard im Pitztal,1987,365,92,6,0,0,25.6,true
210,St.Leonhard im Pitztal,1988,366,92,3,0,0,26.3,true
210,St.Leonhard im Pitztal,1989,365,92,1,0,0,25.8,true
210,St.Leonhard im Pitztal,1990,365,92,4,0,0,26.3,true
210,St.Leonhard im Pitztal,1991,365,92,4,0,0,27.6,true
210,St.Leonhard im Pitztal,1992,366,92,8,0,0,28.3,true
210,St.Leonhard im Pitztal,1993,365,92,5,0,0,27.6,true
210,St.Leonhard im Pitztal,1994,365,92,10,0,0,27.5,true
210,St.Leonhard im Pitztal,1995,365,92,8,0,0,28.5,true
210,St.Leonhard im Pitztal,1996,366,92,1,0,0,25.6,true
210,St.Leonhard im Pitztal,1997,365,92,0,0,0,23.9,true
210,St.Leonhard im Pitztal,1998,365,92,8,0,0,27.2,true
210,St.Leonhard im Pitztal,1999,365,92,5,0,0,28.2,true
210,St.Leonhard im Pitztal,2000,366,92,9,0,0,27.6,true
210,St.Leonhard im Pitztal,2001,365,92,7,0,0,28.0,true
210,St.Leonhard im Pitztal,2002,365,92,9,1,0,30.2,true
210,St.Leonhard im Pitztal,2003,365,92,26,0,0,28.6,true
210,St.Leonhard im Pitztal,2004,366,92,4,0,0,25.4,true
210,St.Leonhard im Pitztal,2005,365,92,16,0,0,29.8,true
210,St.Leonhard im Pitztal,2006,365,92,16,0,0,26.6,true
210,St.Leonhard im Pitztal,2007,365,92,9,0,0,28.4,true
210,St.Leonhard im Pitztal,2008,366,92,6,0,0,27.8,true
210,St.Leonhard im Pitztal,2009,365,92,7,0,0,28.0,true
210,St.Leonhard im Pitztal,2010,365,92,16,0,0,29.2,true
210,St.Leonhard im Pitztal,2011,365,92,13,0,0,28.5,true
210,St.Leonhard im Pitztal,2012,366,92,11,0,0,29.4,true
210,St.Leonhard im Pitztal,2013,365,92,18,0,0,29.3,true
210,St.Leonhard im Pitztal,2014,365,92,7,0,0,28.5,true
210,St.Leonhard im Pitztal,2015,365,92,30,2,0,30.3,true
210,St.Leonhard im Pitztal,2016,366,92,13,0,0,29.0,true
210,St.Leonhard im Pitztal,2017,365,92,21,0,0,28.7,true
210,St.Leonhard im Pitztal,2018,365,92,10,0,0,27.7,true
210,St.Leonhard im Pitztal,2019,365,92,18,4,0,31.2,true
210,St.Leonhard im Pitztal,2020,366,92,11,0,0,28.9,true
210,St.Leonhard im Pitztal,2021,365,92,14,0,0,27.2,true
210,St.Leonhard im Pitztal,2022,365,92,20,1,0,30.2,true
210,St.Leonhard im Pitztal,2023,365,92,18,0,0,29.9,true
210,St.Leonhard im Pitztal,2024,366,92,17,0,0,28.7,true
210,St.Leonhard im Pitztal,2025,365,92,28,0,0,28.9,true
210,St.Leonhard im Pitztal,2026,242,91,35,1,0,31.4,true
92,St.Michael im Lungau,1968,31,0,0,0,0,4.5,false
92,St.Michael im Lungau,1969,365,92,15,0,0,28.6,true
92,St.Michael im Lungau,1970,365,92,23,0,0,27.5,true
92,St.Michael im Lungau,1971,365,92,29,0,0,29.9,true
92,St.Michael im Lungau,1972,366,92,14,1,0,30.2,true
92,St.Michael im Lungau,1973,365,92,21,0,0,28.5,true
92,St.Michael im Lungau,1974,324,62,17,1,0,30.0,false
92,St.Michael im Lungau,1975,365,92,10,0,0,28.8,true
92,St.Michael im Lungau,1976,366,92,18,1,0,30.8,true
92,St.Michael im Lungau,1977,365,92,13,0,0,29.8,true
92,St.Michael im Lungau,1978,365,92,7,0,0,26.7,true
92,St.Michael im Lungau,1979,365,92,14,0,0,27.2,true
92,St.Michael im Lungau,1980,366,92,16,0,0,29.7,true
92,St.Michael im Lungau,1981,365,92,14,0,0,29.7,true
92,St.Michael im Lungau,1982,365,92,19,0,0,28.1,true
92,St.Michael im Lungau,1983,365,92,27,5,0,33.2,true
92,St.Michael im Lungau,1984,366,92,15,3,0,33.1,true
92,St.Michael im Lungau,1985,365,92,27,0,0,28.9,true
92,St.Michael im Lungau,1986,365,92,30,0,0,28.9,true
92,St.Michael im Lungau,1987,365,92,29,1,0,31.2,true
92,St.Michael im Lungau,1988,366,92,24,0,0,29.3,true
92,St.Michael im Lungau,1989,365,92,10,0,0,27.8,true
92,St.Michael im Lungau,1990,365,92,20,0,0,29.9,true
92,St.Michael im Lungau,1991,365,92,25,0,0,29.6,true
92,St.Michael im Lungau,1992,366,92,31,9,0,31.4,true
92,St.Michael im Lungau,1993,365,92,25,0,0,28.0,true
92,St.Michael im Lungau,1994,365,92,41,2,0,31.4,true
92,St.Michael im Lungau,1995,365,92,26,3,0,30.4,true
92,St.Michael im Lungau,1996,366,92,17,0,0,29.2,true
92,St.Michael im Lungau,1997,365,92,21,0,0,29.1,true
92,St.Michael im Lungau,1998,365,92,36,1,0,30.0,true
92,St.Michael im Lungau,1999,365,92,23,1,0,30.0,true
92,St.Michael im Lungau,2000,366,92,38,0,0,29.9,true
92,St.Michael im Lungau,2001,365,92,31,1,0,30.1,true
92,St.Michael im Lungau,2002,365,92,30,5,0,32.6,true
92,St.Michael im Lungau,2003,365,92,67,12,0,33.0,true
92,St.Michael im Lungau,2004,366,92,27,0,0,28.8,true
92,St.Michael im Lungau,2005,365,92,31,2,0,31.6,true
92,St.Michael im Lungau,2006,365,92,40,2,0,31.4,true
92,St.Michael im Lungau,2007,365,92,35,6,0,32.6,true
92,St.Michael im Lungau,2008,351,92,47,1,0,30.0,true
92,St.Michael im Lungau,2009,365,92,35,0,0,29.6,true
92,St.Michael im Lungau,2010,365,92,35,4,0,30.8,true
92,St.Michael im Lungau,2011,365,92,26,4,0,32.2,true
92,St.Michael im Lungau,2012,366,92,39,5,0,31.7,true
92,St.Michael im Lungau,2013,365,92,41,11,0,33.4,true
92,St.Michael im Lungau,2014,365,92,18,0,0,29.8,true
92,St.Michael im Lungau,2015,365,92,46,8,0,31.6,true
92,St.Michael im Lungau,2016,366,92,27,0,0,29.3,true
92,St.Michael im Lungau,2017,365,92,43,4,0,31.4,true
92,St.Michael im Lungau,2018,365,92,34,0,0,29.9,true
92,St.Michael im Lungau,2019,365,92,45,7,0,33.2,true
92,St.Michael im Lungau,2020,366,92,31,3,0,30.7,true
92,St.Michael im Lungau,2021,365,92,33,1,0,30.1,true
92,St.Michael im Lungau,2022,365,92,41,4,0,30.8,true
92,St.Michael im Lungau,2023,365,92,41,6,0,32.6,true
92,St.Michael im Lungau,2024,366,92,51,4,0,31.4,true
92,St.Michael im Lungau,2025,365,92,42,10,0,32.4,true
92,St.Michael im Lungau,2026,236,85,48,9,0,32.1,false
93,St.Pölten Landhaus,1936,366,92,45,5,0,32.0,true
93,St.Pölten Landhaus,1937,365,92,65,4,0,31.9,true
93,St.Pölten Landhaus,1938,288,59,40,11,0,32.0,false
93,St.Pölten Landhaus,1939,333,92,63,9,0,33.2,true
93,St.Pölten Landhaus,1940,366,92,33,2,0,31.7,true
93,St.Pölten Landhaus,1941,365,92,34,2,0,31.2,true
93,St.Pölten Landhaus,1942,339,66,50,9,0,31.5,false
93,St.Pölten Landhaus,1943,362,92,50,9,4,36.5,true
93,St.Pölten Landhaus,1944,305,92,49,13,0,32.1,true
93,St.Pölten Landhaus,1946,184,62,45,16,0,34.8,false
93,St.Pölten Landhaus,1947,365,92,72,26,0,34.8,true
93,St.Pölten Landhaus,1948,366,92,45,7,0,33.2,true
93,St.Pölten Landhaus,1949,365,92,48,9,0,34.6,true
93,St.Pölten Landhaus,1950,365,92,75,20,3,37.6,true
93,St.Pölten Landhaus,1951,365,92,47,6,0,31.5,true
93,St.Pölten Landhaus,1952,366,92,61,23,3,36.7,true
93,St.Pölten Landhaus,1953,365,92,63,7,0,32.7,true
93,St.Pölten Landhaus,1954,365,92,45,9,0,31.4,true
93,St.Pölten Landhaus,1955,365,92,42,1,0,31.8,true
93,St.Pölten Landhaus,1956,366,92,51,5,0,34.6,true
93,St.Pölten Landhaus,1957,365,92,54,11,5,39.0,true
93,St.Pölten Landhaus,1958,365,92,56,14,1,36.8,true
93,St.Pölten Landhaus,1959,365,92,51,8,0,34.5,true
93,St.Pölten Landhaus,1960,366,92,44,8,0,34.0,true
93,St.Pölten Landhaus,1961,365,92,74,22,1,35.8,true
93,St.Pölten Landhaus,1962,365,92,58,15,0,34.3,true
93,St.Pölten Landhaus,1963,365,92,60,21,3,36.2,true
93,St.Pölten Landhaus,1964,366,92,59,16,0,33.0,true
93,St.Pölten Landhaus,1965,365,92,36,11,0,33.7,true
93,St.Pölten Landhaus,1966,365,92,56,8,0,32.6,true
93,St.Pölten Landhaus,1967,365,92,65,21,0,34.9,true
93,St.Pölten Landhaus,1968,366,92,50,14,1,35.8,true
93,St.Pölten Landhaus,1969,365,92,59,10,0,33.2,true
93,St.Pölten Landhaus,1970,365,92,50,7,0,32.4,true
93,St.Pölten Landhaus,1971,365,92,64,26,2,38.2,true
93,St.Pölten Landhaus,1972,366,92,44,14,1,36.0,true
93,St.Pölten Landhaus,1973,365,92,69,16,1,35.6,true
93,St.Pölten Landhaus,1974,365,92,52,13,2,37.4,true
93,St.Pölten Landhaus,1975,365,92,65,5,0,31.0,true
93,St.Pölten Landhaus,1976,366,92,54,12,2,36.3,true
93,St.Pölten Landhaus,1977,365,92,62,9,0,32.7,true
93,St.Pölten Landhaus,1978,365,92,43,5,0,31.2,true
93,St.Pölten Landhaus,1979,365,92,53,5,0,31.1,true
93,St.Pölten Landhaus,1980,366,92,29,3,0,32.1,true
93,St.Pölten Landhaus,1981,365,92,54,10,0,33.0,true
93,St.Pölten Landhaus,1982,365,92,59,6,0,32.4,true
93,St.Pölten Landhaus,1983,365,92,73,17,2,37.0,true
93,St.Pölten Landhaus,1984,366,92,31,7,0,33.9,true
93,St.Pölten Landhaus,1985,365,92,50,8,0,33.1,true
93,St.Pölten Landhaus,1986,365,92,62,12,0,34.0,true
93,St.Pölten Landhaus,1987,365,92,56,6,0,32.4,true
93,St.Pölten Landhaus,1988,366,92,53,16,2,35.5,true
93,St.Pölten Landhaus,1989,365,92,52,4,0,33.9,true
93,St.Pölten Landhaus,1990,365,92,59,14,0,32.9,true
93,St.Pölten Landhaus,1991,365,92,49,7,0,33.0,true
93,St.Pölten Landhaus,1992,366,92,73,29,8,37.5,true
93,St.Pölten Landhaus,1993,365,92,64,18,1,35.1,true
93,St.Pölten Landhaus,1994,365,92,69,28,3,35.8,true
93,St.Pölten Landhaus,1995,365,92,57,14,1,35.7,true
93,St.Pölten Landhaus,1996,366,92,41,2,0,30.9,true
93,St.Pölten Landhaus,1997,365,92,56,2,0,32.2,true
93,St.Pölten Landhaus,1998,365,92,61,18,2,36.3,true
93,St.Pölten Landhaus,1999,365,92,47,4,0,32.8,true
93,St.Pölten Landhaus,2000,366,92,65,17,0,34.9,true
93,St.Pölten Landhaus,2001,365,92,53,11,0,33.8,true
93,St.Pölten Landhaus,2002,365,92,62,12,0,33.7,true
93,St.Pölten Landhaus,2003,365,92,90,42,2,36.1,true
93,St.Pölten Landhaus,2004,366,92,49,13,0,33.1,true
93,St.Pölten Landhaus,2005,365,92,57,10,1,36.1,true
93,St.Pölten Landhaus,2006,365,92,58,20,0,34.4,true
93,St.Pölten Landhaus,2007,365,92,72,17,3,36.6,true
93,St.Pölten Landhaus,2008,366,92,66,11,0,33.2,true
93,St.Pölten Landhaus,2009,365,92,70,9,1,35.0,true
93,St.Pölten Landhaus,2010,365,92,52,18,0,34.0,true
93,St.Pölten Landhaus,2011,365,92,76,18,1,37.1,true
93,St.Pölten Landhaus,2012,366,92,79,25,0,34.4,true
93,St.Pölten Landhaus,2013,365,92,67,24,5,37.1,true
93,St.Pölten Landhaus,2014,365,92,56,11,0,34.6,true
93,St.Pölten Landhaus,2015,365,92,75,41,14,37.3,true
93,St.Pölten Landhaus,2016,366,92,84,15,0,34.5,true
93,St.Pölten Landhaus,2017,365,92,79,34,2,37.1,true
93,St.Pölten Landhaus,2018,365,92,105,32,1,36.1,true
93,St.Pölten Landhaus,2019,365,92,87,31,5,37.7,true
93,St.Pölten Landhaus,2020,366,92,72,17,0,34.6,true
93,St.Pölten Landhaus,2021,365,92,74,20,0,34.7,true
93,St.Pölten Landhaus,2022,365,92,79,26,0,34.9,true
93,St.Pölten Landhaus,2023,365,92,85,33,3,35.7,true
93,St.Pölten Landhaus,2024,366,92,99,42,0,34.7,true
93,St.Pölten Landhaus,2025,365,92,73,23,0,34.9,true
93,St.Pölten Landhaus,2026,242,91,89,46,12,40.7,true
95,St.Veit an der Glan,1968,245,92,30,7,0,34.0,true
95,St.Veit an der Glan,1969,365,92,55,9,0,32.5,true
95,St.Veit an der Glan,1970,365,92,57,10,0,33.6,true
95,St.Veit an der Glan,1971,365,92,66,18,1,35.0,true
95,St.Veit an der Glan,1972,366,92,56,10,0,32.7,true
95,St.Veit an der Glan,1973,365,92,62,10,0,31.8,true
95,St.Veit an der Glan,1974,365,92,48,10,0,32.8,true
95,St.Veit an der Glan,1975,365,92,68,2,0,31.3,true
95,St.Veit an der Glan,1976,366,92,55,16,0,34.0,true
95,St.Veit an der Glan,1977,365,92,51,9,0,32.5,true
95,St.Veit an der Glan,1978,365,92,38,1,0,30.0,true
95,St.Veit an der Glan,1979,365,92,75,3,0,30.5,true
95,St.Veit an der Glan,1980,366,92,39,9,0,32.6,true
95,St.Veit an der Glan,1981,365,92,58,11,0,32.4,true
95,St.Veit an der Glan,1982,365,92,77,7,0,32.0,true
95,St.Veit an der Glan,1983,365,92,74,16,2,35.6,true
95,St.Veit an der Glan,1984,366,92,43,11,1,35.0,true
95,St.Veit an der Glan,1985,365,92,69,9,0,32.2,true
95,St.Veit an der Glan,1986,365,92,73,16,0,32.4,true
95,St.Veit an der Glan,1987,365,92,73,13,0,32.8,true
95,St.Veit an der Glan,1988,366,92,65,25,2,35.2,true
95,St.Veit an der Glan,1989,365,92,62,11,0,33.2,true
95,St.Veit an der Glan,1990,365,92,66,12,0,32.5,true
95,St.Veit an der Glan,1991,365,92,81,15,1,35.6,true
95,St.Veit an der Glan,1992,366,92,88,31,6,36.3,true
95,St.Veit an der Glan,1993,365,92,78,24,0,34.0,true
95,St.Veit an der Glan,1994,365,92,91,38,0,34.5,true
95,St.Veit an der Glan,1995,365,92,63,17,0,33.7,true
95,St.Veit an der Glan,1996,366,92,60,11,0,33.2,true
95,St.Veit an der Glan,1997,365,92,75,1,0,30.4,true
95,St.Veit an der Glan,1998,365,92,66,22,0,32.3,true
95,St.Veit an der Glan,1999,365,92,60,9,0,32.6,true
95,St.Veit an der Glan,2000,366,92,67,13,0,33.4,true
95,St.Veit an der Glan,2001,365,92,68,16,0,32.2,true
95,St.Veit an der Glan,2002,365,92,61,10,0,33.6,true
95,St.Veit an der Glan,2003,365,92,100,36,1,35.0,true
95,St.Veit an der Glan,2004,366,92,51,6,0,32.4,true
95,St.Veit an der Glan,2005,365,92,63,15,0,33.0,true
95,St.Veit an der Glan,2006,365,92,67,27,1,35.4,true
95,St.Veit an der Glan,2007,365,92,74,20,3,35.2,true
95,St.Veit an der Glan,2008,366,92,80,9,0,31.2,true
95,St.Veit an der Glan,2009,365,92,70,18,0,32.7,true
95,St.Veit an der Glan,2010,365,92,64,21,1,35.2,true
95,St.Veit an der Glan,2011,365,92,79,14,0,33.6,true
95,St.Veit an der Glan,2012,366,92,81,28,1,35.0,true
95,St.Veit an der Glan,2013,365,92,76,27,8,37.3,true
95,St.Veit an der Glan,2014,365,92,52,11,0,33.2,true
95,St.Veit an der Glan,2015,365,92,76,34,0,34.1,true
95,St.Veit an der Glan,2016,366,92,78,12,0,33.4,true
95,St.Veit an der Glan,2017,365,92,78,28,1,35.1,true
95,St.Veit an der Glan,2018,365,92,96,23,0,33.4,true
95,St.Veit an der Glan,2019,365,92,81,27,1,36.5,true
95,St.Veit an der Glan,2020,366,92,71,16,0,33.5,true
95,St.Veit an der Glan,2021,365,92,77,24,0,33.7,true
95,St.Veit an der Glan,2022,365,92,93,29,1,35.2,true
95,St.Veit an der Glan,2023,365,92,81,22,0,34.4,true
95,St.Veit an der Glan,2024,366,92,91,42,0,33.8,true
95,St.Veit an der Glan,2025,365,92,87,31,4,36.9,true
95,St.Veit an der Glan,2026,242,91,90,51,8,37.1,true
109,St.Wolfgang,1936,366,92,32,3,0,31.0,true
109,St.Wolfgang,1937,365,92,38,3,0,32.8,true
109,St.Wolfgang,1938,365,92,36,4,0,31.3,true
109,St.Wolfgang,1939,365,92,32,1,0,30.3,true
109,St.Wolfgang,1940,366,92,25,1,0,30.0,true
109,St.Wolfgang,1941,365,92,28,2,0,31.7,true
109,St.Wolfgang,1942,365,92,51,2,0,30.7,true
109,St.Wolfgang,1943,218,61,16,0,0,28.8,false
109,St.Wolfgang,1944,274,92,36,5,0,31.2,true
109,St.Wolfgang,1964,61,0,0,0,0,18.5,false
109,St.Wolfgang,1965,365,92,25,4,0,34.2,true
109,St.Wolfgang,1966,365,92,31,2,0,31.5,true
109,St.Wolfgang,1967,365,92,41,4,0,33.0,true
109,St.Wolfgang,1968,366,92,31,1,0,30.0,true
109,St.Wolfgang,1969,365,92,35,4,0,30.5,true
109,St.Wolfgang,1970,365,92,41,2,0,30.5,true
109,St.Wolfgang,1971,365,92,40,7,0,34.5,true
109,St.Wolfgang,1972,362,91,33,7,1,35.0,false
109,St.Wolfgang,1973,364,92,48,5,0,32.0,true
109,St.Wolfgang,1974,359,91,27,5,0,33.0,false
109,St.Wolfgang,1975,365,92,45,1,0,30.0,true
109,St.Wolfgang,1976,366,92,34,4,0,32.0,true
109,St.Wolfgang,1977,334,92,32,2,0,31.0,true
109,St.Wolfgang,1978,365,92,28,1,0,31.0,true
109,St.Wolfgang,1979,365,92,56,4,0,31.0,true
109,St.Wolfgang,1980,362,88,29,3,0,33.5,false
109,St.Wolfgang,1981,365,92,38,1,0,30.5,true
109,St.Wolfgang,1982,365,92,49,5,0,34.5,true
109,St.Wolfgang,1983,365,92,69,15,2,38.5,true
109,St.Wolfgang,1984,366,92,18,3,1,36.5,true
109,St.Wolfgang,1985,365,92,37,6,0,32.5,true
109,St.Wolfgang,1986,365,92,59,6,0,32.5,true
109,St.Wolfgang,1987,212,61,23,3,0,32.5,false
109,St.Wolfgang,1990,334,92,36,0,0,29.8,true
109,St.Wolfgang,1991,365,92,24,2,0,30.5,true
109,St.Wolfgang,1992,366,92,47,13,0,33.1,true
109,St.Wolfgang,1993,365,92,33,1,0,30.3,true
109,St.Wolfgang,1994,365,92,53,16,0,32.6,true
109,St.Wolfgang,1995,365,92,34,2,0,32.1,true
109,St.Wolfgang,1996,366,92,24,1,0,30.0,true
109,St.Wolfgang,1997,212,31,20,0,0,28.1,false
109,St.Wolfgang,1998,365,92,40,6,0,33.4,true
109,St.Wolfgang,1999,365,92,36,2,0,32.6,true
109,St.Wolfgang,2000,366,92,47,7,0,31.9,true
109,St.Wolfgang,2001,365,92,41,2,0,30.5,true
109,St.Wolfgang,2002,365,92,35,8,0,32.5,true
109,St.Wolfgang,2003,365,92,76,22,0,34.7,true
109,St.Wolfgang,2004,366,92,43,1,0,31.5,true
109,St.Wolfgang,2005,365,92,39,5,0,32.6,true
109,St.Wolfgang,2006,365,92,52,10,0,33.2,true
109,St.Wolfgang,2007,365,92,49,7,0,33.0,true
109,St.Wolfgang,2008,366,92,50,12,0,32.9,true
109,St.Wolfgang,2009,365,92,45,5,1,36.1,true
109,St.Wolfgang,2010,365,92,41,10,0,32.0,true
109,St.Wolfgang,2011,365,92,45,10,0,34.7,true
109,St.Wolfgang,2012,366,92,55,9,0,33.9,true
109,St.Wolfgang,2013,365,92,47,17,1,35.0,true
109,St.Wolfgang,2014,365,92,36,8,0,33.3,true
109,St.Wolfgang,2015,365,92,62,31,0,34.7,true
109,St.Wolfgang,2016,366,92,59,8,0,32.5,true
109,St.Wolfgang,2017,365,92,61,12,0,34.8,true
109,St.Wolfgang,2018,365,92,85,19,0,34.0,true
109,St.Wolfgang,2019,365,92,69,21,2,36.2,true
109,St.Wolfgang,2020,366,92,54,9,0,32.4,true
109,St.Wolfgang,2021,365,92,62,11,0,32.4,true
109,St.Wolfgang,2022,365,92,70,12,0,34.5,true
109,St.Wolfgang,2023,365,92,66,24,1,35.6,true
109,St.Wolfgang,2024,366,92,67,21,0,33.6,true
109,St.Wolfgang,2025,365,92,59,19,0,33.8,true
109,St.Wolfgang,2026,242,91,78,36,6,37.6,true
89,Stift Zwettl,1936,366,92,19,0,0,29.0,true
89,Stift Zwettl,1937,365,92,24,0,0,29.0,true
89,Stift Zwettl,1938,365,92,31,1,0,30.2,true
89,Stift Zwettl,1939,365,92,17,1,0,30.0,true
89,Stift Zwettl,1940,366,92,6,0,0,27.5,true
89,Stift Zwettl,1941,365,92,11,0,0,26.4,true
89,Stift Zwettl,1942,365,92,42,2,0,30.1,true
89,Stift Zwettl,1943,365,92,33,6,3,35.4,true
89,Stift Zwettl,1944,366,92,27,0,0,29.9,true
89,Stift Zwettl,1945,193,42,19,3,0,30.4,false
89,Stift Zwettl,1946,365,92,33,2,0,30.8,true
89,Stift Zwettl,1947,365,92,49,3,0,32.6,true
89,Stift Zwettl,1948,366,92,20,1,0,30.0,true
89,Stift Zwettl,1949,365,92,18,0,0,29.9,true
89,Stift Zwettl,1950,365,92,41,6,0,33.0,true
89,Stift Zwettl,1951,365,92,38,3,0,30.6,true
89,Stift Zwettl,1952,366,92,42,11,0,34.4,true
89,Stift Zwettl,1953,365,92,37,3,0,31.1,true
89,Stift Zwettl,1954,365,92,29,0,0,29.3,true
89,Stift Zwettl,1955,365,92,24,1,0,30.0,true
89,Stift Zwettl,1956,366,92,35,1,0,32.0,true
89,Stift Zwettl,1957,365,92,36,7,3,36.0,true
89,Stift Zwettl,1958,365,92,45,6,0,32.0,true
89,Stift Zwettl,1959,365,92,31,3,0,32.1,true
89,Stift Zwettl,1960,366,92,23,1,0,30.0,true
89,Stift Zwettl,1961,365,92,49,9,0,33.0,true
89,Stift Zwettl,1962,365,92,47,7,0,32.0,true
89,Stift Zwettl,1963,365,92,45,6,0,33.0,true
89,Stift Zwettl,1964,366,92,50,5,0,31.0,true
89,Stift Zwettl,1965,365,92,26,8,0,32.0,true
89,Stift Zwettl,1966,365,92,25,2,0,32.0,true
89,Stift Zwettl,1967,365,92,50,12,0,32.0,true
89,Stift Zwettl,1968,366,92,35,5,0,33.0,true
89,Stift Zwettl,1969,365,92,34,4,0,32.5,true
89,Stift Zwettl,1970,365,92,33,0,0,29.4,true
89,Stift Zwettl,1971,365,92,36,6,0,34.5,true
89,Stift Zwettl,1972,366,92,24,2,0,31.6,true
89,Stift Zwettl,1973,365,92,33,5,0,32.1,true
89,Stift Zwettl,1974,365,92,19,4,0,33.0,true
89,Stift Zwettl,1975,365,92,30,0,0,27.8,true
89,Stift Zwettl,1976,366,92,24,4,0,31.2,true
89,Stift Zwettl,1977,365,92,24,0,0,28.7,true
89,Stift Zwettl,1978,365,92,17,0,0,27.7,true
89,Stift Zwettl,1979,365,92,29,0,0,29.1,true
89,Stift Zwettl,1980,366,92,13,0,0,29.8,true
89,Stift Zwettl,1981,365,92,29,1,0,30.0,true
89,Stift Zwettl,1982,365,92,18,0,0,29.2,true
89,Stift Zwettl,1983,365,92,41,3,0,33.8,true
89,Stift Zwettl,1984,366,92,15,4,0,32.9,true
89,Stift Zwettl,1985,365,92,30,3,0,30.2,true
89,Stift Zwettl,1986,365,92,36,2,0,30.7,true
89,Stift Zwettl,1987,365,92,23,0,0,29.5,true
89,Stift Zwettl,1988,366,92,29,5,0,32.3,true
89,Stift Zwettl,1989,365,92,20,1,0,30.3,true
89,Stift Zwettl,1990,365,92,34,3,0,31.2,true
89,Stift Zwettl,1991,365,92,24,2,0,31.0,true
89,Stift Zwettl,1992,366,92,42,15,0,33.8,true
89,Stift Zwettl,1993,365,92,35,6,0,32.2,true
89,Stift Zwettl,1994,365,92,53,18,0,33.5,true
89,Stift Zwettl,1995,365,92,36,2,0,33.3,true
89,Stift Zwettl,1996,366,92,21,0,0,29.2,true
89,Stift Zwettl,1997,365,92,28,1,0,30.2,true
89,Stift Zwettl,1998,365,92,37,6,0,32.9,true
89,Stift Zwettl,1999,365,92,21,3,0,31.1,true
89,Stift Zwettl,2000,366,92,40,8,0,33.8,true
89,Stift Zwettl,2001,365,92,31,4,0,31.6,true
89,Stift Zwettl,2002,365,92,40,6,0,32.2,true
89,Stift Zwettl,2003,365,92,67,17,0,34.7,true
89,Stift Zwettl,2004,366,92,32,1,0,31.0,true
89,Stift Zwettl,2005,365,92,27,4,0,32.6,true
89,Stift Zwettl,2006,365,92,42,9,0,31.5,true
89,Stift Zwettl,2007,365,92,53,9,1,35.0,true
89,Stift Zwettl,2008,366,92,41,2,0,30.1,true
89,Stift Zwettl,2009,365,92,39,4,0,32.5,true
89,Stift Zwettl,2010,365,92,36,10,0,32.3,true
89,Stift Zwettl,2011,365,92,46,6,0,34.2,true
89,Stift Zwettl,2012,366,92,54,15,1,35.7,true
89,Stift Zwettl,2013,365,92,44,14,2,35.2,true
89,Stift Zwettl,2014,365,92,36,6,0,33.1,true
89,Stift Zwettl,2015,365,92,58,32,3,36.3,true
89,Stift Zwettl,2016,366,92,56,7,0,31.9,true
89,Stift Zwettl,2017,365,92,66,18,2,35.6,true
89,Stift Zwettl,2018,365,92,74,14,0,33.8,true
89,Stift Zwettl,2019,365,92,61,14,2,35.2,true
89,Stift Zwettl,2020,366,92,43,6,0,32.5,true
89,Stift Zwettl,2021,365,92,46,7,0,31.4,true
89,Stift Zwettl,2022,365,92,48,12,0,33.1,true
89,Stift Zwettl,2023,365,92,64,17,0,34.2,true
89,Stift Zwettl,2024,366,92,67,18,0,32.9,true
89,Stift Zwettl,2025,365,92,49,11,0,33.3,true
89,Stift Zwettl,2026,242,91,70,25,7,38.7,true
97,Stolzalpe,1938,365,92,5,0,0,26.6,true
97,Stolzalpe,1939,365,92,9,0,0,27.0,true
97,Stolzalpe,1940,366,92,0,0,0,24.9,true
97,Stolzalpe,1941,334,92,7,0,0,26.9,true
97,Stolzalpe,1942,183,61,11,0,0,26.0,false
97,Stolzalpe,1943,237,43,13,0,0,29.9,false
97,Stolzalpe,1944,335,92,7,0,0,29.4,true
97,Stolzalpe,1945,365,92,16,0,0,29.4,true
97,Stolzalpe,1946,365,92,18,0,0,28.9,true
97,Stolzalpe,1947,339,92,33,0,0,29.9,true
97,Stolzalpe,1948,366,92,10,0,0,27.9,true
97,Stolzalpe,1949,304,92,19,0,0,29.6,true
97,Stolzalpe,1950,184,92,30,3,0,30.5,true
97,Stolzalpe,1951,352,92,26,0,0,28.4,true
97,Stolzalpe,1952,366,92,27,9,0,33.0,true
97,Stolzalpe,1953,365,92,28,0,0,29.0,true
97,Stolzalpe,1954,365,92,11,0,0,27.0,true
97,Stolzalpe,1955,365,92,5,0,0,29.0,true
97,Stolzalpe,1956,366,92,13,0,0,29.0,true
97,Stolzalpe,1957,365,92,21,5,0,33.0,true
97,Stolzalpe,1958,365,92,30,0,0,29.0,true
97,Stolzalpe,1959,365,92,9,0,0,28.0,true
97,Stolzalpe,1960,366,92,9,0,0,28.0,true
97,Stolzalpe,1961,365,92,28,0,0,29.0,true
97,Stolzalpe,1962,365,92,12,0,0,29.2,true
97,Stolzalpe,1963,365,92,18,0,0,28.4,true
97,Stolzalpe,1964,366,92,20,0,0,28.8,true
97,Stolzalpe,1965,365,92,13,0,0,29.2,true
97,Stolzalpe,1966,365,92,12,0,0,28.8,true
97,Stolzalpe,1967,365,92,16,1,0,31.2,true
97,Stolzalpe,1968,366,92,15,2,0,31.2,true
97,Stolzalpe,1969,365,92,18,2,0,30.2,true
97,Stolzalpe,1970,365,92,16,0,0,27.7,true
97,Stolzalpe,1971,365,92,21,0,0,29.2,true
97,Stolzalpe,1972,366,92,12,0,0,29.1,true
97,Stolzalpe,1973,365,92,18,0,0,28.3,true
97,Stolzalpe,1974,365,92,14,0,0,29.1,true
97,Stolzalpe,1975,365,92,6,0,0,26.8,true
97,Stolzalpe,1976,366,92,15,0,0,29.1,true
97,Stolzalpe,1977,365,92,3,0,0,26.4,true
97,Stolzalpe,1978,365,92,1,0,0,25.4,true
97,Stolzalpe,1979,365,92,1,0,0,25.8,true
97,Stolzalpe,1980,366,92,8,0,0,28.6,true
97,Stolzalpe,1981,365,92,10,0,0,28.4,true
97,Stolzalpe,1982,365,92,4,0,0,27.0,true
97,Stolzalpe,1983,365,92,14,3,0,32.8,true
97,Stolzalpe,1984,366,92,9,2,0,31.0,true
97,Stolzalpe,1985,365,92,10,0,0,27.2,true
97,Stolzalpe,1986,365,92,12,0,0,27.0,true
97,Stolzalpe,1987,365,92,8,0,0,27.4,true
97,Stolzalpe,1988,366,92,21,0,0,28.8,true
97,Stolzalpe,1989,365,92,1,0,0,25.3,true
97,Stolzalpe,1990,365,92,8,0,0,26.4,true
97,Stolzalpe,1991,365,92,11,0,0,27.8,true
97,Stolzalpe,1992,366,92,26,1,0,30.2,true
97,Stolzalpe,1993,365,92,11,0,0,27.0,true
97,Stolzalpe,1994,365,92,26,2,0,30.0,true
97,Stolzalpe,1995,365,92,14,0,0,28.5,true
97,Stolzalpe,1996,366,92,13,0,0,28.2,true
97,Stolzalpe,1997,365,92,6,0,0,26.5,true
97,Stolzalpe,1998,365,92,25,1,0,30.0,true
97,Stolzalpe,1999,304,92,15,0,0,29.8,true
97,Stolzalpe,2000,245,92,16,0,0,29.2,true
97,Stolzalpe,2001,365,92,24,2,0,30.0,true
97,Stolzalpe,2002,365,92,13,0,0,28.5,true
97,Stolzalpe,2003,365,92,48,6,0,33.7,true
97,Stolzalpe,2004,182,30,2,0,0,26.1,false
97,Stolzalpe,2007,161,39,1,0,0,25.6,false
97,Stolzalpe,2008,366,92,5,0,0,27.0,true
97,Stolzalpe,2009,365,92,11,0,0,27.8,true
97,Stolzalpe,2010,365,92,16,0,0,28.4,true
97,Stolzalpe,2011,365,92,13,0,0,28.7,true
97,Stolzalpe,2012,366,92,18,0,0,28.8,true
97,Stolzalpe,2013,365,92,23,6,0,31.4,true
97,Stolzalpe,2014,365,92,5,0,0,27.2,true
97,Stolzalpe,2015,365,92,28,0,0,29.2,true
97,Stolzalpe,2016,366,92,6,0,0,26.7,true
97,Stolzalpe,2017,365,92,18,0,0,27.7,true
97,Stolzalpe,2018,365,92,9,0,0,28.1,true
97,Stolzalpe,2019,365,92,21,1,0,30.8,true
97,Stolzalpe,2020,366,92,7,0,0,28.3,true
97,Stolzalpe,2021,365,92,14,0,0,28.0,true
97,Stolzalpe,2022,365,92,18,0,0,28.1,true
97,Stolzalpe,2023,365,92,21,0,0,28.9,true
97,Stolzalpe,2024,366,92,26,0,0,28.7,true
97,Stolzalpe,2025,365,92,21,0,0,29.8,true
97,Stolzalpe,2026,242,91,40,3,0,31.2,true
98,Tamsweg,1943,365,92,30,2,0,30.7,true
98,Tamsweg,1944,366,92,23,1,0,30.0,true
98,Tamsweg,1945,365,92,42,1,0,30.0,true
98,Tamsweg,1946,365,92,35,2,0,31.0,true
98,Tamsweg,1947,365,92,42,4,0,31.4,true
98,Tamsweg,1948,366,92,19,0,0,28.4,true
98,Tamsweg,1949,365,92,23,0,0,29.8,true
98,Tamsweg,1950,365,92,44,5,0,33.3,true
98,Tamsweg,1951,365,92,34,0,0,29.6,true
98,Tamsweg,1952,366,92,31,7,0,33.5,true
98,Tamsweg,1953,365,92,29,0,0,29.0,true
98,Tamsweg,1954,365,92,17,0,0,27.4,true
98,Tamsweg,1955,365,92,12,1,0,30.0,true
98,Tamsweg,1956,320,92,19,0,0,29.8,true
98,Tamsweg,1957,365,92,22,5,0,33.0,true
98,Tamsweg,1958,343,87,30,1,0,30.0,false
98,Tamsweg,1959,365,92,17,0,0,27.8,true
98,Tamsweg,1960,336,92,16,4,0,31.0,true
98,Tamsweg,1961,365,92,50,3,0,30.5,true
98,Tamsweg,1962,365,92,32,2,0,31.7,true
98,Tamsweg,1963,365,92,24,0,0,29.1,true
98,Tamsweg,1964,366,92,21,0,0,28.8,true
98,Tamsweg,1965,365,92,18,0,0,29.9,true
98,Tamsweg,1966,365,92,14,1,0,30.4,true
98,Tamsweg,1967,365,92,22,1,0,30.0,true
98,Tamsweg,1968,366,92,16,1,0,32.3,true
98,Tamsweg,1969,365,92,18,2,0,30.8,true
98,Tamsweg,1970,365,92,31,0,0,29.1,true
98,Tamsweg,1971,365,92,25,1,0,30.4,true
98,Tamsweg,1972,366,92,17,1,0,31.8,true
98,Tamsweg,1973,365,92,26,0,0,29.4,true
98,Tamsweg,1974,365,92,22,2,0,32.0,true
98,Tamsweg,1975,365,92,16,0,0,29.4,true
98,Tamsweg,1976,366,92,20,1,0,30.4,true
98,Tamsweg,1977,365,92,12,0,0,29.6,true
98,Tamsweg,1978,365,92,11,0,0,27.1,true
98,Tamsweg,1979,365,92,23,1,0,30.4,true
98,Tamsweg,1980,366,92,23,3,0,31.2,true
98,Tamsweg,1981,365,92,24,2,0,31.2,true
98,Tamsweg,1982,365,92,38,1,0,30.2,true
98,Tamsweg,1983,365,92,32,8,1,35.0,true
98,Tamsweg,1984,366,92,15,3,0,33.0,true
98,Tamsweg,1985,365,92,31,0,0,29.6,true
98,Tamsweg,1986,365,92,35,0,0,29.2,true
98,Tamsweg,1987,365,92,29,0,0,29.9,true
98,Tamsweg,1988,366,92,30,2,0,30.6,true
98,Tamsweg,1989,365,92,15,0,0,28.5,true
98,Tamsweg,1990,365,92,29,1,0,31.5,true
98,Tamsweg,1991,365,92,31,2,0,30.4,true
98,Tamsweg,1992,366,92,35,10,0,30.9,true
98,Tamsweg,1993,365,92,26,0,0,29.3,true
98,Tamsweg,1994,365,92,44,2,0,31.3,true
98,Tamsweg,1995,365,92,29,3,0,31.3,true
98,Tamsweg,1996,366,92,22,0,0,29.8,true
98,Tamsweg,1997,365,92,16,0,0,28.9,true
98,Tamsweg,1998,365,92,45,9,0,32.2,true
98,Tamsweg,1999,365,92,37,2,0,31.3,true
98,Tamsweg,2000,366,92,51,6,0,31.2,true
98,Tamsweg,2001,365,92,38,5,0,31.4,true
98,Tamsweg,2002,365,92,37,7,0,32.9,true
98,Tamsweg,2003,365,92,70,21,0,33.5,true
98,Tamsweg,2004,366,92,33,0,0,29.9,true
98,Tamsweg,2005,365,92,38,4,0,32.5,true
98,Tamsweg,2006,365,92,48,5,0,32.4,true
98,Tamsweg,2007,365,92,42,9,0,32.6,true
98,Tamsweg,2008,366,92,56,3,0,31.7,true
98,Tamsweg,2009,365,92,36,1,0,30.6,true
98,Tamsweg,2010,365,92,40,8,0,31.0,true
98,Tamsweg,2011,365,92,39,6,0,33.6,true
98,Tamsweg,2012,366,92,48,7,0,32.6,true
98,Tamsweg,2013,365,92,44,16,1,35.1,true
98,Tamsweg,2014,343,92,22,4,0,31.2,true
98,Tamsweg,2015,341,68,37,12,0,32.5,false
98,Tamsweg,2016,366,92,36,1,0,30.4,true
98,Tamsweg,2017,365,92,51,8,0,31.9,true
98,Tamsweg,2018,365,92,45,6,0,31.4,true
98,Tamsweg,2019,365,92,54,14,0,34.2,true
98,Tamsweg,2020,366,92,38,5,0,31.4,true
98,Tamsweg,2021,365,92,39,4,0,30.9,true
98,Tamsweg,2022,365,92,53,7,0,32.2,true
98,Tamsweg,2023,365,92,45,12,0,32.2,true
98,Tamsweg,2024,366,92,55,11,0,32.3,true
98,Tamsweg,2025,365,92,55,14,0,32.4,true
98,Tamsweg,2026,242,91,57,20,0,34.3,true
136,Umhausen,1938,350,92,37,3,0,31.0,true
136,Umhausen,1939,365,92,15,0,0,28.2,true
136,Umhausen,1940,366,92,8,0,0,26.8,true
136,Umhausen,1941,136,0,0,0,0,22.2,false
136,Umhausen,1946,245,92,21,1,0,30.8,true
136,Umhausen,1947,365,92,45,8,0,32.0,true
136,Umhausen,1948,366,92,20,0,0,28.5,true
136,Umhausen,1949,365,92,28,3,0,31.6,true
136,Umhausen,1950,365,92,41,5,0,32.2,true
136,Umhausen,1951,365,92,34,1,0,30.0,true
136,Umhausen,1952,366,92,33,10,1,35.0,true
136,Umhausen,1953,365,92,26,1,0,30.3,true
136,Umhausen,1954,365,92,20,0,0,28.3,true
136,Umhausen,1955,365,92,9,0,0,29.5,true
136,Umhausen,1956,366,92,16,1,0,30.0,true
136,Umhausen,1957,365,92,19,6,0,33.5,true
136,Umhausen,1958,365,92,29,2,0,30.5,true
136,Umhausen,1959,365,92,17,0,0,29.6,true
136,Umhausen,1960,366,92,17,0,0,29.7,true
136,Umhausen,1961,365,92,37,1,0,30.6,true
136,Umhausen,1962,365,92,32,1,0,30.4,true
136,Umhausen,1963,365,92,23,2,0,31.1,true
136,Umhausen,1964,366,92,31,1,0,30.5,true
136,Umhausen,1965,365,92,21,3,0,31.6,true
136,Umhausen,1966,365,92,22,2,0,30.6,true
136,Umhausen,1967,365,92,24,3,0,31.4,true
136,Umhausen,1968,366,92,15,1,0,31.2,true
136,Umhausen,1969,365,92,23,2,0,30.7,true
136,Umhausen,1970,365,92,24,1,0,31.1,true
136,Umhausen,1971,365,92,28,1,0,31.2,true
136,Umhausen,1972,366,92,23,1,0,31.3,true
136,Umhausen,1973,365,92,28,0,0,28.7,true
136,Umhausen,1974,365,92,22,3,0,30.5,true
136,Umhausen,1975,365,92,23,1,0,30.0,true
136,Umhausen,1976,366,92,30,1,0,30.2,true
136,Umhausen,1977,365,92,14,2,0,30.2,true
136,Umhausen,1978,365,92,19,0,0,26.9,true
136,Umhausen,1979,365,92,20,0,0,29.1,true
136,Umhausen,1980,366,92,23,3,0,31.2,true
136,Umhausen,1981,365,92,31,0,0,29.6,true
136,Umhausen,1982,365,92,31,0,0,29.4,true
136,Umhausen,1983,365,92,36,7,0,34.0,true
136,Umhausen,1984,366,92,21,4,0,33.7,true
136,Umhausen,1985,365,92,28,1,0,31.0,true
136,Umhausen,1986,365,92,32,1,0,30.2,true
136,Umhausen,1987,365,92,32,0,0,29.8,true
136,Umhausen,1988,366,92,26,1,0,30.0,true
136,Umhausen,1989,365,92,12,0,0,29.0,true
136,Umhausen,1990,365,92,32,1,0,30.8,true
136,Umhausen,1991,365,92,40,2,0,31.0,true
136,Umhausen,1992,366,92,40,10,0,32.3,true
136,Umhausen,1993,365,92,21,0,0,29.2,true
136,Umhausen,1994,365,92,47,2,0,31.7,true
136,Umhausen,1995,365,92,25,0,0,29.8,true
136,Umhausen,1996,366,92,18,0,0,28.6,true
136,Umhausen,1997,365,92,16,0,0,28.2,true
136,Umhausen,1998,365,92,30,1,0,30.5,true
136,Umhausen,1999,365,92,18,1,0,30.0,true
136,Umhausen,2000,366,92,32,1,0,30.3,true
136,Umhausen,2001,365,92,34,1,0,31.2,true
136,Umhausen,2002,365,92,27,5,0,31.8,true
136,Umhausen,2003,365,92,62,13,0,33.1,true
136,Umhausen,2004,366,92,28,0,0,28.0,true
136,Umhausen,2005,365,92,34,4,0,31.3,true
136,Umhausen,2006,365,92,47,4,0,31.7,true
136,Umhausen,2007,365,92,35,5,0,31.8,true
136,Umhausen,2008,366,92,34,2,0,30.4,true
136,Umhausen,2009,365,92,35,3,0,31.2,true
136,Umhausen,2010,365,92,36,8,0,33.1,true
136,Umhausen,2011,365,92,36,7,0,30.9,true
136,Umhausen,2012,366,92,38,4,0,32.9,true
136,Umhausen,2013,365,92,44,12,0,33.7,true
136,Umhausen,2014,365,92,19,4,0,32.9,true
136,Umhausen,2015,365,92,55,16,0,34.4,true
136,Umhausen,2016,366,92,36,4,0,32.4,true
136,Umhausen,2017,365,92,44,3,0,32.5,true
136,Umhausen,2018,365,92,53,6,0,32.5,true
136,Umhausen,2019,365,92,48,13,2,35.0,true
136,Umhausen,2020,366,92,42,5,0,33.2,true
136,Umhausen,2021,365,92,33,3,0,31.0,true
136,Umhausen,2022,365,92,53,10,0,33.3,true
136,Umhausen,2023,365,92,50,12,0,33.5,true
136,Umhausen,2024,366,92,46,7,0,31.7,true
136,Umhausen,2025,365,92,44,13,0,31.9,true
136,Umhausen,2026,241,90,62,27,1,35.3,false
100,Villach Stadt,1930,365,92,58,5,0,33.0,true
100,Villach Stadt,1931,365,92,51,5,0,31.9,true
100,Villach Stadt,1932,366,92,67,14,0,34.2,true
100,Villach Stadt,1933,365,92,30,9,0,32.8,true
100,Villach Stadt,1934,365,92,43,2,0,30.2,true
100,Villach Stadt,1935,365,92,54,10,2,36.8,true
100,Villach Stadt,1936,366,92,44,4,0,31.3,true
100,Villach Stadt,1937,365,92,49,1,0,32.0,true
100,Villach Stadt,1938,365,92,46,4,0,30.7,true
100,Villach Stadt,1939,365,92,41,5,0,32.9,true
100,Villach Stadt,1940,366,92,29,0,0,28.8,true
100,Villach Stadt,1943,365,92,55,8,0,33.6,true
100,Villach Stadt,1944,366,92,50,8,0,33.1,true
100,Villach Stadt,1945,365,92,59,9,0,33.2,true
100,Villach Stadt,1946,365,92,51,8,0,32.1,true
100,Villach Stadt,1947,243,92,53,10,1,35.6,true
100,Villach Stadt,1948,335,92,45,5,0,30.6,true
100,Villach Stadt,1949,365,92,57,9,0,32.6,true
100,Villach Stadt,1950,365,92,84,23,3,36.1,true
100,Villach Stadt,1951,365,92,64,6,0,31.6,true
100,Villach Stadt,1952,366,92,58,19,0,34.0,true
100,Villach Stadt,1953,365,92,56,4,0,30.7,true
100,Villach Stadt,1954,365,92,48,0,0,29.6,true
100,Villach Stadt,1955,245,92,29,2,0,31.0,true
100,Villach Stadt,1956,366,92,46,2,0,30.5,true
100,Villach Stadt,1957,365,92,44,9,0,34.5,true
100,Villach Stadt,1958,365,92,57,8,0,31.5,true
100,Villach Stadt,1959,365,92,46,1,0,30.0,true
100,Villach Stadt,1960,366,92,33,2,0,30.5,true
100,Villach Stadt,1961,365,92,56,9,0,32.5,true
100,Villach Stadt,1962,365,92,46,7,0,32.5,true
100,Villach Stadt,1963,365,92,49,13,0,32.0,true
100,Villach Stadt,1964,366,92,55,3,0,30.3,true
100,Villach Stadt,1965,365,92,36,6,0,32.5,true
100,Villach Stadt,1966,365,92,45,6,0,31.0,true
100,Villach Stadt,1967,365,92,47,6,0,32.0,true
100,Villach Stadt,1968,366,92,30,5,0,33.0,true
100,Villach Stadt,1969,275,92,55,7,0,32.4,true
100,Villach Stadt,1970,365,92,51,7,0,31.6,true
100,Villach Stadt,1971,365,92,56,9,0,34.8,true
100,Villach Stadt,1972,352,78,37,8,0,31.6,false
100,Villach Stadt,1973,365,92,56,6,0,31.4,true
100,Villach Stadt,1974,365,92,46,7,0,32.6,true
100,Villach Stadt,1975,365,92,55,1,0,30.8,true
100,Villach Stadt,1976,366,92,47,6,0,32.8,true
100,Villach Stadt,1977,365,92,39,2,0,30.4,true
100,Villach Stadt,1978,365,92,34,0,0,28.7,true
100,Villach Stadt,1979,365,92,52,1,0,30.1,true
100,Villach Stadt,1980,366,92,31,4,0,32.1,true
100,Villach Stadt,1981,365,92,40,6,0,31.4,true
100,Villach Stadt,1982,214,92,64,6,0,31.5,true
100,Villach Stadt,1983,365,92,68,17,3,37.4,true
100,Villach Stadt,1984,366,92,38,9,2,35.6,true
100,Villach Stadt,1985,365,92,64,10,0,31.2,true
100,Villach Stadt,1986,365,92,67,12,0,33.0,true
100,Villach Stadt,1987,365,92,68,8,0,31.0,true
100,Villach Stadt,1988,366,92,59,18,0,34.0,true
100,Villach Stadt,1989,365,92,47,3,0,30.9,true
100,Villach Stadt,1990,365,92,59,4,0,31.9,true
100,Villach Stadt,1991,365,92,72,13,0,34.4,true
100,Villach Stadt,1992,366,92,85,30,4,35.5,true
100,Villach Stadt,1993,365,92,69,19,0,34.0,true
100,Villach Stadt,1994,365,92,75,22,0,33.4,true
100,Villach Stadt,1995,365,92,52,9,0,32.4,true
100,Villach Stadt,1996,366,92,46,6,0,32.1,true
100,Villach Stadt,1997,365,92,71,0,0,29.2,true
100,Villach Stadt,1998,365,92,62,19,0,33.0,true
100,Villach Stadt,1999,365,92,53,8,0,33.4,true
100,Villach Stadt,2000,366,92,69,16,0,34.3,true
100,Villach Stadt,2001,365,92,74,16,0,33.0,true
100,Villach Stadt,2002,365,92,62,12,1,35.8,true
100,Villach Stadt,2003,365,92,101,42,2,37.1,true
100,Villach Stadt,2004,366,92,61,12,0,32.9,true
100,Villach Stadt,2005,365,92,64,16,0,33.4,true
100,Villach Stadt,2006,365,92,67,34,3,36.6,true
100,Villach Stadt,2007,365,92,78,24,4,36.0,true
100,Villach Stadt,2008,366,92,79,16,0,33.8,true
100,Villach Stadt,2009,365,92,82,23,0,33.9,true
100,Villach Stadt,2010,365,92,68,22,2,35.1,true
100,Villach Stadt,2011,365,92,80,20,0,34.5,true
100,Villach Stadt,2012,366,92,82,29,2,35.3,true
100,Villach Stadt,2013,365,92,73,32,12,38.8,true
100,Villach Stadt,2014,365,92,55,13,0,33.8,true
100,Villach Stadt,2015,365,92,78,41,2,36.4,true
100,Villach Stadt,2016,366,92,75,14,0,33.0,true
100,Villach Stadt,2017,365,92,82,31,1,35.0,true
100,Villach Stadt,2018,365,92,99,23,0,33.9,true
100,Villach Stadt,2019,365,92,86,32,4,36.0,true
100,Villach Stadt,2020,366,92,73,16,0,34.2,true
100,Villach Stadt,2021,365,92,79,25,0,34.1,true
100,Villach Stadt,2022,365,92,97,33,2,35.9,true
100,Villach Stadt,2023,365,92,81,24,0,34.6,true
100,Villach Stadt,2024,366,92,91,38,0,34.3,true
100,Villach Stadt,2025,365,92,90,32,4,37.9,true
100,Villach Stadt,2026,242,91,94,53,6,37.2,true
188,Völkermarkt-Goldbrunnhof,1950,31,0,0,0,0,10.0,false
188,Völkermarkt-Goldbrunnhof,1951,365,92,58,6,0,30.6,true
188,Völkermarkt-Goldbrunnhof,1952,366,92,59,18,0,34.2,true
188,Völkermarkt-Goldbrunnhof,1953,365,92,48,4,0,30.6,true
188,Völkermarkt-Goldbrunnhof,1954,365,92,40,0,0,28.7,true
188,Völkermarkt-Goldbrunnhof,1955,365,92,31,2,0,30.3,true
188,Völkermarkt-Goldbrunnhof,1956,366,92,39,1,0,30.0,true
188,Völkermarkt-Goldbrunnhof,1957,365,92,39,8,0,34.6,true
188,Völkermarkt-Goldbrunnhof,1958,365,92,51,8,0,31.6,true
188,Völkermarkt-Goldbrunnhof,1959,334,92,35,0,0,29.9,true
188,Völkermarkt-Goldbrunnhof,1960,366,92,31,4,0,30.8,true
188,Völkermarkt-Goldbrunnhof,1961,365,92,52,11,0,32.8,true
188,Völkermarkt-Goldbrunnhof,1962,345,92,45,5,0,31.2,true
188,Völkermarkt-Goldbrunnhof,1963,365,92,49,6,0,32.2,true
188,Völkermarkt-Goldbrunnhof,1964,346,72,37,2,0,30.0,false
188,Völkermarkt-Goldbrunnhof,1965,340,67,27,2,0,31.9,false
188,Völkermarkt-Goldbrunnhof,1966,365,92,36,2,0,31.0,true
188,Völkermarkt-Goldbrunnhof,1967,365,92,43,9,0,31.5,true
188,Völkermarkt-Goldbrunnhof,1968,366,92,29,4,0,33.1,true
188,Völkermarkt-Goldbrunnhof,1969,365,92,47,4,0,31.5,true
188,Völkermarkt-Goldbrunnhof,1970,365,92,48,3,0,30.4,true
188,Völkermarkt-Goldbrunnhof,1971,365,92,51,8,0,33.1,true
188,Völkermarkt-Goldbrunnhof,1972,366,92,34,7,0,31.5,true
188,Völkermarkt-Goldbrunnhof,1973,365,92,51,1,0,30.3,true
188,Völkermarkt-Goldbrunnhof,1974,365,92,35,6,0,32.2,true
188,Völkermarkt-Goldbrunnhof,1975,365,92,43,1,0,31.5,true
188,Völkermarkt-Goldbrunnhof,1976,366,92,42,6,0,32.2,true
188,Völkermarkt-Goldbrunnhof,1977,365,92,47,4,0,31.0,true
188,Völkermarkt-Goldbrunnhof,1978,90,0,0,0,0,19.1,false
188,Völkermarkt-Goldbrunnhof,2008,161,39,35,0,0,29.9,false
188,Völkermarkt-Goldbrunnhof,2009,365,92,70,16,0,32.3,true
188,Völkermarkt-Goldbrunnhof,2010,365,92,63,22,3,36.4,true
188,Völkermarkt-Goldbrunnhof,2011,365,92,77,18,0,34.3,true
188,Völkermarkt-Goldbrunnhof,2012,366,92,81,29,0,34.8,true
188,Völkermarkt-Goldbrunnhof,2013,365,92,73,29,9,37.7,true
188,Völkermarkt-Goldbrunnhof,2014,365,92,49,10,0,33.9,true
188,Völkermarkt-Goldbrunnhof,2015,357,92,77,39,2,35.5,true
188,Völkermarkt-Goldbrunnhof,2016,366,92,74,12,0,32.5,true
188,Völkermarkt-Goldbrunnhof,2017,365,92,74,25,0,34.6,true
188,Völkermarkt-Goldbrunnhof,2018,365,92,89,20,0,34.1,true
188,Völkermarkt-Goldbrunnhof,2019,365,92,75,21,2,36.0,true
188,Völkermarkt-Goldbrunnhof,2020,366,92,62,10,0,33.3,true
188,Völkermarkt-Goldbrunnhof,2021,365,92,69,20,0,32.7,true
188,Völkermarkt-Goldbrunnhof,2022,365,92,87,22,1,35.0,true
188,Völkermarkt-Goldbrunnhof,2023,365,92,70,19,0,33.4,true
188,Völkermarkt-Goldbrunnhof,2024,366,92,86,34,0,33.4,true
188,Völkermarkt-Goldbrunnhof,2025,365,92,82,32,3,37.0,true
188,Völkermarkt-Goldbrunnhof,2026,242,91,89,43,6,36.9,true
101,Waidhofen an der Ybbs,1924,31,0,0,0,0,9.0,false
101,Waidhofen an der Ybbs,1925,120,0,0,0,0,18.4,false
101,Waidhofen an der Ybbs,1926,334,92,26,1,0,30.2,true
101,Waidhofen an der Ybbs,1927,365,92,38,3,0,33.4,true
101,Waidhofen an der Ybbs,1928,366,92,44,10,0,32.3,true
101,Waidhofen an der Ybbs,1929,365,92,45,4,0,33.0,true
101,Waidhofen an der Ybbs,1930,365,92,46,3,0,31.2,true
101,Waidhofen an der Ybbs,1931,365,92,52,10,0,32.0,true
101,Waidhofen an der Ybbs,1932,361,87,51,4,0,31.0,false
101,Waidhofen an der Ybbs,1933,365,92,25,4,0,30.4,true
101,Waidhofen an der Ybbs,1934,365,92,35,3,0,31.1,true
101,Waidhofen an der Ybbs,1935,365,92,45,7,0,33.0,true
101,Waidhofen an der Ybbs,1936,366,92,34,4,0,30.1,true
101,Waidhofen an der Ybbs,1937,365,92,52,3,0,31.1,true
101,Waidhofen an der Ybbs,1938,365,92,44,3,0,32.1,true
101,Waidhofen an der Ybbs,1939,365,92,38,5,0,32.1,true
101,Waidhofen an der Ybbs,1940,366,92,30,0,0,29.1,true
101,Waidhofen an der Ybbs,1941,365,92,41,4,0,30.6,true
101,Waidhofen an der Ybbs,1942,365,92,53,11,0,32.8,true
101,Waidhofen an der Ybbs,1943,365,92,43,12,2,35.0,true
101,Waidhofen an der Ybbs,1944,366,92,48,7,0,31.2,true
101,Waidhofen an der Ybbs,1945,365,92,57,11,0,34.5,true
101,Waidhofen an der Ybbs,1946,365,92,53,12,0,33.2,true
101,Waidhofen an der Ybbs,1947,365,92,70,25,1,35.8,true
101,Waidhofen an der Ybbs,1948,366,92,41,5,0,31.4,true
101,Waidhofen an der Ybbs,1949,365,92,42,9,0,33.3,true
101,Waidhofen an der Ybbs,1950,365,92,66,15,3,39.3,true
101,Waidhofen an der Ybbs,1951,365,92,49,4,0,32.0,true
101,Waidhofen an der Ybbs,1952,366,92,52,11,1,35.3,true
101,Waidhofen an der Ybbs,1953,365,92,44,4,0,32.4,true
101,Waidhofen an der Ybbs,1954,365,92,35,2,0,32.5,true
101,Waidhofen an der Ybbs,1955,365,92,28,1,0,30.0,true
101,Waidhofen an der Ybbs,1956,366,92,35,1,0,30.9,true
101,Waidhofen an der Ybbs,1957,365,92,41,9,4,37.1,true
101,Waidhofen an der Ybbs,1958,365,92,47,5,0,34.7,true
101,Waidhofen an der Ybbs,1959,365,92,39,3,0,32.9,true
101,Waidhofen an der Ybbs,1960,366,92,32,2,0,31.1,true
101,Waidhofen an der Ybbs,1961,365,92,47,7,0,31.5,true
101,Waidhofen an der Ybbs,1962,365,92,45,4,0,32.4,true
101,Waidhofen an der Ybbs,1963,365,92,41,10,1,35.2,true
101,Waidhofen an der Ybbs,1964,366,92,54,6,0,31.4,true
101,Waidhofen an der Ybbs,1965,365,92,28,5,0,32.1,true
101,Waidhofen an der Ybbs,1966,365,92,37,2,0,31.9,true
101,Waidhofen an der Ybbs,1967,365,92,48,11,0,32.6,true
101,Waidhofen an der Ybbs,1968,366,92,45,6,0,33.8,true
101,Waidhofen an der Ybbs,1969,365,92,50,5,0,31.4,true
101,Waidhofen an der Ybbs,1970,365,92,44,2,0,31.0,true
101,Waidhofen an der Ybbs,1971,365,92,50,12,0,34.8,true
101,Waidhofen an der Ybbs,1972,366,92,33,6,0,33.7,true
101,Waidhofen an der Ybbs,1973,365,92,48,2,0,31.8,true
101,Waidhofen an der Ybbs,1974,365,92,32,5,0,32.5,true
101,Waidhofen an der Ybbs,1975,365,92,48,0,0,29.5,true
101,Waidhofen an der Ybbs,1976,366,92,42,7,0,33.2,true
101,Waidhofen an der Ybbs,1977,365,92,39,2,0,31.1,true
101,Waidhofen an der Ybbs,1978,365,92,31,1,0,30.6,true
101,Waidhofen an der Ybbs,1979,365,92,44,4,0,31.9,true
101,Waidhofen an der Ybbs,1980,366,92,30,2,0,31.3,true
101,Waidhofen an der Ybbs,1981,365,92,46,7,0,32.4,true
101,Waidhofen an der Ybbs,1982,365,92,52,4,0,30.9,true
101,Waidhofen an der Ybbs,1983,365,92,72,13,1,37.3,true
101,Waidhofen an der Ybbs,1984,366,92,30,5,1,36.4,true
101,Waidhofen an der Ybbs,1985,365,92,51,8,0,32.7,true
101,Waidhofen an der Ybbs,1986,365,92,61,9,0,33.0,true
101,Waidhofen an der Ybbs,1987,365,92,55,9,0,32.8,true
101,Waidhofen an der Ybbs,1988,305,92,46,12,0,34.4,true
101,Waidhofen an der Ybbs,1989,153,31,17,1,0,31.7,false
101,Waidhofen an der Ybbs,1990,365,92,36,4,0,30.0,true
101,Waidhofen an der Ybbs,1991,365,92,28,2,0,31.0,true
101,Waidhofen an der Ybbs,1992,366,92,44,16,0,34.0,true
101,Waidhofen an der Ybbs,1993,365,92,41,4,0,31.0,true
101,Waidhofen an der Ybbs,1994,365,92,55,17,0,32.5,true
101,Waidhofen an der Ybbs,1995,365,92,47,6,0,33.5,true
101,Waidhofen an der Ybbs,1996,366,92,34,6,0,31.0,true
101,Waidhofen an der Ybbs,1997,365,92,39,1,0,31.2,true
101,Waidhofen an der Ybbs,1998,365,92,48,7,1,35.0,true
101,Waidhofen an der Ybbs,1999,334,92,32,2,0,32.5,true
101,Waidhofen an der Ybbs,2000,214,92,39,11,0,32.5,true
101,Waidhofen an der Ybbs,2001,365,92,42,7,0,32.0,true
101,Waidhofen an der Ybbs,2002,288,45,30,6,0,34.0,false
101,Waidhofen an der Ybbs,2003,306,92,73,26,2,36.1,true
101,Waidhofen an der Ybbs,2004,336,62,31,2,0,30.0,false
101,Waidhofen an der Ybbs,2005,365,92,52,9,2,35.6,true
101,Waidhofen an der Ybbs,2006,365,92,55,18,0,33.7,true
101,Waidhofen an der Ybbs,2007,365,92,73,18,1,35.7,true
101,Waidhofen an der Ybbs,2008,366,92,66,19,0,33.4,true
101,Waidhofen an der Ybbs,2009,365,92,64,13,1,37.9,true
101,Waidhofen an der Ybbs,2010,365,92,55,22,1,35.4,true
101,Waidhofen an der Ybbs,2011,365,92,80,21,2,38.3,true
101,Waidhofen an der Ybbs,2012,366,92,80,31,1,35.1,true
101,Waidhofen an der Ybbs,2013,365,92,73,28,9,39.2,true
101,Waidhofen an der Ybbs,2014,365,92,62,14,1,35.7,true
101,Waidhofen an der Ybbs,2015,365,92,77,45,15,37.0,true
101,Waidhofen an der Ybbs,2016,366,92,84,18,0,34.9,true
101,Waidhofen an der Ybbs,2017,365,92,80,37,2,37.2,true
101,Waidhofen an der Ybbs,2018,365,92,102,30,1,36.7,true
101,Waidhofen an der Ybbs,2019,365,92,79,25,4,36.0,true
101,Waidhofen an der Ybbs,2020,366,92,66,12,0,33.3,true
101,Waidhofen an der Ybbs,2021,365,92,62,12,0,33.6,true
101,Waidhofen an der Ybbs,2022,365,92,71,16,0,34.2,true
101,Waidhofen an der Ybbs,2023,365,92,77,27,1,35.6,true
101,Waidhofen an der Ybbs,2024,366,92,89,34,0,34.2,true
101,Waidhofen an der Ybbs,2025,365,92,66,20,0,33.8,true
101,Waidhofen an der Ybbs,2026,242,91,82,45,10,39.2,true
160,Waizenkirchen,1948,366,92,43,4,0,32.0,true
160,Waizenkirchen,1949,365,92,42,10,0,34.0,true
160,Waizenkirchen,1950,365,92,67,21,3,37.0,true
160,Waizenkirchen,1951,365,92,53,13,0,32.4,true
160,Waizenkirchen,1952,366,92,55,14,2,35.0,true
160,Waizenkirchen,1953,365,92,59,7,0,32.1,true
160,Waizenkirchen,1954,365,92,39,5,0,30.0,true
160,Waizenkirchen,1955,365,92,39,1,0,31.0,true
160,Waizenkirchen,1956,366,92,44,1,0,30.0,true
160,Waizenkirchen,1957,365,92,49,14,5,38.0,true
160,Waizenkirchen,1958,365,92,54,9,0,34.0,true
160,Waizenkirchen,1959,365,92,48,6,0,32.0,true
160,Waizenkirchen,1960,366,92,35,4,0,31.0,true
160,Waizenkirchen,1961,365,92,50,7,0,32.0,true
160,Waizenkirchen,1962,365,92,48,9,0,32.0,true
160,Waizenkirchen,1963,365,92,52,10,0,32.0,true
160,Waizenkirchen,1964,366,92,54,8,0,32.0,true
160,Waizenkirchen,1965,365,92,26,5,0,32.0,true
160,Waizenkirchen,1966,365,92,32,1,0,30.0,true
160,Waizenkirchen,1967,365,92,54,10,0,32.0,true
160,Waizenkirchen,1968,366,92,43,6,0,33.0,true
160,Waizenkirchen,1969,365,92,56,9,0,31.0,true
160,Waizenkirchen,1970,365,92,41,2,0,30.9,true
160,Waizenkirchen,1971,365,92,50,11,0,34.5,true
160,Waizenkirchen,1972,366,92,36,9,0,32.3,true
160,Waizenkirchen,1973,365,92,47,2,0,31.8,true
160,Waizenkirchen,1974,365,92,31,4,0,32.5,true
160,Waizenkirchen,1975,365,92,50,0,0,29.5,true
160,Waizenkirchen,1976,366,92,50,7,0,33.0,true
160,Waizenkirchen,1977,365,92,32,0,0,28.7,true
160,Waizenkirchen,1978,364,92,28,0,0,28.6,true
160,Waizenkirchen,1979,363,92,32,3,0,30.2,true
160,Waizenkirchen,1980,362,91,22,2,0,30.2,false
160,Waizenkirchen,1981,365,92,38,4,0,31.4,true
160,Waizenkirchen,1982,365,92,50,0,0,29.8,true
160,Waizenkirchen,1983,365,92,59,9,1,36.4,true
160,Waizenkirchen,1984,366,92,23,3,0,32.8,true
160,Waizenkirchen,1985,365,92,36,3,0,32.0,true
160,Waizenkirchen,1986,365,92,46,4,0,31.6,true
160,Waizenkirchen,1987,365,92,33,2,0,31.2,true
160,Waizenkirchen,1988,366,92,29,6,0,33.0,true
160,Waizenkirchen,1989,365,92,29,1,0,31.0,true
160,Waizenkirchen,1990,365,92,42,3,0,31.2,true
160,Waizenkirchen,1991,365,92,37,4,0,32.2,true
160,Waizenkirchen,1992,366,92,57,19,1,35.6,true
160,Waizenkirchen,1993,365,92,41,6,0,31.4,true
160,Waizenkirchen,1994,365,92,57,25,0,34.2,true
160,Waizenkirchen,1995,365,92,49,9,0,34.4,true
160,Waizenkirchen,1996,366,92,31,3,0,32.2,true
160,Waizenkirchen,1997,365,92,51,1,0,31.0,true
160,Waizenkirchen,1998,365,92,57,10,1,35.0,true
160,Waizenkirchen,1999,365,92,43,3,0,34.6,true
160,Waizenkirchen,2000,366,92,54,13,0,33.2,true
160,Waizenkirchen,2001,365,92,48,9,0,32.2,true
160,Waizenkirchen,2002,365,92,54,9,0,33.5,true
160,Waizenkirchen,2003,365,92,86,27,1,36.0,true
160,Waizenkirchen,2004,366,92,43,3,0,30.8,true
160,Waizenkirchen,2005,365,92,49,10,0,34.2,true
160,Waizenkirchen,2006,365,92,52,16,0,33.6,true
160,Waizenkirchen,2007,365,92,62,10,0,34.4,true
160,Waizenkirchen,2008,366,92,60,9,0,32.6,true
160,Waizenkirchen,2009,365,92,44,3,0,33.0,true
160,Waizenkirchen,2010,365,92,43,15,0,32.8,true
160,Waizenkirchen,2011,365,92,59,11,1,35.0,true
160,Waizenkirchen,2012,361,92,61,13,0,34.5,true
160,Waizenkirchen,2013,365,92,53,18,1,35.6,true
160,Waizenkirchen,2014,361,92,41,7,0,33.9,true
160,Waizenkirchen,2015,365,92,63,32,4,35.9,true
160,Waizenkirchen,2016,366,92,61,5,0,32.3,true
160,Waizenkirchen,2017,365,92,66,19,0,34.5,true
160,Waizenkirchen,2018,365,92,82,24,0,34.9,true
160,Waizenkirchen,2019,365,92,71,16,0,34.2,true
160,Waizenkirchen,2020,366,92,52,10,0,32.5,true
160,Waizenkirchen,2021,365,92,55,9,0,32.4,true
160,Waizenkirchen,2022,365,92,69,12,0,33.9,true
160,Waizenkirchen,2023,365,92,64,20,0,34.9,true
160,Waizenkirchen,2024,156,4,3,0,0,27.0,false
160,Waizenkirchen,2026,31,31,27,13,3,37.4,false
103,Weitensfeld,1953,365,92,27,0,0,29.0,true
103,Weitensfeld,1954,365,92,25,0,0,27.5,true
103,Weitensfeld,1955,365,92,15,0,0,29.3,true
103,Weitensfeld,1956,366,92,26,0,0,28.8,true
103,Weitensfeld,1957,365,92,31,6,0,33.4,true
103,Weitensfeld,1958,365,92,42,1,0,30.5,true
103,Weitensfeld,1959,365,92,25,0,0,29.3,true
103,Weitensfeld,1960,366,92,19,0,0,29.6,true
103,Weitensfeld,1961,365,92,44,3,0,30.6,true
103,Weitensfeld,1962,365,92,33,1,0,30.2,true
103,Weitensfeld,1963,365,92,38,1,0,30.2,true
103,Weitensfeld,1964,366,92,42,0,0,29.0,true
103,Weitensfeld,1965,365,92,24,5,0,31.8,true
103,Weitensfeld,1966,365,92,30,2,0,30.3,true
103,Weitensfeld,1967,365,92,42,2,0,30.9,true
103,Weitensfeld,1968,366,92,18,3,0,32.0,true
103,Weitensfeld,1969,365,92,29,2,0,30.8,true
103,Weitensfeld,1970,365,92,40,1,0,30.1,true
103,Weitensfeld,1971,365,92,46,3,0,31.7,true
103,Weitensfeld,1972,366,92,29,2,0,30.3,true
103,Weitensfeld,1973,365,92,38,1,0,30.4,true
103,Weitensfeld,1974,365,92,30,5,0,31.1,true
103,Weitensfeld,1975,365,92,30,1,0,30.1,true
103,Weitensfeld,1976,366,92,33,2,0,30.2,true
103,Weitensfeld,1977,365,92,23,0,0,29.0,true
103,Weitensfeld,1978,365,92,15,0,0,28.0,true
103,Weitensfeld,1979,365,92,40,0,0,28.7,true
103,Weitensfeld,1980,366,92,25,2,0,30.9,true
103,Weitensfeld,1981,365,92,33,5,0,31.0,true
103,Weitensfeld,1982,365,92,41,0,0,29.9,true
103,Weitensfeld,1983,365,92,49,10,2,35.4,true
103,Weitensfeld,1984,366,92,21,4,0,33.5,true
103,Weitensfeld,1985,365,92,43,0,0,29.8,true
103,Weitensfeld,1986,365,92,42,0,0,29.5,true
103,Weitensfeld,1987,365,92,27,0,0,29.4,true
103,Weitensfeld,1988,366,92,34,4,0,30.6,true
103,Weitensfeld,1989,365,92,18,0,0,28.5,true
103,Weitensfeld,1990,365,92,34,0,0,29.8,true
103,Weitensfeld,1991,365,92,29,1,0,30.3,true
103,Weitensfeld,1992,366,92,47,14,0,32.5,true
103,Weitensfeld,1993,365,92,41,0,0,29.5,true
103,Weitensfeld,1994,365,92,50,10,0,31.2,true
103,Weitensfeld,1995,365,92,35,1,0,30.1,true
103,Weitensfeld,1996,366,92,28,1,0,30.3,true
103,Weitensfeld,1997,365,92,35,0,0,28.1,true
103,Weitensfeld,1998,365,92,43,9,0,31.2,true
103,Weitensfeld,1999,365,92,29,2,0,31.2,true
103,Weitensfeld,2000,366,92,46,4,0,31.2,true
103,Weitensfeld,2001,365,92,49,3,0,30.1,true
103,Weitensfeld,2002,365,92,38,8,0,31.8,true
103,Weitensfeld,2003,344,92,80,16,0,33.3,true
103,Weitensfeld,2004,359,92,36,0,0,29.5,true
103,Weitensfeld,2005,365,92,32,6,0,31.3,true
103,Weitensfeld,2006,342,92,46,6,0,32.2,true
103,Weitensfeld,2007,354,92,41,9,0,33.0,true
103,Weitensfeld,2008,366,92,64,3,0,30.6,true
103,Weitensfeld,2009,365,92,56,7,0,31.0,true
103,Weitensfeld,2010,365,92,52,13,0,33.1,true
103,Weitensfeld,2011,365,92,59,12,0,33.5,true
103,Weitensfeld,2012,366,92,68,21,0,33.3,true
103,Weitensfeld,2013,365,92,63,19,4,35.7,true
103,Weitensfeld,2014,365,92,35,5,0,32.2,true
103,Weitensfeld,2015,365,92,62,21,0,33.5,true
103,Weitensfeld,2016,366,92,66,5,0,32.2,true
103,Weitensfeld,2017,365,92,68,14,0,33.5,true
103,Weitensfeld,2018,365,92,78,8,0,32.4,true
103,Weitensfeld,2019,365,92,64,17,1,35.2,true
103,Weitensfeld,2020,366,92,49,6,0,32.1,true
103,Weitensfeld,2021,365,92,55,12,0,32.2,true
103,Weitensfeld,2022,365,92,76,16,0,33.2,true
103,Weitensfeld,2023,365,92,57,15,0,32.1,true
103,Weitensfeld,2024,366,92,79,20,0,32.2,true
103,Weitensfeld,2025,365,92,70,22,1,35.2,true
103,Weitensfeld,2026,242,91,80,33,0,34.3,true
148,Weitra,1936,366,92,17,0,0,29.0,true
148,Weitra,1937,365,92,23,2,0,32.0,true
148,Weitra,1938,365,92,23,1,0,30.2,true
148,Weitra,1939,365,92,15,0,0,29.8,true
148,Weitra,1940,366,92,9,0,0,27.4,true
148,Weitra,1941,365,92,21,1,0,31.6,true
148,Weitra,1942,365,92,32,0,0,28.6,true
148,Weitra,1943,365,92,26,5,1,35.1,true
148,Weitra,1944,366,92,29,0,0,28.9,true
148,Weitra,1945,304,31,27,6,0,33.2,false
148,Weitra,1946,365,92,33,2,0,31.5,true
148,Weitra,1947,365,92,56,13,0,33.5,true
148,Weitra,1948,366,92,22,3,0,31.5,true
148,Weitra,1949,365,92,27,3,0,31.2,true
148,Weitra,1950,365,92,37,8,0,34.0,true
148,Weitra,1951,120,0,0,0,0,12.4,false
148,Weitra,1952,213,61,20,5,0,32.1,false
148,Weitra,1953,128,0,1,0,0,25.0,false
148,Weitra,1954,130,0,0,0,0,22.1,false
148,Weitra,1955,365,92,9,0,0,28.8,true
148,Weitra,1956,366,92,20,1,0,30.6,true
148,Weitra,1957,365,92,21,7,0,34.1,true
148,Weitra,1958,365,92,33,4,0,31.2,true
148,Weitra,1959,365,92,24,1,0,31.8,true
148,Weitra,1960,366,92,18,0,0,29.9,true
148,Weitra,1961,365,92,33,6,0,32.2,true
148,Weitra,1962,365,92,32,5,0,31.5,true
148,Weitra,1963,365,92,23,2,0,33.5,true
148,Weitra,1964,366,92,34,3,0,30.8,true
148,Weitra,1965,365,92,15,3,0,31.2,true
148,Weitra,1966,365,92,15,2,0,31.2,true
148,Weitra,1967,365,92,34,3,0,31.0,true
148,Weitra,1968,366,92,24,1,0,31.3,true
148,Weitra,1969,365,92,29,3,0,31.7,true
148,Weitra,1970,365,92,30,0,0,29.0,true
148,Weitra,1971,365,92,34,6,0,34.1,true
148,Weitra,1972,366,92,23,2,0,31.0,true
148,Weitra,1973,365,92,30,2,0,31.2,true
148,Weitra,1974,365,92,20,4,0,33.5,true
148,Weitra,1975,365,92,24,0,0,29.5,true
148,Weitra,1976,366,92,28,5,0,31.2,true
148,Weitra,1977,365,92,23,0,0,28.0,true
148,Weitra,1978,365,92,11,0,0,27.1,true
148,Weitra,1979,365,92,32,0,0,29.0,true
148,Weitra,1980,366,92,15,1,0,30.2,true
148,Weitra,1981,365,92,36,2,0,30.8,true
148,Weitra,1982,365,92,30,0,0,29.7,true
148,Weitra,1983,365,92,46,4,1,35.5,true
148,Weitra,1984,366,92,14,2,0,33.0,true
148,Weitra,1985,365,92,29,2,0,30.6,true
148,Weitra,1986,365,92,38,2,0,31.4,true
148,Weitra,1987,365,92,29,0,0,29.8,true
148,Weitra,1988,366,92,31,4,0,32.7,true
148,Weitra,1989,365,92,23,1,0,30.6,true
148,Weitra,1990,365,92,40,4,0,30.7,true
148,Weitra,1991,365,92,28,3,0,31.7,true
148,Weitra,1992,366,92,44,15,0,33.2,true
148,Weitra,1993,365,92,35,4,0,31.4,true
148,Weitra,1994,365,92,52,17,0,33.7,true
148,Weitra,1995,365,92,41,2,0,33.4,true
148,Weitra,1996,366,92,29,1,0,30.0,true
148,Weitra,1997,365,92,38,0,0,29.5,true
148,Weitra,1998,365,92,47,12,1,35.2,true
148,Weitra,1999,365,92,29,4,0,33.2,true
148,Weitra,2000,350,92,50,12,0,33.2,true
148,Weitra,2001,365,92,43,7,0,31.6,true
148,Weitra,2002,365,92,43,5,0,31.7,true
148,Weitra,2003,365,92,65,21,0,33.8,true
148,Weitra,2004,366,92,33,1,0,30.0,true
148,Weitra,2005,365,92,29,4,0,32.8,true
148,Weitra,2006,365,92,44,7,0,32.0,true
148,Weitra,2007,365,92,51,10,0,34.9,true
148,Weitra,2008,366,92,46,1,0,30.6,true
148,Weitra,2009,365,92,39,5,1,35.5,true
148,Weitra,2010,365,92,35,15,0,33.0,true
148,Weitra,2011,365,92,50,9,1,35.1,true
148,Weitra,2012,366,92,58,14,1,36.5,true
148,Weitra,2013,365,92,41,15,1,35.3,true
148,Weitra,2014,365,92,30,6,0,32.4,true
148,Weitra,2015,365,92,60,33,4,35.7,true
148,Weitra,2016,366,92,58,4,0,32.8,true
148,Weitra,2017,365,92,63,16,2,35.9,true
148,Weitra,2018,365,92,72,14,0,34.4,true
148,Weitra,2019,365,92,62,15,2,35.5,true
148,Weitra,2020,366,92,47,3,0,32.1,true
148,Weitra,2021,365,92,48,6,0,32.1,true
148,Weitra,2022,365,92,54,13,0,34.1,true
148,Weitra,2023,365,92,69,17,1,35.8,true
148,Weitra,2024,366,92,71,22,0,33.8,true
148,Weitra,2025,365,92,55,12,0,33.6,true
148,Weitra,2026,240,89,68,24,5,37.4,false
104,Weyer,1968,214,92,30,5,0,33.0,true
104,Weyer,1969,365,92,46,4,0,30.7,true
104,Weyer,1970,365,92,43,4,0,31.2,true
104,Weyer,1971,365,92,43,9,0,34.9,true
104,Weyer,1972,365,92,32,5,0,34.9,true
104,Weyer,1973,365,92,44,3,0,32.4,true
104,Weyer,1974,362,91,32,5,1,36.0,false
104,Weyer,1975,364,92,44,2,0,30.8,true
104,Weyer,1976,349,92,37,5,0,32.0,true
104,Weyer,1977,361,90,40,1,0,30.0,false
104,Weyer,1978,365,92,30,1,0,30.2,true
104,Weyer,1979,357,92,44,2,0,31.6,true
104,Weyer,1980,366,92,31,3,0,33.8,true
104,Weyer,1981,365,92,48,9,0,33.0,true
104,Weyer,1982,365,92,50,9,0,31.2,true
104,Weyer,1983,365,92,72,15,2,37.0,true
104,Weyer,1984,366,92,30,7,1,36.0,true
104,Weyer,1985,365,92,52,9,0,34.5,true
104,Weyer,1986,365,92,63,10,0,33.4,true
104,Weyer,1987,365,92,53,8,0,31.7,true
104,Weyer,1988,366,92,44,9,0,33.7,true
104,Weyer,1989,365,92,42,3,0,32.1,true
104,Weyer,1990,365,92,48,7,0,30.7,true
104,Weyer,1991,365,92,46,4,0,32.1,true
104,Weyer,1992,366,92,64,25,4,36.2,true
104,Weyer,1993,365,92,55,10,0,33.8,true
104,Weyer,1994,365,92,64,26,3,35.8,true
104,Weyer,1995,365,92,59,17,1,35.6,true
104,Weyer,1996,366,92,47,8,0,33.6,true
104,Weyer,1997,365,92,66,4,0,34.3,true
104,Weyer,1998,365,92,60,19,2,35.9,true
104,Weyer,1999,365,92,62,9,1,35.6,true
104,Weyer,2000,366,92,71,20,0,34.5,true
104,Weyer,2001,365,92,65,13,1,35.1,true
104,Weyer,2002,365,92,70,13,1,35.3,true
104,Weyer,2003,365,92,94,38,4,36.1,true
104,Weyer,2004,366,92,49,8,0,31.9,true
104,Weyer,2005,365,92,55,12,1,36.0,true
104,Weyer,2006,212,61,46,21,0,34.2,false
104,Weyer,2007,122,0,1,0,0,25.2,false
104,Weyer,2008,366,92,61,13,0,34.9,true
104,Weyer,2009,365,92,60,14,1,36.9,true
104,Weyer,2010,365,92,49,20,0,34.3,true
104,Weyer,2011,365,92,72,17,2,35.8,true
104,Weyer,2012,366,92,66,22,1,35.0,true
104,Weyer,2013,365,92,62,21,8,37.3,true
104,Weyer,2014,365,92,57,14,1,35.2,true
104,Weyer,2015,365,92,69,38,10,36.3,true
104,Weyer,2016,366,92,70,8,0,33.4,true
104,Weyer,2017,365,92,68,27,2,35.9,true
104,Weyer,2018,365,92,95,25,1,35.2,true
104,Weyer,2019,365,92,81,22,3,36.5,true
104,Weyer,2020,366,92,64,12,0,33.4,true
104,Weyer,2021,365,92,67,14,0,34.6,true
104,Weyer,2022,365,92,71,19,1,35.4,true
104,Weyer,2023,365,92,79,34,2,36.0,true
104,Weyer,2024,366,92,88,37,1,35.6,true
104,Weyer,2025,365,92,68,21,0,34.4,true
104,Weyer,2026,242,91,80,44,10,39.6,true
105,Wien Hohe Warte,1855,334,92,67,21,0,34.8,true
105,Wien Hohe Warte,1856,366,92,62,27,0,34.8,true
105,Wien Hohe Warte,1857,365,92,81,24,5,37.0,true
105,Wien Hohe Warte,1858,365,92,66,14,0,34.3,true
105,Wien Hohe Warte,1859,365,92,68,32,7,37.3,true
105,Wien Hohe Warte,1860,366,92,53,13,1,35.0,true
105,Wien Hohe Warte,1861,334,92,76,28,3,35.6,true
105,Wien Hohe Warte,1862,304,92,70,19,3,35.1,true
105,Wien Hohe Warte,1863,365,92,85,33,5,37.3,true
105,Wien Hohe Warte,1864,366,92,50,8,0,32.0,true
105,Wien Hohe Warte,1865,364,92,68,18,0,34.0,true
105,Wien Hohe Warte,1866,365,92,65,10,0,33.3,true
105,Wien Hohe Warte,1867,365,92,69,15,0,33.3,true
105,Wien Hohe Warte,1868,366,92,84,19,0,32.8,true
105,Wien Hohe Warte,1869,365,92,62,12,1,35.9,true
105,Wien Hohe Warte,1870,365,92,51,11,1,35.6,true
105,Wien Hohe Warte,1871,365,92,49,6,0,31.6,true
105,Wien Hohe Warte,1872,366,92,57,8,0,34.4,true
105,Wien Hohe Warte,1873,365,92,59,16,1,35.0,true
105,Wien Hohe Warte,1874,365,92,60,8,0,33.0,true
105,Wien Hohe Warte,1875,365,92,48,8,0,33.4,true
105,Wien Hohe Warte,1876,366,92,45,5,0,30.8,true
105,Wien Hohe Warte,1877,365,92,56,10,0,34.9,true
105,Wien Hohe Warte,1878,365,92,35,3,0,31.6,true
105,Wien Hohe Warte,1879,365,92,41,5,0,32.1,true
105,Wien Hohe Warte,1880,366,92,40,7,0,32.4,true
105,Wien Hohe Warte,1881,365,92,52,10,0,33.5,true
105,Wien Hohe Warte,1882,365,92,35,6,1,35.3,true
105,Wien Hohe Warte,1883,365,92,46,6,0,34.1,true
105,Wien Hohe Warte,1884,366,92,35,7,0,33.3,true
105,Wien Hohe Warte,1885,365,92,57,9,0,32.0,true
105,Wien Hohe Warte,1886,365,92,57,7,0,32.6,true
105,Wien Hohe Warte,1887,365,92,50,13,0,33.8,true
105,Wien Hohe Warte,1888,366,92,36,2,0,30.9,true
105,Wien Hohe Warte,1889,365,92,40,6,0,33.3,true
105,Wien Hohe Warte,1890,365,92,35,7,0,33.3,true
105,Wien Hohe Warte,1891,365,92,30,2,0,32.0,true
105,Wien Hohe Warte,1892,366,92,40,8,2,36.2,true
105,Wien Hohe Warte,1893,365,92,47,3,0,34.2,true
105,Wien Hohe Warte,1894,365,92,39,10,0,34.6,true
105,Wien Hohe Warte,1895,365,92,50,7,0,32.0,true
105,Wien Hohe Warte,1896,366,92,32,2,0,33.0,true
105,Wien Hohe Warte,1897,365,92,38,3,0,32.6,true
105,Wien Hohe Warte,1898,365,92,38,2,0,31.0,true
105,Wien Hohe Warte,1899,365,92,38,5,0,31.7,true
105,Wien Hohe Warte,1900,365,92,35,5,0,32.2,true
105,Wien Hohe Warte,1901,365,92,51,2,0,32.0,true
105,Wien Hohe Warte,1902,365,92,32,2,0,30.8,true
105,Wien Hohe Warte,1903,365,92,36,1,0,31.0,true
105,Wien Hohe Warte,1904,366,92,44,9,0,33.1,true
105,Wien Hohe Warte,1905,365,92,42,3,0,32.7,true
105,Wien Hohe Warte,1906,365,92,29,0,0,28.8,true
105,Wien Hohe Warte,1907,365,92,39,0,0,29.6,true
105,Wien Hohe Warte,1908,366,92,34,2,0,32.3,true
105,Wien Hohe Warte,1909,365,92,28,0,0,28.9,true
105,Wien Hohe Warte,1910,365,92,20,1,0,30.4,true
105,Wien Hohe Warte,1911,365,92,47,6,0,31.1,true
105,Wien Hohe Warte,1912,366,92,11,0,0,29.0,true
105,Wien Hohe Warte,1913,365,92,14,0,0,28.0,true
105,Wien Hohe Warte,1914,365,92,30,0,0,28.0,true
105,Wien Hohe Warte,1915,365,92,22,0,0,29.0,true
105,Wien Hohe Warte,1916,366,92,25,1,0,31.8,true
105,Wien Hohe Warte,1917,365,92,54,3,0,31.1,true
105,Wien Hohe Warte,1918,365,92,22,0,0,29.2,true
105,Wien Hohe Warte,1919,365,92,24,1,0,31.2,true
105,Wien Hohe Warte,1920,366,92,20,0,0,29.8,true
105,Wien Hohe Warte,1921,365,92,41,10,0,33.3,true
105,Wien Hohe Warte,1922,365,92,38,4,0,31.6,true
105,Wien Hohe Warte,1923,365,92,37,2,0,31.0,true
105,Wien Hohe Warte,1924,366,92,17,0,0,28.2,true
105,Wien Hohe Warte,1925,365,92,24,0,0,28.3,true
105,Wien Hohe Warte,1926,365,92,18,0,0,28.0,true
105,Wien Hohe Warte,1927,365,92,36,1,0,31.3,true
105,Wien Hohe Warte,1928,366,92,48,10,0,33.0,true
105,Wien Hohe Warte,1929,365,92,47,5,0,32.2,true
105,Wien Hohe Warte,1930,365,92,43,4,0,31.6,true
105,Wien Hohe Warte,1931,365,92,49,7,0,33.7,true
105,Wien Hohe Warte,1932,366,92,56,5,0,31.4,true
105,Wien Hohe Warte,1933,365,92,28,6,0,32.3,true
105,Wien Hohe Warte,1934,365,92,45,8,0,31.8,true
105,Wien Hohe Warte,1935,365,92,46,4,0,33.8,true
105,Wien Hohe Warte,1936,366,92,41,1,0,30.0,true
105,Wien Hohe Warte,1937,365,92,44,1,0,30.0,true
105,Wien Hohe Warte,1938,365,92,43,8,0,31.0,true
105,Wien Hohe Warte,1939,365,92,39,5,0,32.9,true
105,Wien Hohe Warte,1940,366,92,16,0,0,28.8,true
105,Wien Hohe Warte,1941,365,92,24,0,0,27.8,true
105,Wien Hohe Warte,1942,365,92,37,2,0,30.7,true
105,Wien Hohe Warte,1943,365,92,35,5,0,34.0,true
105,Wien Hohe Warte,1944,366,92,35,0,0,29.3,true
105,Wien Hohe Warte,1945,365,92,56,6,1,35.5,true
105,Wien Hohe Warte,1946,365,92,52,11,0,32.0,true
105,Wien Hohe Warte,1947,365,92,67,12,0,34.2,true
105,Wien Hohe Warte,1948,366,92,38,2,0,31.5,true
105,Wien Hohe Warte,1949,365,92,39,6,0,31.2,true
105,Wien Hohe Warte,1950,365,92,58,8,2,36.1,true
105,Wien Hohe Warte,1951,365,92,42,1,0,30.2,true
105,Wien Hohe Warte,1952,366,92,49,13,0,33.9,true
105,Wien Hohe Warte,1953,365,92,61,7,0,32.2,true
105,Wien Hohe Warte,1954,365,92,51,7,0,31.3,true
105,Wien Hohe Warte,1955,365,92,37,1,0,31.2,true
105,Wien Hohe Warte,1956,366,92,47,3,0,31.6,true
105,Wien Hohe Warte,1957,365,92,53,10,4,38.3,true
105,Wien Hohe Warte,1958,365,92,52,9,0,33.0,true
105,Wien Hohe Warte,1959,365,92,44,5,0,32.7,true
105,Wien Hohe Warte,1960,366,92,35,2,0,30.4,true
105,Wien Hohe Warte,1961,365,92,52,11,0,33.7,true
105,Wien Hohe Warte,1962,365,92,58,14,0,34.1,true
105,Wien Hohe Warte,1963,365,92,60,17,0,33.7,true
105,Wien Hohe Warte,1964,366,92,59,17,0,33.5,true
105,Wien Hohe Warte,1965,365,92,38,5,0,31.6,true
105,Wien Hohe Warte,1966,365,92,34,2,0,30.8,true
105,Wien Hohe Warte,1967,365,92,51,17,0,33.3,true
105,Wien Hohe Warte,1968,366,92,47,10,0,34.3,true
105,Wien Hohe Warte,1969,365,92,53,6,0,32.8,true
105,Wien Hohe Warte,1970,365,92,48,4,0,31.9,true
105,Wien Hohe Warte,1971,365,92,59,15,0,34.9,true
105,Wien Hohe Warte,1972,366,92,42,13,0,31.7,true
105,Wien Hohe Warte,1973,365,92,58,9,0,32.5,true
105,Wien Hohe Warte,1974,365,92,49,11,1,36.1,true
105,Wien Hohe Warte,1975,365,92,56,0,0,29.8,true
105,Wien Hohe Warte,1976,366,92,46,8,0,34.0,true
105,Wien Hohe Warte,1977,365,92,54,2,0,30.0,true
105,Wien Hohe Warte,1978,365,92,38,2,0,30.0,true
105,Wien Hohe Warte,1979,365,92,52,6,0,31.4,true
105,Wien Hohe Warte,1980,366,92,30,4,0,30.6,true
105,Wien Hohe Warte,1981,365,92,57,11,0,32.3,true
105,Wien Hohe Warte,1982,365,92,68,6,0,32.0,true
105,Wien Hohe Warte,1983,365,92,77,21,1,36.0,true
105,Wien Hohe Warte,1984,366,92,39,8,0,33.2,true
105,Wien Hohe Warte,1985,365,92,56,11,0,33.4,true
105,Wien Hohe Warte,1986,365,92,66,13,0,32.7,true
105,Wien Hohe Warte,1987,365,92,54,5,0,32.6,true
105,Wien Hohe Warte,1988,366,92,56,19,2,36.0,true
105,Wien Hohe Warte,1989,365,92,47,4,0,32.0,true
105,Wien Hohe Warte,1990,365,92,60,16,0,33.5,true
105,Wien Hohe Warte,1991,365,92,52,12,0,33.9,true
105,Wien Hohe Warte,1992,366,92,71,28,4,36.4,true
105,Wien Hohe Warte,1993,365,92,63,15,0,33.1,true
105,Wien Hohe Warte,1994,365,92,75,28,0,34.4,true
105,Wien Hohe Warte,1995,365,92,64,15,0,33.4,true
105,Wien Hohe Warte,1996,366,92,45,6,0,31.2,true
105,Wien Hohe Warte,1997,365,92,63,3,0,31.4,true
105,Wien Hohe Warte,1998,365,92,65,20,1,35.2,true
105,Wien Hohe Warte,1999,365,92,58,9,1,35.3,true
105,Wien Hohe Warte,2000,366,92,73,26,3,37.0,true
105,Wien Hohe Warte,2001,365,92,66,21,1,35.4,true
105,Wien Hohe Warte,2002,365,92,77,18,1,35.1,true
105,Wien Hohe Warte,2003,365,92,102,40,3,37.6,true
105,Wien Hohe Warte,2004,366,92,54,9,0,32.4,true
105,Wien Hohe Warte,2005,365,92,65,12,1,35.6,true
105,Wien Hohe Warte,2006,365,92,61,22,0,34.9,true
105,Wien Hohe Warte,2007,365,92,84,22,4,36.8,true
105,Wien Hohe Warte,2008,366,92,74,8,0,32.4,true
105,Wien Hohe Warte,2009,365,92,74,14,0,33.5,true
105,Wien Hohe Warte,2010,365,92,56,15,0,34.1,true
105,Wien Hohe Warte,2011,365,92,77,18,2,35.7,true
105,Wien Hohe Warte,2012,366,92,89,31,2,36.3,true
105,Wien Hohe Warte,2013,365,92,68,26,5,38.5,true
105,Wien Hohe Warte,2014,365,92,60,13,0,33.2,true
105,Wien Hohe Warte,2015,365,92,78,42,17,37.1,true
105,Wien Hohe Warte,2016,366,92,85,20,0,33.7,true
105,Wien Hohe Warte,2017,365,92,85,38,2,38.4,true
105,Wien Hohe Warte,2018,365,92,113,37,1,35.2,true
105,Wien Hohe Warte,2019,365,92,87,38,4,37.0,true
105,Wien Hohe Warte,2020,366,92,76,21,1,35.9,true
105,Wien Hohe Warte,2021,365,92,83,24,1,36.7,true
105,Wien Hohe Warte,2022,365,92,93,31,5,36.3,true
105,Wien Hohe Warte,2023,365,92,91,32,3,36.2,true
105,Wien Hohe Warte,2024,366,92,102,45,3,35.0,true
105,Wien Hohe Warte,2025,365,92,84,27,2,36.8,true
105,Wien Hohe Warte,2026,242,91,94,48,17,39.8,true
106,Wien Mariabrunn,1936,366,92,49,7,0,31.5,true
106,Wien Mariabrunn,1937,365,92,61,6,0,31.8,true
106,Wien Mariabrunn,1938,365,92,49,14,0,32.5,true
106,Wien Mariabrunn,1939,365,92,68,11,0,34.2,true
106,Wien Mariabrunn,1940,366,92,38,2,0,31.7,true
106,Wien Mariabrunn,1941,365,92,38,1,0,30.3,true
106,Wien Mariabrunn,1942,365,92,60,12,0,34.9,true
106,Wien Mariabrunn,1943,365,92,58,11,3,36.6,true
106,Wien Mariabrunn,1944,366,92,48,11,0,32.4,true
106,Wien Mariabrunn,1945,28,0,0,0,0,13.7,false
106,Wien Mariabrunn,1947,184,62,53,24,1,37.5,false
106,Wien Mariabrunn,1948,366,92,60,9,0,34.6,true
106,Wien Mariabrunn,1949,365,92,54,13,0,33.2,true
106,Wien Mariabrunn,1950,365,92,81,24,3,36.8,true
106,Wien Mariabrunn,1951,365,92,59,9,0,32.8,true
106,Wien Mariabrunn,1952,366,92,71,26,4,37.0,true
106,Wien Mariabrunn,1953,365,92,62,10,0,33.6,true
106,Wien Mariabrunn,1954,365,92,55,15,0,31.4,true
106,Wien Mariabrunn,1955,365,92,43,3,0,31.7,true
106,Wien Mariabrunn,1956,366,92,52,4,0,32.5,true
106,Wien Mariabrunn,1957,365,92,49,11,4,38.9,true
106,Wien Mariabrunn,1958,365,92,51,10,0,33.1,true
106,Wien Mariabrunn,1959,365,92,43,4,0,32.5,true
106,Wien Mariabrunn,1960,366,92,31,1,0,30.3,true
106,Wien Mariabrunn,1961,365,92,52,11,0,34.0,true
106,Wien Mariabrunn,1962,365,92,53,12,0,33.0,true
106,Wien Mariabrunn,1963,365,92,60,16,0,34.8,true
106,Wien Mariabrunn,1964,366,92,57,11,0,33.4,true
106,Wien Mariabrunn,1965,365,92,39,10,0,32.7,true
106,Wien Mariabrunn,1966,365,92,44,6,0,31.7,true
106,Wien Mariabrunn,1967,365,92,62,18,0,33.9,true
106,Wien Mariabrunn,1968,366,92,51,13,0,34.4,true
106,Wien Mariabrunn,1969,365,92,61,9,0,33.5,true
106,Wien Mariabrunn,1970,365,92,50,8,0,31.8,true
106,Wien Mariabrunn,1971,365,92,65,18,1,35.8,true
106,Wien Mariabrunn,1972,366,92,42,11,0,32.8,true
106,Wien Mariabrunn,1973,365,92,56,14,0,33.4,true
106,Wien Mariabrunn,1974,365,92,47,9,2,36.8,true
106,Wien Mariabrunn,1975,365,92,65,5,0,30.3,true
106,Wien Mariabrunn,1976,366,92,48,12,1,35.1,true
106,Wien Mariabrunn,1977,365,92,60,6,0,31.3,true
106,Wien Mariabrunn,1978,365,92,42,3,0,31.3,true
106,Wien Mariabrunn,1979,365,92,56,8,0,31.8,true
106,Wien Mariabrunn,1980,366,92,33,5,0,31.5,true
106,Wien Mariabrunn,1981,365,92,55,11,0,32.7,true
106,Wien Mariabrunn,1982,365,92,61,7,0,31.4,true
106,Wien Mariabrunn,1983,365,92,69,15,1,35.6,true
106,Wien Mariabrunn,1984,366,92,40,6,0,32.8,true
106,Wien Mariabrunn,1985,365,92,54,6,0,33.2,true
106,Wien Mariabrunn,1986,365,92,64,13,0,32.3,true
106,Wien Mariabrunn,1987,365,92,54,6,0,32.5,true
106,Wien Mariabrunn,1988,366,92,54,18,2,36.2,true
106,Wien Mariabrunn,1989,365,92,36,4,0,31.7,true
106,Wien Mariabrunn,1990,151,0,2,0,0,26.4,false
106,Wien Mariabrunn,1991,303,92,49,9,0,34.2,true
106,Wien Mariabrunn,1992,31,0,0,0,0,11.4,false
106,Wien Mariabrunn,1993,151,0,12,0,0,29.5,false
106,Wien Mariabrunn,1994,273,92,69,27,0,34.9,true
106,Wien Mariabrunn,1997,350,92,59,3,0,30.7,true
106,Wien Mariabrunn,1998,365,92,59,18,1,35.2,true
106,Wien Mariabrunn,1999,365,92,53,8,0,34.6,true
106,Wien Mariabrunn,2000,366,92,71,24,3,36.9,true
106,Wien Mariabrunn,2001,365,92,61,17,0,34.7,true
106,Wien Mariabrunn,2002,365,92,67,12,0,34.1,true
106,Wien Mariabrunn,2003,365,92,99,39,3,37.4,true
106,Wien Mariabrunn,2004,366,92,52,9,0,32.9,true
106,Wien Mariabrunn,2005,365,92,60,10,1,35.0,true
106,Wien Mariabrunn,2006,365,92,59,21,1,35.2,true
106,Wien Mariabrunn,2007,365,92,75,18,2,36.5,true
106,Wien Mariabrunn,2008,366,92,71,8,0,32.3,true
106,Wien Mariabrunn,2009,365,92,72,12,0,33.1,true
106,Wien Mariabrunn,2010,365,92,52,16,0,33.9,true
106,Wien Mariabrunn,2011,365,92,79,17,2,36.1,true
106,Wien Mariabrunn,2012,366,92,87,32,3,36.3,true
106,Wien Mariabrunn,2013,365,92,67,27,6,38.3,true
106,Wien Mariabrunn,2014,365,92,64,12,0,33.7,true
106,Wien Mariabrunn,2015,365,92,76,41,13,37.5,true
106,Wien Mariabrunn,2016,366,92,84,17,0,34.3,true
106,Wien Mariabrunn,2017,365,92,79,36,1,37.6,true
106,Wien Mariabrunn,2018,365,92,109,32,2,35.4,true
106,Wien Mariabrunn,2019,365,92,86,38,4,37.6,true
106,Wien Mariabrunn,2020,366,92,71,16,1,35.0,true
106,Wien Mariabrunn,2021,365,92,78,23,2,36.1,true
106,Wien Mariabrunn,2022,365,92,93,28,1,36.3,true
106,Wien Mariabrunn,2023,365,92,88,33,4,36.2,true
106,Wien Mariabrunn,2024,366,92,97,45,1,35.0,true
106,Wien Mariabrunn,2025,365,92,82,23,1,36.4,true
106,Wien Mariabrunn,2026,242,91,94,50,14,39.9,true
107,Wien Unterlaa,1963,92,0,0,0,0,20.6,false
107,Wien Unterlaa,1964,366,92,59,15,0,33.8,true
107,Wien Unterlaa,1965,365,92,40,5,0,30.8,true
107,Wien Unterlaa,1966,365,92,43,5,0,31.1,true
107,Wien Unterlaa,1967,365,92,56,18,0,34.3,true
107,Wien Unterlaa,1968,366,92,50,10,0,34.6,true
107,Wien Unterlaa,1969,365,92,59,9,0,33.4,true
107,Wien Unterlaa,1970,365,92,59,22,1,35.0,true
107,Wien Unterlaa,1971,365,92,67,21,1,36.5,true
107,Wien Unterlaa,1972,366,92,47,14,0,32.8,true
107,Wien Unterlaa,1973,365,92,64,15,0,33.4,true
107,Wien Unterlaa,1974,365,92,53,12,2,36.9,true
107,Wien Unterlaa,1975,365,92,69,3,0,31.1,true
107,Wien Unterlaa,1976,366,92,45,10,0,34.5,true
107,Wien Unterlaa,1977,365,92,56,3,0,30.6,true
107,Wien Unterlaa,1978,365,92,41,2,0,31.1,true
107,Wien Unterlaa,1979,365,92,59,6,0,32.4,true
107,Wien Unterlaa,1980,366,92,34,4,0,32.6,true
107,Wien Unterlaa,1981,365,92,59,17,0,33.7,true
107,Wien Unterlaa,1982,365,92,73,7,0,32.1,true
107,Wien Unterlaa,1983,365,92,79,29,2,36.5,true
107,Wien Unterlaa,1984,366,92,40,8,0,33.0,true
107,Wien Unterlaa,1985,365,92,56,10,0,34.0,true
107,Wien Unterlaa,1986,365,92,70,16,0,33.1,true
107,Wien Unterlaa,1987,365,92,59,8,0,33.4,true
107,Wien Unterlaa,1988,366,92,58,19,2,36.5,true
107,Wien Unterlaa,1989,365,92,51,6,0,31.9,true
107,Wien Unterlaa,1990,365,92,59,13,0,33.3,true
107,Wien Unterlaa,1991,365,92,52,9,0,33.6,true
107,Wien Unterlaa,1992,366,92,75,31,7,37.7,true
107,Wien Unterlaa,1993,365,92,64,17,0,33.9,true
107,Wien Unterlaa,1994,365,92,81,33,0,34.9,true
107,Wien Unterlaa,1995,365,92,66,19,0,34.5,true
107,Wien Unterlaa,1996,366,92,42,5,0,30.7,true
107,Wien Unterlaa,1997,365,92,61,2,0,30.8,true
107,Wien Unterlaa,1998,365,92,64,19,1,35.8,true
107,Wien Unterlaa,1999,365,92,52,8,0,34.6,true
107,Wien Unterlaa,2000,366,92,70,22,2,36.3,true
107,Wien Unterlaa,2001,365,92,64,17,1,36.0,true
107,Wien Unterlaa,2002,365,92,74,14,0,34.9,true
107,Wien Unterlaa,2003,365,92,101,41,3,37.6,true
107,Wien Unterlaa,2004,366,92,53,11,0,32.4,true
107,Wien Unterlaa,2005,365,92,65,11,0,34.9,true
107,Wien Unterlaa,2006,365,92,60,21,1,35.2,true
107,Wien Unterlaa,2007,365,92,79,25,5,37.9,true
107,Wien Unterlaa,2008,366,92,73,11,0,32.7,true
107,Wien Unterlaa,2009,365,92,78,13,0,34.6,true
107,Wien Unterlaa,2010,365,92,54,16,0,34.0,true
107,Wien Unterlaa,2011,365,92,80,18,2,36.2,true
107,Wien Unterlaa,2012,366,92,86,35,5,36.3,true
107,Wien Unterlaa,2013,365,92,68,26,7,38.9,true
107,Wien Unterlaa,2014,365,92,62,14,0,33.4,true
107,Wien Unterlaa,2015,365,92,74,40,13,36.8,true
107,Wien Unterlaa,2016,366,92,77,14,0,33.6,true
107,Wien Unterlaa,2017,365,92,80,37,2,37.3,true
107,Wien Unterlaa,2018,365,92,107,31,1,35.9,true
107,Wien Unterlaa,2019,365,92,88,40,4,36.4,true
107,Wien Unterlaa,2020,366,92,79,20,0,34.7,true
107,Wien Unterlaa,2021,365,92,84,24,2,36.4,true
107,Wien Unterlaa,2022,365,92,93,33,6,36.9,true
107,Wien Unterlaa,2023,365,92,92,35,3,36.4,true
107,Wien Unterlaa,2024,366,92,99,47,1,35.3,true
107,Wien Unterlaa,2025,365,92,80,24,1,37.5,true
107,Wien Unterlaa,2026,242,91,91,48,15,39.9,true
112,Wiener Neustadt Flugplatz,1936,366,92,55,7,0,32.4,true
112,Wiener Neustadt Flugplatz,1937,365,92,59,4,0,30.8,true
112,Wiener Neustadt Flugplatz,1938,365,92,52,10,0,31.7,true
112,Wiener Neustadt Flugplatz,1939,365,92,56,12,0,33.2,true
112,Wiener Neustadt Flugplatz,1940,366,92,32,2,0,30.8,true
112,Wiener Neustadt Flugplatz,1941,365,92,36,3,0,30.0,true
112,Wiener Neustadt Flugplatz,1942,120,0,0,0,0,18.6,false
112,Wiener Neustadt Flugplatz,1948,122,0,13,0,0,28.4,false
112,Wiener Neustadt Flugplatz,1949,365,92,57,11,0,33.6,true
112,Wiener Neustadt Flugplatz,1950,365,92,70,16,3,37.4,true
112,Wiener Neustadt Flugplatz,1951,365,92,55,5,0,33.5,true
112,Wiener Neustadt Flugplatz,1952,366,92,61,20,1,36.7,true
112,Wiener Neustadt Flugplatz,1953,365,92,62,9,0,31.4,true
112,Wiener Neustadt Flugplatz,1954,365,92,48,1,0,30.7,true
112,Wiener Neustadt Flugplatz,1955,365,92,41,1,0,31.2,true
112,Wiener Neustadt Flugplatz,1956,366,92,52,5,0,33.6,true
112,Wiener Neustadt Flugplatz,1957,365,92,50,9,4,37.7,true
112,Wiener Neustadt Flugplatz,1958,365,92,52,12,0,33.5,true
112,Wiener Neustadt Flugplatz,1959,365,92,44,6,0,32.1,true
112,Wiener Neustadt Flugplatz,1960,335,92,32,1,0,30.1,true
112,Wiener Neustadt Flugplatz,1961,365,92,54,13,0,32.8,true
112,Wiener Neustadt Flugplatz,1962,365,92,59,14,0,33.4,true
112,Wiener Neustadt Flugplatz,1963,365,92,54,11,0,32.2,true
112,Wiener Neustadt Flugplatz,1964,366,92,58,12,0,32.8,true
112,Wiener Neustadt Flugplatz,1965,365,92,36,7,0,31.3,true
112,Wiener Neustadt Flugplatz,1966,365,92,36,3,0,30.9,true
112,Wiener Neustadt Flugplatz,1967,365,92,54,13,0,32.4,true
112,Wiener Neustadt Flugplatz,1968,366,92,43,7,0,34.5,true
112,Wiener Neustadt Flugplatz,1969,365,92,57,7,0,33.4,true
112,Wiener Neustadt Flugplatz,1970,365,92,50,10,0,32.9,true
112,Wiener Neustadt Flugplatz,1971,365,92,60,16,1,36.6,true
112,Wiener Neustadt Flugplatz,1972,366,92,41,6,0,32.1,true
112,Wiener Neustadt Flugplatz,1973,365,92,56,11,0,32.6,true
112,Wiener Neustadt Flugplatz,1974,365,92,42,12,1,35.4,true
112,Wiener Neustadt Flugplatz,1975,365,92,53,1,0,30.4,true
112,Wiener Neustadt Flugplatz,1976,366,92,42,7,0,34.9,true
112,Wiener Neustadt Flugplatz,1977,365,92,49,0,0,29.8,true
112,Wiener Neustadt Flugplatz,1978,365,92,33,2,0,31.2,true
112,Wiener Neustadt Flugplatz,1979,365,92,49,2,0,30.3,true
112,Wiener Neustadt Flugplatz,1980,91,0,0,0,0,18.4,false
112,Wiener Neustadt Flugplatz,1982,365,92,70,9,0,31.9,true
112,Wiener Neustadt Flugplatz,1983,365,92,80,27,3,36.9,true
112,Wiener Neustadt Flugplatz,1984,366,92,41,9,0,33.5,true
112,Wiener Neustadt Flugplatz,1985,365,92,56,6,0,33.4,true
112,Wiener Neustadt Flugplatz,1986,365,92,63,10,0,32.0,true
112,Wiener Neustadt Flugplatz,1987,365,92,57,11,0,33.5,true
112,Wiener Neustadt Flugplatz,1988,366,92,56,18,3,35.8,true
112,Wiener Neustadt Flugplatz,1989,365,92,48,4,0,31.4,true
112,Wiener Neustadt Flugplatz,1990,365,92,56,15,0,33.0,true
112,Wiener Neustadt Flugplatz,1991,365,92,53,7,0,32.8,true
112,Wiener Neustadt Flugplatz,1992,366,92,79,28,10,37.4,true
112,Wiener Neustadt Flugplatz,1993,365,92,61,13,0,33.8,true
112,Wiener Neustadt Flugplatz,1994,365,92,76,29,1,35.4,true
112,Wiener Neustadt Flugplatz,1995,365,92,62,17,0,34.6,true
112,Wiener Neustadt Flugplatz,1996,366,92,48,7,0,31.6,true
112,Wiener Neustadt Flugplatz,1997,365,92,66,5,0,30.5,true
112,Wiener Neustadt Flugplatz,1998,365,92,61,21,1,35.5,true
112,Wiener Neustadt Flugplatz,1999,365,92,55,8,1,35.7,true
112,Wiener Neustadt Flugplatz,2000,366,92,72,24,1,36.6,true
112,Wiener Neustadt Flugplatz,2001,365,92,65,21,0,34.5,true
112,Wiener Neustadt Flugplatz,2002,365,92,72,15,0,33.8,true
112,Wiener Neustadt Flugplatz,2003,365,92,98,40,3,37.8,true
112,Wiener Neustadt Flugplatz,2004,366,92,52,8,0,31.8,true
112,Wiener Neustadt Flugplatz,2005,365,92,61,11,0,34.8,true
112,Wiener Neustadt Flugplatz,2006,365,92,61,22,0,34.7,true
112,Wiener Neustadt Flugplatz,2007,365,92,80,28,5,38.1,true
112,Wiener Neustadt Flugplatz,2008,366,92,74,11,0,33.1,true
112,Wiener Neustadt Flugplatz,2009,365,92,74,13,0,34.7,true
112,Wiener Neustadt Flugplatz,2010,365,92,57,18,2,35.3,true
112,Wiener Neustadt Flugplatz,2011,365,92,78,17,2,36.0,true
112,Wiener Neustadt Flugplatz,2012,366,92,84,33,6,37.4,true
112,Wiener Neustadt Flugplatz,2013,365,92,70,27,8,39.1,true
112,Wiener Neustadt Flugplatz,2014,365,92,55,10,0,33.8,true
112,Wiener Neustadt Flugplatz,2015,365,92,77,42,13,36.9,true
112,Wiener Neustadt Flugplatz,2016,366,92,81,14,0,34.5,true
112,Wiener Neustadt Flugplatz,2017,365,92,82,35,2,37.9,true
112,Wiener Neustadt Flugplatz,2018,365,92,99,25,0,34.9,true
112,Wiener Neustadt Flugplatz,2019,365,92,84,36,3,35.9,true
112,Wiener Neustadt Flugplatz,2020,366,92,77,19,1,35.1,true
112,Wiener Neustadt Flugplatz,2021,365,92,84,25,1,36.0,true
112,Wiener Neustadt Flugplatz,2022,365,92,89,33,4,36.1,true
112,Wiener Neustadt Flugplatz,2023,365,92,89,32,2,35.4,true
112,Wiener Neustadt Flugplatz,2024,366,92,103,50,5,36.1,true
112,Wiener Neustadt Flugplatz,2025,365,92,83,30,1,36.0,true
112,Wiener Neustadt Flugplatz,2026,242,91,93,46,14,39.4,true
111,Wolfsegg,1951,51,0,0,0,0,13.0,false
111,Wolfsegg,1952,305,92,31,6,0,33.1,true
111,Wolfsegg,1953,304,92,28,1,0,30.3,true
111,Wolfsegg,1954,365,92,17,0,0,27.8,true
111,Wolfsegg,1955,353,92,8,0,0,28.3,true
111,Wolfsegg,1956,335,62,10,0,0,26.2,false
111,Wolfsegg,1957,365,92,22,5,0,34.0,true
111,Wolfsegg,1958,356,83,27,2,0,31.0,false
111,Wolfsegg,1959,364,92,27,1,0,30.5,true
111,Wolfsegg,1960,356,92,16,0,0,28.0,true
111,Wolfsegg,1961,274,92,23,0,0,29.5,true
111,Wolfsegg,1962,276,92,36,3,0,30.4,true
111,Wolfsegg,1963,365,92,33,5,0,31.0,true
111,Wolfsegg,1964,366,92,39,3,0,31.0,true
111,Wolfsegg,1965,365,92,21,2,0,30.4,true
111,Wolfsegg,1966,365,92,28,0,0,29.0,true
111,Wolfsegg,1967,365,92,45,7,0,31.5,true
111,Wolfsegg,1968,366,92,36,2,0,30.4,true
111,Wolfsegg,1969,334,92,34,4,0,31.4,true
111,Wolfsegg,1970,365,92,39,1,0,30.1,true
111,Wolfsegg,1971,332,92,50,5,0,33.4,true
111,Wolfsegg,1972,366,92,32,4,0,30.9,true
111,Wolfsegg,1973,364,92,46,2,0,30.3,true
111,Wolfsegg,1974,356,91,30,3,0,32.4,false
111,Wolfsegg,1975,304,92,46,0,0,29.0,true
111,Wolfsegg,1976,366,92,25,3,0,31.3,true
111,Wolfsegg,1977,365,92,14,0,0,27.0,true
111,Wolfsegg,1978,364,91,10,0,0,29.6,false
111,Wolfsegg,1979,364,92,22,0,0,28.3,true
111,Wolfsegg,1980,366,92,9,0,0,29.5,true
111,Wolfsegg,1981,365,92,24,0,0,29.9,true
111,Wolfsegg,1982,365,92,19,0,0,28.1,true
111,Wolfsegg,1983,365,92,49,7,0,34.7,true
111,Wolfsegg,1984,366,92,12,1,0,31.8,true
111,Wolfsegg,1985,365,92,26,1,0,30.4,true
111,Wolfsegg,1986,365,92,33,2,0,31.4,true
111,Wolfsegg,1987,365,92,21,0,0,29.2,true
111,Wolfsegg,1988,366,92,26,2,0,32.6,true
111,Wolfsegg,1989,365,92,16,0,0,29.7,true
111,Wolfsegg,1990,365,92,29,1,0,30.7,true
111,Wolfsegg,1991,365,92,19,3,0,30.6,true
111,Wolfsegg,1992,366,92,38,14,0,34.2,true
111,Wolfsegg,1993,365,92,28,1,0,30.2,true
111,Wolfsegg,1994,365,92,53,18,0,33.1,true
111,Wolfsegg,1995,365,92,29,2,0,31.7,true
111,Wolfsegg,1996,366,92,14,0,0,28.2,true
111,Wolfsegg,1997,365,92,20,0,0,29.9,true
111,Wolfsegg,1998,365,92,31,4,0,32.1,true
111,Wolfsegg,1999,365,92,12,1,0,30.6,true
111,Wolfsegg,2000,366,92,28,1,0,30.0,true
111,Wolfsegg,2001,365,92,25,0,0,29.1,true
111,Wolfsegg,2002,365,92,24,1,0,30.6,true
111,Wolfsegg,2003,365,92,58,10,0,34.2,true
111,Wolfsegg,2004,366,92,20,0,0,27.5,true
111,Wolfsegg,2005,365,92,22,2,0,30.4,true
111,Wolfsegg,2006,365,92,35,4,0,31.6,true
111,Wolfsegg,2007,365,92,28,2,0,31.6,true
111,Wolfsegg,2008,366,92,29,0,0,28.8,true
111,Wolfsegg,2009,365,92,22,1,0,32.0,true
111,Wolfsegg,2010,365,92,29,0,0,29.8,true
111,Wolfsegg,2011,365,92,29,3,0,32.3,true
111,Wolfsegg,2012,366,92,36,1,0,31.6,true
111,Wolfsegg,2013,365,92,33,10,0,33.3,true
111,Wolfsegg,2014,365,92,20,1,0,30.5,true
111,Wolfsegg,2015,365,92,51,22,0,33.9,true
111,Wolfsegg,2016,366,92,34,2,0,30.4,true
111,Wolfsegg,2017,365,92,48,7,0,31.7,true
111,Wolfsegg,2018,365,92,53,11,0,32.5,true
111,Wolfsegg,2019,365,92,49,9,0,33.0,true
111,Wolfsegg,2020,366,92,29,3,0,30.7,true
111,Wolfsegg,2021,365,92,24,0,0,29.6,true
111,Wolfsegg,2022,365,92,41,4,0,32.4,true
111,Wolfsegg,2023,365,92,41,5,0,32.3,true
111,Wolfsegg,2024,366,92,54,3,0,30.5,true
111,Wolfsegg,2025,365,92,40,5,0,30.8,true
111,Wolfsegg,2026,242,91,62,20,4,35.3,true
202,Wörterberg,1939,181,30,6,0,0,27.2,false
202,Wörterberg,1940,31,0,0,0,0,6.0,false
202,Wörterberg,1941,108,0,3,0,0,26.0,false
202,Wörterberg,1942,365,92,50,5,0,30.8,true
202,Wörterberg,1943,365,92,54,7,0,33.1,true
202,Wörterberg,1944,366,92,48,2,0,30.7,true
202,Wörterberg,1945,175,0,0,0,0,22.0,false
202,Wörterberg,1946,365,92,76,16,0,32.9,true
202,Wörterberg,1947,365,92,89,22,0,32.9,true
202,Wörterberg,1948,366,92,61,2,0,30.7,true
202,Wörterberg,1949,365,92,43,5,0,32.2,true
202,Wörterberg,1950,365,92,75,20,4,37.5,true
202,Wörterberg,1951,365,92,57,0,0,29.8,true
202,Wörterberg,1952,366,92,61,20,1,36.3,true
202,Wörterberg,1953,365,92,48,0,0,29.9,true
202,Wörterberg,1954,365,92,42,0,0,28.8,true
202,Wörterberg,1955,365,92,33,0,0,29.7,true
202,Wörterberg,1956,366,92,38,0,0,29.8,true
202,Wörterberg,1957,365,92,39,8,2,36.0,true
202,Wörterberg,1958,365,92,50,6,0,31.3,true
202,Wörterberg,1959,365,92,39,1,0,30.5,true
202,Wörterberg,1960,366,92,33,0,0,29.5,true
202,Wörterberg,1961,365,92,49,6,0,33.3,true
202,Wörterberg,1962,365,92,44,4,0,33.0,true
202,Wörterberg,1963,365,92,48,7,0,32.1,true
202,Wörterberg,1964,366,92,51,2,0,30.3,true
202,Wörterberg,1965,365,92,28,2,0,31.8,true
202,Wörterberg,1966,365,92,26,0,0,29.5,true
202,Wörterberg,1967,365,92,50,5,0,31.4,true
202,Wörterberg,1968,366,92,41,4,0,34.8,true
202,Wörterberg,1969,365,92,44,3,0,33.8,true
202,Wörterberg,1970,365,92,46,1,0,31.3,true
202,Wörterberg,1971,365,92,61,10,0,33.3,true
202,Wörterberg,1972,366,92,37,2,0,30.8,true
202,Wörterberg,1973,365,92,53,6,0,31.8,true
202,Wörterberg,1974,365,92,38,9,0,32.5,true
202,Wörterberg,1975,365,92,55,0,0,29.6,true
202,Wörterberg,1976,366,92,37,8,0,32.6,true
202,Wörterberg,1977,365,92,43,1,0,30.2,true
202,Wörterberg,1978,365,92,20,0,0,29.3,true
202,Wörterberg,1979,365,92,32,0,0,29.3,true
202,Wörterberg,1980,366,92,20,1,0,30.3,true
202,Wörterberg,1981,365,92,39,2,0,31.0,true
202,Wörterberg,1982,365,92,36,1,0,30.3,true
202,Wörterberg,1983,365,92,58,8,0,34.3,true
202,Wörterberg,1984,366,92,23,1,0,30.8,true
202,Wörterberg,1985,365,92,41,1,0,30.8,true
202,Wörterberg,1986,365,92,44,0,0,29.9,true
202,Wörterberg,1987,365,92,40,1,0,30.3,true
202,Wörterberg,1988,366,92,40,13,0,32.0,true
202,Wörterberg,1989,365,92,33,0,0,29.6,true
202,Wörterberg,1990,365,92,39,2,0,30.4,true
202,Wörterberg,1991,365,92,31,2,0,31.5,true
202,Wörterberg,1992,366,92,69,22,4,35.5,true
202,Wörterberg,1993,365,92,58,12,0,33.8,true
202,Wörterberg,1994,365,92,65,20,0,33.0,true
202,Wörterberg,1995,365,92,58,3,0,30.5,true
202,Wörterberg,1996,366,92,44,3,0,31.5,true
202,Wörterberg,1997,365,92,60,1,0,30.5,true
202,Wörterberg,1998,365,92,50,14,0,31.8,true
202,Wörterberg,1999,365,92,48,5,0,31.6,true
202,Wörterberg,2000,366,92,70,22,1,35.5,true
202,Wörterberg,2001,350,92,70,17,0,33.0,true
202,Wörterberg,2002,365,92,66,12,0,34.5,true
202,Wörterberg,2003,365,92,95,39,1,37.0,true
202,Wörterberg,2004,353,79,47,6,0,31.5,false
202,Wörterberg,2005,365,92,56,6,0,32.0,true
202,Wörterberg,2006,365,92,50,19,0,33.0,true
202,Wörterberg,2007,350,92,69,16,2,36.0,true
202,Wörterberg,2008,366,92,66,2,0,31.8,true
202,Wörterberg,2009,365,92,57,7,0,32.1,true
202,Wörterberg,2010,365,92,52,12,0,32.8,true
202,Wörterberg,2011,365,92,70,10,0,32.1,true
202,Wörterberg,2012,366,92,74,22,0,33.8,true
202,Wörterberg,2013,365,92,61,21,3,36.8,true
202,Wörterberg,2014,365,92,44,4,0,33.4,true
202,Wörterberg,2015,365,92,68,27,0,34.9,true
202,Wörterberg,2016,366,92,71,4,0,31.3,true
202,Wörterberg,2017,365,92,68,17,0,34.9,true
202,Wörterberg,2018,365,92,89,13,0,31.8,true
202,Wörterberg,2019,365,92,78,17,1,35.0,true
202,Wörterberg,2020,366,92,57,4,0,31.6,true
202,Wörterberg,2021,365,92,70,14,0,32.6,true
202,Wörterberg,2022,365,92,77,19,0,33.7,true
202,Wörterberg,2023,365,92,71,15,0,32.4,true
202,Wörterberg,2024,366,92,84,32,0,32.9,true
202,Wörterberg,2025,365,92,72,16,0,34.6,true
202,Wörterberg,2026,242,91,80,37,4,36.6,true
115,Zeltweg,1962,92,0,0,0,0,22.4,false
115,Zeltweg,1963,365,92,36,1,0,31.2,true
115,Zeltweg,1964,366,92,39,1,0,30.1,true
115,Zeltweg,1965,365,92,22,4,0,31.6,true
115,Zeltweg,1966,365,92,27,2,0,30.8,true
115,Zeltweg,1967,365,92,38,4,0,31.2,true
115,Zeltweg,1968,366,92,26,3,0,33.0,true
115,Zeltweg,1969,365,92,40,3,0,31.3,true
115,Zeltweg,1970,365,92,41,1,0,30.5,true
115,Zeltweg,1971,365,92,42,1,0,32.0,true
115,Zeltweg,1972,366,92,25,6,0,32.2,true
115,Zeltweg,1973,365,92,41,4,0,31.2,true
115,Zeltweg,1974,365,92,29,4,0,32.0,true
115,Zeltweg,1975,365,92,29,0,0,29.2,true
115,Zeltweg,1976,366,92,31,4,0,33.2,true
115,Zeltweg,1977,365,92,29,0,0,29.6,true
115,Zeltweg,1978,365,92,26,0,0,29.4,true
115,Zeltweg,1979,365,92,40,0,0,29.6,true
115,Zeltweg,1980,366,92,26,3,0,32.0,true
115,Zeltweg,1981,365,92,39,6,0,32.6,true
115,Zeltweg,1982,365,92,45,0,0,29.7,true
115,Zeltweg,1983,365,92,47,9,1,36.2,true
115,Zeltweg,1984,366,92,24,5,0,34.9,true
115,Zeltweg,1985,365,92,43,3,0,30.2,true
115,Zeltweg,1986,365,92,48,2,0,30.7,true
115,Zeltweg,1987,365,92,46,2,0,30.3,true
115,Zeltweg,1988,366,92,36,9,0,32.1,true
115,Zeltweg,1989,365,92,31,0,0,29.1,true
115,Zeltweg,1990,365,92,41,2,0,31.8,true
115,Zeltweg,1991,365,92,37,2,0,32.4,true
115,Zeltweg,1992,366,92,46,18,0,33.0,true
115,Zeltweg,1993,365,92,47,3,0,30.5,true
115,Zeltweg,1994,365,92,59,12,0,32.3,true
115,Zeltweg,1995,365,92,39,3,0,31.7,true
115,Zeltweg,1996,366,92,32,4,0,31.3,true
115,Zeltweg,1997,365,92,38,0,0,28.6,true
115,Zeltweg,1998,365,92,50,13,0,32.2,true
115,Zeltweg,1999,365,92,38,4,0,31.4,true
115,Zeltweg,2000,366,92,54,8,0,33.2,true
115,Zeltweg,2001,365,92,52,9,0,31.7,true
115,Zeltweg,2002,365,92,45,11,0,33.3,true
115,Zeltweg,2003,365,92,90,38,1,35.3,true
115,Zeltweg,2004,366,92,44,3,0,30.8,true
115,Zeltweg,2005,365,92,48,8,0,32.8,true
115,Zeltweg,2006,365,92,48,10,0,32.9,true
115,Zeltweg,2007,365,92,53,11,0,34.4,true
115,Zeltweg,2008,366,92,59,5,0,32.1,true
115,Zeltweg,2009,365,92,51,9,0,32.0,true
115,Zeltweg,2010,365,92,53,14,0,34.3,true
115,Zeltweg,2011,365,92,57,12,0,33.2,true
115,Zeltweg,2012,366,92,61,14,0,33.6,true
115,Zeltweg,2013,365,92,63,23,7,36.7,true
115,Zeltweg,2014,365,92,35,5,0,32.8,true
115,Zeltweg,2015,365,92,60,24,0,34.5,true
115,Zeltweg,2016,366,92,58,4,0,31.4,true
115,Zeltweg,2017,365,92,65,14,0,32.9,true
115,Zeltweg,2018,365,92,66,6,0,31.4,true
115,Zeltweg,2019,365,92,69,15,0,34.6,true
115,Zeltweg,2020,366,92,47,6,0,32.0,true
115,Zeltweg,2021,365,92,62,14,0,32.6,true
115,Zeltweg,2022,365,92,72,16,0,33.5,true
115,Zeltweg,2023,365,92,64,15,0,33.6,true
115,Zeltweg,2024,366,92,77,25,0,33.5,true
115,Zeltweg,2025,365,92,69,18,0,34.1,true
115,Zeltweg,2026,242,91,79,37,0,34.9,true
